{"type":"FeatureCollection","crs":{"type":"name","properties":{"name":"EPSG:4326"}},"features":[{"type":"Feature","id":1,"geometry":{"type":"Polygon","coordinates":[[[7.39065307318083,4.43647763473513],[7.38502934622738,4.47910104897426],[7.38576585231226,4.4793870037073],[7.3868663751831,4.4801640503307],[7.38741427364988,4.48035272180073],[7.38883346679108,4.48068726420593],[7.38959013387762,4.48096538224667],[7.39026698073661,4.48130504988819],[7.39036760498101,4.48232688118065],[7.39088509916803,4.48295978716448],[7.39181522209486,4.48309291200832],[7.39290567435745,4.48293927542727],[7.39433804436533,4.48340749396073],[7.39507197209389,4.48381697777137],[7.39568881708527,4.48391960840326],[7.39588592239744,4.48417089517073],[7.39646014402047,4.48404287667745],[7.39676125682661,4.4840929113588],[7.39687472428915,4.48366735216661],[7.39933975972218,4.48452874440608],[7.40113750359296,4.48480624101524],[7.40550982301994,4.48594684756898],[7.4053925127543,4.4874696363147],[7.40473116840872,4.4888144627173],[7.40471104427934,4.48932544671203],[7.40881398797524,4.48756593841739],[7.40877829658115,4.47860726631234],[7.40911237223821,4.47634439937457],[7.40911237223821,4.47274665433468],[7.40894105138847,4.47189004828715],[7.4086555157395,4.46903469539495],[7.4086555157395,4.46720726940003],[7.40888394443851,4.46583669900451],[7.40894105138847,4.45824146027525],[7.4086555157395,4.45590006993234],[7.40849894736857,4.44884734812666],[7.40814202803222,4.44545661622988],[7.40814202803222,4.44188742466497],[7.40778510959518,4.43766388098339],[7.40736000006399,4.43625000013742],[7.40667202139673,4.43362494473547],[7.39065307318083,4.43647763473513]]]},"properties":{"FID":1,"globalid":"564c8211-f688-4091-b45e-a2862ddcfb54","uniq_id":499246,"timestamp":1598832000000,"editor":"najib.adam","wardname":"Ikuru","wardcode":"RVSNDN06","lganame":"Andoni","lgacode":"33005","statename":"Rivers","statecode":"RI","amapcode":"NIE RVS NDN","status":"Operational Placeholder","source":"INEC","urban":"No","Shape__Area":0.0010239987478080081,"Shape__Length":0.14468376498949542}},{"type":"Feature","id":2,"geometry":{"type":"Polygon","coordinates":[[[6.71865517339756,4.61093006776844],[6.71476831970222,4.62049929230852],[6.71546491927063,4.62950786419663],[6.71785889836951,4.63781249355179],[6.71886898541538,4.64130554671368],[6.71576326576218,4.64708600301668],[6.71973479872202,4.69693129704177],[6.74189397972344,4.67671891444638],[6.74383767277044,4.66970122483173],[6.76341674288841,4.66488202058883],[6.78660122476674,4.66694458782251],[6.78692649066505,4.6656258525511],[6.81415259506628,4.64530714490888],[6.75707160137335,4.62316954044201],[6.75406259211496,4.62252891197977],[6.7508111103445,4.62188539489512],[6.74810360419804,4.61903871326604],[6.74436183183315,4.61424406860891],[6.73974068888174,4.6137201496652],[6.73255283944201,4.61715202014966],[6.72831167264565,4.6163931650126],[6.72445604610971,4.61270519638776],[6.71865517339756,4.61093006776844]]]},"properties":{"FID":2,"globalid":"a3a0fa0f-b22c-4085-9bdb-1e1c3473d79a","uniq_id":499247,"timestamp":1552694400000,"editor":"oluseye.abraham","wardname":"Aktward 17","wardcode":"RVSABM17","lganame":"Akuku Toru","lgacode":"33004","statename":"Rivers","statecode":"RI","amapcode":"NIE RVS ABM","status":"Operational Placeholder","source":"INEC","urban":"No","Shape__Area":0.004084905555943763,"Shape__Length":0.31020403162755389}},{"type":"Feature","id":3,"geometry":{"type":"Polygon","coordinates":[[[6.82082539107898,4.63791940675526],[6.83813756169917,4.61875235923407],[6.8404218441928,4.6024768461296],[6.81415259506628,4.57820634294842],[6.81329133322851,4.56294971585675],[6.81215384732224,4.5427999638473],[6.77776632995221,4.5140781816628],[6.76280968162155,4.52369168432381],[6.7512179852219,4.5311936372766],[6.7226324836023,4.55071627673482],[6.72665565203675,4.55666501507841],[6.7320699475701,4.57228969421408],[6.73171142744047,4.58467625010888],[6.72859080242364,4.59369085914591],[6.72661118325954,4.60385522983506],[6.7265910501369,4.60865325234579],[6.72445604610971,4.61270519638776],[6.72831167264565,4.6163931650126],[6.73255283944201,4.61715202014966],[6.73974068888174,4.6137201496652],[6.74436183183315,4.61424406860891],[6.74810360419804,4.61903871326604],[6.7508111103445,4.62188539489512],[6.75406259211496,4.62252891197977],[6.75707160137335,4.62316954044201],[6.81415259506628,4.64530714490888],[6.82082539107898,4.63791940675526]]]},"properties":{"FID":3,"globalid":"d89b1914-78a0-4003-9bb0-8f3ab6c83517","uniq_id":499249,"timestamp":1552694400000,"editor":"oluseye.abraham","wardname":"Aktward 1","wardcode":"RVSABM01","lganame":"Akuku Toru","lgacode":"33004","statename":"Rivers","statecode":"RI","amapcode":"NIE RVS ABM","status":"Operational Placeholder","source":"INEC","urban":"No","Shape__Area":0.0094861651777389255,"Shape__Length":0.39972071021445188}},{"type":"Feature","id":12,"geometry":{"type":"Polygon","coordinates":[[[7.32313569535609,4.43350375029786],[7.32723959593068,4.42095379658048],[7.32855661439629,4.41678048003519],[7.32092893622149,4.41403339922203],[7.30805492439532,4.40888881666558],[7.2966717484025,4.40606115659716],[7.27850341060395,4.39921343974851],[7.25382672322473,4.39288193285495],[7.23349821926746,4.42881919524973],[7.23249481058707,4.43460473182296],[7.2415650256055,4.44369831212742],[7.26025654310502,4.44062665969261],[7.26870473483569,4.44374813996473],[7.26879282522873,4.44919846503717],[7.26992407523591,4.45784298056913],[7.28022021728924,4.45036376337703],[7.28747366237968,4.44368697167647],[7.30333495314562,4.45181313326952],[7.30818991083578,4.46073602944426],[7.31259990286327,4.47299722793974],[7.33116612231873,4.47359156020241],[7.32935815675359,4.45456153878405],[7.32459704241961,4.43946765660712],[7.32313569535609,4.43350375029786]]]},"properties":{"FID":12,"globalid":"693b931f-ca5c-42cb-8bf3-97114f41d269","uniq_id":499265,"timestamp":1552694400000,"editor":"oluseye.abraham","wardname":"Boward 9","wardcode":"RVSBNY09","lganame":"Bonny","lgacode":"33007","statename":"Rivers","statecode":"RI","amapcode":"NIE RVS BNY","status":"Operational Placeholder","source":"INEC","urban":"No","Shape__Area":0.0043393055747387166,"Shape__Length":0.321547740076812}},{"type":"Feature","id":13,"geometry":{"type":"Polygon","coordinates":[[[6.96705664774612,4.40175934941448],[6.95664962917709,4.40114506479296],[6.95390496574163,4.40884458890667],[6.95118550670583,4.41053175303801],[6.94786784742325,4.40847633631392],[6.94020559121509,4.40894123005376],[6.93479073180686,4.4113259596254],[6.93418716890278,4.41448395596984],[6.93834252238952,4.42002429598455],[6.93733378432671,4.42285776657269],[6.93383185215828,4.42384790395766],[6.92934967334878,4.42076391732098],[6.92413248402698,4.43040235728301],[6.92452548955976,4.43623125916531],[6.91195985256519,4.44738127062919],[6.911894266807,4.45745819573921],[6.9095961086735,4.46441622163138],[6.9083346539212,4.50660483344637],[6.93554073131975,4.52736386894742],[6.93908763498644,4.52207066892629],[6.9358623315814,4.51835962999297],[6.93751570728409,4.51351013838223],[6.93907125473464,4.51195372128728],[6.94115566110491,4.51163008406115],[6.94358416697577,4.50693188090162],[6.94172698960892,4.50536833578013],[6.93521882528859,4.5055212070381],[6.93324032128385,4.50688973597261],[6.93088059016713,4.50731276267391],[6.93083702970523,4.50472361899989],[6.93357926227316,4.49739570195015],[6.93699432982453,4.49576972859018],[6.93707385237644,4.49179220614542],[6.93879701457064,4.49083931328374],[6.94180174575399,4.49344101329217],[6.94427945083606,4.4974773675865],[6.9466070599679,4.49843011116076],[6.94919733678773,4.49573671537718],[6.94996122992688,4.49236211821722],[6.94536105376966,4.48775999772579],[6.94359817301734,4.48362734672475],[6.94591911637417,4.48224720844195],[6.95228669777293,4.48276974422834],[6.95586371074171,4.4814158796392],[6.95662388788219,4.47558446415172],[6.95657580472965,4.47095815189726],[6.95389664431474,4.46878928659635],[6.95049706129038,4.4664109143323],[6.95031813487407,4.46342622184272],[6.9538372072214,4.46178850513547],[6.95724704341637,4.45609923918857],[6.9611402067552,4.42770390191362],[6.95791975609194,4.42242423309193],[6.95803017485275,4.41689679205336],[6.96106807573113,4.41453645029696],[6.96630646207359,4.4072627641653],[6.96705664774612,4.40175934941448]]]},"properties":{"FID":13,"globalid":"185f4b68-b97f-44b1-a299-b151368c8502","uniq_id":499268,"timestamp":1552694400000,"editor":"oluseye.abraham","wardname":"Deward 3","wardcode":"RVSDEG03","lganame":"Degema","lgacode":"33008","statename":"Rivers","statecode":"RI","amapcode":"NIE RVS DEG","status":"Operational Placeholder","source":"INEC","urban":"No","Shape__Area":0.00403132892564706,"Shape__Length":0.38153666444763867}},{"type":"Feature","id":14,"geometry":{"type":"Polygon","coordinates":[[[6.9548525004426,4.37352917892849],[6.8581778140549,4.39823995690853],[6.84203878296353,4.426442999345],[6.8552951289671,4.44839576615175],[6.86214543226595,4.44910930984685],[6.86634752801604,4.4425695631349],[6.87217941384893,4.44058681882666],[6.88074634936459,4.44451532102528],[6.88749908161736,4.4541327276433],[6.89788692304313,4.45885627369813],[6.9095961086735,4.46441622163138],[6.911894266807,4.45745819573921],[6.91195985256519,4.44738127062919],[6.92452548955976,4.43623125916531],[6.92413248402698,4.43040235728301],[6.92934967334878,4.42076391732098],[6.93383185215828,4.42384790395766],[6.93733378432671,4.42285776657269],[6.93834252238952,4.42002429598455],[6.93418716890278,4.41448395596984],[6.93479073180686,4.4113259596254],[6.94020559121509,4.40894123005376],[6.94786784742325,4.40847633631392],[6.95118550670583,4.41053175303801],[6.95390496574163,4.40884458890667],[6.95664962917709,4.40114506479296],[6.96705664774612,4.40175934941448],[6.97066773872518,4.38596243571789],[6.97510667363412,4.37533697092454],[6.95747195936349,4.37300528066919],[6.9548525004426,4.37352917892849]]]},"properties":{"FID":14,"globalid":"c23afdc1-2776-446a-936f-5ef349faf152","uniq_id":499269,"timestamp":1552694400000,"editor":"oluseye.abraham","wardname":"Deward 1","wardcode":"RVSDEG01","lganame":"Degema","lgacode":"33008","statename":"Rivers","statecode":"RI","amapcode":"NIE RVS DEG","status":"Operational Placeholder","source":"INEC","urban":"No","Shape__Area":0.0059911198808997312,"Shape__Length":0.38500116786687821}},{"type":"Feature","id":15,"geometry":{"type":"Polygon","coordinates":[[[6.94591911637417,4.48224720844195],[6.94359817301734,4.48362734672475],[6.94536105376966,4.48775999772579],[6.94996122992688,4.49236211821722],[6.94919733678773,4.49573671537718],[6.9466070599679,4.49843011116076],[6.94427945083606,4.4974773675865],[6.94180174575399,4.49344101329217],[6.93879701457064,4.49083931328374],[6.93707385237644,4.49179220614542],[6.93699432982453,4.49576972859018],[6.93357926227316,4.49739570195015],[6.93083702970523,4.50472361899989],[6.93088059016713,4.50731276267391],[6.93324032128385,4.50688973597261],[6.93521882528859,4.5055212070381],[6.94172698960892,4.50536833578013],[6.94358416697577,4.50693188090162],[6.94115566110491,4.51163008406115],[6.93907125473464,4.51195372128728],[6.93751570728409,4.51351013838223],[6.9358623315814,4.51835962999297],[6.93908763498644,4.52207066892629],[6.94406118897274,4.5253826148159],[6.94775519564581,4.5273505481893],[6.94985623587661,4.52759881413402],[6.95039586507716,4.5253988430822],[6.95156781210488,4.52466142328609],[6.95017119734291,4.52205563406034],[6.95267236933444,4.51909349836632],[6.95531331665626,4.51457846372517],[6.95829862068484,4.51815042340337],[6.95956102871855,4.52029095466389],[6.96079591120241,4.51946845990153],[6.96304987665053,4.5165293900194],[6.96581824171852,4.51326640412128],[6.97745854287751,4.50837029795093],[6.97557658918828,4.50330786666478],[6.97925352133296,4.48790137834601],[6.98470632943361,4.47726983593424],[6.99128870401051,4.46958649062407],[6.99241138977385,4.46201993127488],[6.99178140568739,4.45165846516608],[6.99464391898175,4.43562998323716],[7.00086621580328,4.41864332492958],[7.01735251021023,4.40904092619786],[7.02305507623083,4.3944435120585],[7.02499961823781,4.38944435077622],[7.02472209914561,4.38416576383895],[7.022499084765,4.37944412344757],[7.0194435122084,4.37555503943355],[7.01111030599589,4.37055492397059],[7.00555515324777,4.36944389342102],[6.99861049667714,4.36972141341255],[6.99639701780819,4.36987011181628],[6.99052091860557,4.37026486293314],[6.97510667363412,4.37533697092454],[6.97066773872518,4.38596243571789],[6.96705664774612,4.40175934941448],[6.96630646207359,4.4072627641653],[6.96106807573113,4.41453645029696],[6.95803017485275,4.41689679205336],[6.95791975609194,4.42242423309193],[6.9611402067552,4.42770390191362],[6.95724704341637,4.45609923918857],[6.9538372072214,4.46178850513547],[6.95031813487407,4.46342622184272],[6.95049706129038,4.4664109143323],[6.95389664431474,4.46878928659635],[6.95657580472965,4.47095815189726],[6.95662388788219,4.47558446415172],[6.95586371074171,4.4814158796392],[6.95228669777293,4.48276974422834],[6.94591911637417,4.48224720844195]]]},"properties":{"FID":15,"globalid":"db2c7019-8452-4231-b907-ab6313130f0a","uniq_id":499270,"timestamp":1552694400000,"editor":"oluseye.abraham","wardname":"Deward 4","wardcode":"RVSDEG04","lganame":"Degema","lgacode":"33008","statename":"Rivers","statecode":"RI","amapcode":"NIE RVS DEG","status":"Operational Placeholder","source":"INEC","urban":"No","Shape__Area":0.0059971338868507473,"Shape__Length":0.4690937088464685}},{"type":"Feature","id":16,"geometry":{"type":"Polygon","coordinates":[[[6.90724751476102,4.51329047807315],[6.9083346539212,4.50660483344637],[6.9095961086735,4.46441622163138],[6.89788692304313,4.45885627369813],[6.88749908161736,4.4541327276433],[6.88074634936459,4.44451532102528],[6.87217941384893,4.44058681882666],[6.86634752801604,4.4425695631349],[6.86214543226595,4.44910930984685],[6.8552951289671,4.44839576615175],[6.84203878296353,4.426442999345],[6.81687341837363,4.50212132184157],[6.81215384732224,4.5427999638473],[6.81329133322851,4.56294971585675],[6.81415259506628,4.57820634294842],[6.8404218441928,4.6024768461296],[6.85507246941899,4.60538893904834],[6.86842880834286,4.60735337495834],[6.86892323671805,4.60369838087564],[6.87059434795083,4.59687501497001],[6.87378446178354,4.58725583668758],[6.90724751476102,4.51329047807315]]]},"properties":{"FID":16,"globalid":"edaf758b-78d7-4282-b396-9bc56f483dc6","uniq_id":499271,"timestamp":1552694400000,"editor":"oluseye.abraham","wardname":"Deward 13","wardcode":"RVSDEG13","lganame":"Degema","lgacode":"33008","statename":"Rivers","statecode":"RI","amapcode":"NIE RVS DEG","status":"Operational Placeholder","source":"INEC","urban":"No","Shape__Area":0.011903137008967946,"Shape__Length":0.46339553121920946}},{"type":"Feature","id":17,"geometry":{"type":"Polygon","coordinates":[[[7.46552013434678,4.44387773856681],[7.4650002848353,4.44807498157519],[7.46491105500121,4.44991906481306],[7.46461362312027,4.45128725470312],[7.46461362312027,4.45298262065148],[7.46455413656417,4.45357748621205],[7.46453708361958,4.45796085021311],[7.46460846730696,4.46041169434426],[7.4647274404191,4.46088758679275],[7.46482261836917,4.46255320856375],[7.46470364525709,4.46321945871108],[7.46489400205661,4.4652895901425],[7.46477265023765,4.4680545233976],[7.4648868641375,4.46942509289374],[7.46473457833815,4.47068144759078],[7.46467747138826,4.47372715818187],[7.46469650733798,4.47507869262762],[7.4648868641375,4.4763160122742],[7.46492493513767,4.47705840442188],[7.46480199691467,4.47888305420963],[7.46484006791485,4.48107215785387],[7.46747737388176,4.48127937694176],[7.47243050426442,4.48192038401857],[7.47386212783499,4.48095355616175],[7.483560062447,4.48743199429117],[7.48887195937345,4.48568997331364],[7.49597490471814,4.48441874203138],[7.5012896264152,4.48324717361822],[7.50887190141714,4.48577955298401],[7.51234812376697,4.48562568797519],[7.51817202811668,4.48219243883005],[7.52689989641311,4.47915322404208],[7.55809964808032,4.47264360192077],[7.56392957788773,4.47047459542631],[7.56797699114526,4.47428973358438],[7.57171822571559,4.47823305661035],[7.57662104532506,4.4837650590103],[7.57761762815107,4.48705926936981],[7.57803272103331,4.49607500435803],[7.58317002627575,4.49325842033988],[7.5894350993504,4.48953019716095],[7.58598538721589,4.48230782994244],[7.58165452113928,4.47574175287963],[7.58215209534296,4.46998044584097],[7.58205738414102,4.46614176612962],[7.58330237770264,4.46129470268841],[7.58529684467368,4.46139697988679],[7.58974785657836,4.46275435363054],[7.59060826136221,4.4589227821607],[7.58708156995851,4.45316846015635],[7.5802509950874,4.45008085015115],[7.51857289642209,4.45132547229275],[7.48735436780987,4.44866047620008],[7.46552013434678,4.44387773856681]]]},"properties":{"FID":17,"globalid":"792e3ca1-b4a4-4663-bec1-63563c381ac2","uniq_id":499273,"timestamp":1552694400000,"editor":"oluseye.abraham","wardname":"Samaga","wardcode":"RVSNDN07","lganame":"Andoni","lgacode":"33005","statename":"Rivers","statecode":"RI","amapcode":"NIE RVS NDN","status":"Operational Placeholder","source":"INEC","urban":"No","Shape__Area":0.0037797541841868565,"Shape__Length":0.35688480270649436}},{"type":"Feature","id":18,"geometry":{"type":"Polygon","coordinates":[[[6.92329452092542,4.59325101422297],[6.98382424199519,4.61708100968087],[6.97538011160293,4.59720172787746],[6.9765986498079,4.58300978657246],[6.98156771887517,4.5326651367867],[6.98500384764952,4.51393731995142],[6.98298071658684,4.51156045674975],[6.97745854287751,4.50837029795093],[6.96581824171852,4.51326640412128],[6.96304987665053,4.5165293900194],[6.96079591120241,4.51946845990153],[6.95956102871855,4.52029095466389],[6.95829862068484,4.51815042340337],[6.95531331665626,4.51457846372517],[6.95267236933444,4.51909349836632],[6.95017119734291,4.52205563406034],[6.95156781210488,4.52466142328609],[6.95039586507716,4.5253988430822],[6.94985623587661,4.52759881413402],[6.94775519564581,4.5273505481893],[6.94406118897274,4.5253826148159],[6.93908763498644,4.52207066892629],[6.93554073131975,4.52736386894742],[6.93828749826946,4.54374480058215],[6.93938605612163,4.55371997189923],[6.93974607811907,4.55959036130616],[6.9218430978807,4.56811462578941],[6.91735883893932,4.57390341700915],[6.92350797411376,4.58383476166495],[6.92329452092542,4.59325101422297]]]},"properties":{"FID":18,"globalid":"2a4fe7a4-8426-470a-8b50-33ac03065701","uniq_id":499274,"timestamp":1552694400000,"editor":"oluseye.abraham","wardname":"Deward 6","wardcode":"RVSDEG06","lganame":"Degema","lgacode":"33008","statename":"Rivers","statecode":"RI","amapcode":"NIE RVS DEG","status":"Operational Placeholder","source":"INEC","urban":"No","Shape__Area":0.0042603479097724772,"Shape__Length":0.32439708544301904}},{"type":"Feature","id":33,"geometry":{"type":"MultiPolygon","coordinates":[[[[7.38502934622738,4.47910104897426],[7.39065307318083,4.43647763473513],[7.36733097884166,4.44202203339017],[7.34963111138671,4.44289308794572],[7.33992148019223,4.44258591101101],[7.33342266612317,4.4437158111358],[7.32459704241961,4.43946765660712],[7.32935815675359,4.45456153878405],[7.33116612231873,4.47359156020241],[7.33600303691065,4.48510669192035],[7.34139108033412,4.49293156174224],[7.34402565056337,4.49214758494315],[7.35064892810561,4.49191594836236],[7.34885837161659,4.48505220019894],[7.34530089911726,4.48126452913476],[7.34737400370733,4.47849599589352],[7.35122342402184,4.47857101374132],[7.3545393161366,4.48244401517923],[7.35723792529006,4.47840487838249],[7.35973160143232,4.47834886770613],[7.36009187344126,4.48128109464687],[7.35953140515028,4.48645947462512],[7.36194111698899,4.48666417381264],[7.36260942028855,4.48341155170181],[7.37020930941213,4.48174861710504],[7.37533336943949,4.48360221696879],[7.37658014455809,4.4855078677939],[7.37793809566665,4.48573100398272],[7.38069365079139,4.4850664040913],[7.38222067084735,4.48638410424309],[7.38334514626155,4.48653116588065],[7.38496060564751,4.48568482559426],[7.38794628289469,4.48523925738584],[7.39010505960084,4.48662270697241],[7.39444058506501,4.490485531682],[7.39944190561948,4.49169062772035],[7.40471104427934,4.48932544671203],[7.40473116840872,4.4888144627173],[7.4053925127543,4.4874696363147],[7.40550982301994,4.48594684756898],[7.40113750359296,4.48480624101524],[7.39933975972218,4.48452874440608],[7.39687472428915,4.48366735216661],[7.39676125682661,4.4840929113588],[7.39646014402047,4.48404287667745],[7.39588592239744,4.48417089517073],[7.39568881708527,4.48391960840326],[7.39507197209389,4.48381697777137],[7.39433804436533,4.48340749396073],[7.39290567435745,4.48293927542727],[7.39181522209486,4.48309291200832],[7.39088509916803,4.48295978716448],[7.39036760498101,4.48232688118065],[7.39026698073661,4.48130504988819],[7.38959013387762,4.48096538224667],[7.38883346679108,4.48068726420593],[7.38741427364988,4.48035272180073],[7.3868663751831,4.4801640503307],[7.38576585231226,4.4793870037073],[7.38502934622738,4.47910104897426]]],[[[7.28158416327858,4.55672850811419],[7.2820564836199,4.5600519896077],[7.29594155735703,4.57763357283119],[7.30207816317676,4.58657674691938],[7.30500003982002,4.59352919071961],[7.3369663241366,4.59742213282522],[7.34439439688396,4.59375945763293],[7.349327363567,4.5906515886],[7.34975641122946,4.59034540271819],[7.35028893128919,4.58301283977079],[7.34371441768627,4.5703819416733],[7.34355351818039,4.56438015322152],[7.33248547542439,4.55472808763119],[7.33586222735994,4.54257325465204],[7.33160762109486,4.53249101185077],[7.33192298096083,4.51723106716008],[7.33058591480818,4.50164225388693],[7.32713895819643,4.50473262930745],[7.30115524381949,4.50301941721239],[7.27632181180223,4.49561227258835],[7.26232243962892,4.5018772764152],[7.28158416327858,4.55672850811419]]]]},"properties":{"FID":33,"globalid":"21d3ceda-2ddb-44a6-8d5b-93092c70724b","uniq_id":499290,"timestamp":1552694400000,"editor":"oluseye.abraham","wardname":"Ataba 2","wardcode":"RVSNDN10","lganame":"Andoni","lgacode":"33005","statename":"Rivers","statecode":"RI","amapcode":"NIE RVS NDN","status":"Operational Placeholder","source":"INEC","urban":"No","Shape__Area":0.0079563661575576816,"Shape__Length":0.61458314478317944}},{"type":"Feature","id":72,"geometry":{"type":"Polygon","coordinates":[[[6.64777249830223,5.3449688482338],[6.64913707201833,5.34517136116943],[6.65047448800726,5.34599671937315],[6.65062950324904,5.34576886803887],[6.65069333263125,5.34531918633144],[6.65069333263125,5.34490516004513],[6.65073616284371,5.3446339011337],[6.65077899305612,5.34440547333395],[6.65080754743042,5.34419132137242],[6.65080754743042,5.34387723314785],[6.65086465438037,5.34359169659956],[6.65096459244205,5.34333471532489],[6.65103597523012,5.34314911773765],[6.65115018912996,5.34294924341287],[6.65125012629233,5.34274936818883],[6.65137861782898,5.34252094038914],[6.65145099976388,5.34236345201174],[6.65151623928307,5.34189594484201],[6.65157572583911,5.34159851206175],[6.65160546911716,5.34136056583748],[6.65172368320145,5.34093318911545],[6.65190290189747,5.34058724240737],[6.65199213173156,5.34020057889364],[6.65211110484364,5.33978417300125],[6.65217059139974,5.33915956506195],[6.65217059139974,5.33829700999905],[6.65220033467773,5.33776163099452],[6.65220033467773,5.33368680460239],[6.64650934203257,5.33393111802673],[6.64692831818741,5.33438015761823],[6.64723113071216,5.33475432325349],[6.64628861872484,5.33573105984061],[6.64613222931899,5.33617181757535],[6.64618835870584,5.33637075210856],[6.64630325968773,5.33677797862089],[6.64652419523549,5.33757006190888],[6.64453591470073,5.33818259375175],[6.64274655071279,5.33915709642292],[6.64417396725486,5.34152870578521],[6.64627992317997,5.34384376307924],[6.64677795873587,5.34426350815443],[6.64777249830223,5.3449688482338]]]},"properties":{"FID":72,"globalid":"84b61ad7-fd60-4779-a0bd-36940712dcad","uniq_id":499328,"timestamp":1582243200000,"editor":"najib.adam","wardname":"Usomili O / Omoku Town 4","wardcode":"RVSRGM06","lganame":"Ogba/Egbema/Ndoni","lgacode":"33016","statename":"Rivers","statecode":"RI","amapcode":"NIE RVS RGM","status":"Operational Placeholder","source":"INEC","urban":"Yes","Shape__Area":7.3003268294513646E-05,"Shape__Length":0.037521194718909336}},{"type":"Feature","id":73,"geometry":{"type":"Polygon","coordinates":[[[6.65047448800726,5.34599671937315],[6.65081365022985,5.34627245241182],[6.65109310106578,5.34639744288773],[6.65135758088769,5.34648425264618],[6.65152485298961,5.3464925461941],[6.65212170964924,5.34630651693226],[6.65260430114762,5.34617535171117],[6.6534221473143,5.34604110721136],[6.65360711807409,5.34595716898821],[6.65476300321006,5.34541092797201],[6.65385383808422,5.34344211865891],[6.65579869395464,5.3421147400033],[6.65355124319535,5.3410200195583],[6.65358693458938,5.34085583662761],[6.65364047302944,5.34069938696717],[6.65366426729213,5.34050903016765],[6.65199213173156,5.34020057889364],[6.65190290189747,5.34058724240737],[6.65172368320145,5.34093318911545],[6.65160546911716,5.34136056583748],[6.65157572583911,5.34159851206175],[6.65151623928307,5.34189594484201],[6.65145099976388,5.34236345201174],[6.65137861782898,5.34252094038914],[6.65125012629233,5.34274936818883],[6.65115018912996,5.34294924341287],[6.65103597523012,5.34314911773765],[6.65096459244205,5.34333471532489],[6.65086465438037,5.34359169659956],[6.65080754743042,5.34387723314785],[6.65080754743042,5.34419132137242],[6.65077899305612,5.34440547333395],[6.65073616284371,5.3446339011337],[6.65069333263125,5.34490516004513],[6.65069333263125,5.34531918633144],[6.65062950324904,5.34576886803887],[6.65047448800726,5.34599671937315]]]},"properties":{"FID":73,"globalid":"a0c024f2-6822-4604-a779-c3d2c7a72645","uniq_id":499329,"timestamp":1582243200000,"editor":"najib.adam","wardname":"Ahiahu / Omuku Town","wardcode":"RVSRGM02","lganame":"Ogba/Egbema/Ndoni","lgacode":"33016","statename":"Rivers","statecode":"RI","amapcode":"NIE RVS RGM","status":"Operational Placeholder","source":"INEC","urban":"Yes","Shape__Area":1.9179907493338533E-05,"Shape__Length":0.019954256238786203}},{"type":"Feature","id":637,"geometry":{"type":"Polygon","coordinates":[[[6.65268043775205,5.07681891556058],[6.65353872373316,5.07647422880268],[6.65391248917007,5.07625191459425],[6.65428894178126,5.07600112335319],[6.65568202130828,5.07534985501184],[6.65671718774809,5.07469741755182],[6.65746043515099,5.0742494175766],[6.65567299391358,5.07307995717434],[6.65470776595066,5.0729720430254],[6.65357272799906,5.07291925192197],[6.65305165181235,5.07291201327882],[6.6527892467264,5.0729298783113],[6.65241095590096,5.0730753751285],[6.65188843360437,5.07336036758693],[6.65198618811212,5.07456707700902],[6.65205908805649,5.07546697192328],[6.65229386237189,5.07637415224536],[6.65268043775205,5.07681891556058]]]},"properties":{"FID":637,"globalid":"4faaeb4b-5357-496d-b885-74cf3e14d79e","uniq_id":499867,"timestamp":1552694400000,"editor":"oluseye.abraham","wardname":"Aheward 2","wardcode":"RVSAHD02","lganame":"Ahoada East","lgacode":"33002","statename":"Rivers","statecode":"RI","amapcode":"NIE RVS AHD","status":"Operational Placeholder","source":"INEC","urban":"Yes","Shape__Area":1.359650122267908E-05,"Shape__Length":0.015109398386942002}},{"type":"Feature","id":638,"geometry":{"type":"Polygon","coordinates":[[[7.02537197263848,4.86537680739377],[7.02512701979617,4.87292883999402],[7.02378089207457,4.87811675818187],[7.02202348999214,4.88237303898461],[7.02305551779796,4.88408147388094],[7.02360046019311,4.88531032011525],[7.02407922327757,4.8864699212499],[7.02469439373135,4.88791263256201],[7.02541853773539,4.88950631126733],[7.02576097798681,4.8903211186248],[7.02633343424066,4.89191212094767],[7.0267467950286,4.89291917727826],[7.02713915484816,4.89377057804978],[7.02791197915457,4.89360187332784],[7.02829587275636,4.89356600926396],[7.02895677373618,4.89354274290332],[7.03081871121458,4.89345526584788],[7.03190120087976,4.89340098007125],[7.03424718406035,4.8937158336189],[7.03545035285157,4.89381342894666],[7.03570691234415,4.89394503933215],[7.03605385819907,4.89453710260523],[7.03638977836562,4.89477565767049],[7.03683088773533,4.89495423155262],[7.03736427024495,4.89507666705458],[7.03787156432128,4.89510392460647],[7.03836218766486,4.89511999908876],[7.03892336642025,4.89512849858141],[7.03917236801044,4.89526058111096],[7.03963274715363,4.89554196998597],[7.03980973103432,4.89577155521317],[7.04543532857758,4.88953062443881],[7.04730721975244,4.88741537312103],[7.04898720999182,4.88521316635462],[7.05010048075263,4.88336569357193],[7.05112128591867,4.8814617991228],[7.05186075526967,4.87969056726592],[7.05257188608374,4.87770967196383],[7.0528588462588,4.87658728027878],[7.05408003026923,4.8762735418905],[7.05459236504566,4.87681925860193],[7.05520085803323,4.8771607572632],[7.05463062580282,4.87825108002335],[7.05498718001439,4.87913246688987],[7.05537845615089,4.88019040056656],[7.05571881267309,4.88065799586985],[7.05589960967927,4.88089427115375],[7.05632397277316,4.88160602429861],[7.05766328902962,4.88343528760851],[7.05833963676486,4.88387555521274],[7.05949787182936,4.88124747718939],[7.06038705042209,4.87815484806782],[7.06026118130853,4.87806274579913],[7.05990541580235,4.87792746797834],[7.05961377915264,4.87771950874838],[7.06063237288572,4.87626200358864],[7.06018936594654,4.87486364144394],[7.05949105137097,4.87382756129296],[7.05816679156425,4.87241595842977],[7.05736900567513,4.870896576316],[7.05702700159492,4.868142737997],[7.05743186918545,4.86616243175087],[7.05872296019652,4.86458836456143],[7.05943561626071,4.86371951244558],[7.06176008226203,4.86102143389212],[7.06114056088825,4.86147216061175],[7.06082364339647,4.86164189415814],[7.06003480396311,4.86206523292418],[7.05977599076942,4.86220352886983],[7.05969629644699,4.862246112668],[7.05841210413536,4.86293637381465],[7.05708299518415,4.86362670420908],[7.05641295889097,4.86407550907751],[7.05515810156521,4.86463458881525],[7.05352853541365,4.86510131537347],[7.05244915920139,4.86533199597488],[7.05132885484284,4.86541389273702],[7.0500731719394,4.86536083993087],[7.04878415476497,4.86512321926119],[7.0457039416836,4.86433617037801],[7.04351905496048,4.86388333924475],[7.04259695218764,4.8637041906959],[7.03831939702258,4.862542324169],[7.03828095460244,4.86304344979544],[7.03790155221492,4.86325411598472],[7.03720044524442,4.86349006571402],[7.0369718996335,4.86356934814694],[7.03693508138895,4.86362308443785],[7.03726459298662,4.86435772712747],[7.03784760188535,4.86558191577285],[7.03820185203386,4.86638209026131],[7.03748106160174,4.86657320788726],[7.03733624467202,4.86653131207044],[7.03684572385112,4.8667928663977],[7.03558957869615,4.86739751928013],[7.03534172823822,4.86750720869077],[7.03555295920177,4.86863964220578],[7.03432121535184,4.86888367594094],[7.0341307182581,4.86875010413405],[7.03394287416438,4.86839374237735],[7.03322190296848,4.86851851971397],[7.03281753360233,4.86864372872515],[7.03281830522064,4.86874211995291],[7.0322815187771,4.86877540386183],[7.03142728064455,4.86867032437601],[7.03148685533415,4.86714160909804],[7.03129613161121,4.86714498155573],[7.03114348788171,4.8671841919969],[7.03081359407219,4.86718685668814],[7.02978471659145,4.86716152638337],[7.02925188806421,4.86712269725473],[7.02903473776297,4.86711633185325],[7.02837326031778,4.86714888821069],[7.02863635068707,4.86563758290816],[7.02840287229475,4.86575501638094],[7.02816737222651,4.86590153033143],[7.02800969589077,4.86591965976453],[7.02759783337336,4.86576419216379],[7.02689862487171,4.86553836880074],[7.02537197263848,4.86537680739377]]]},"properties":{"FID":638,"globalid":"f5168ada-25bb-4b43-b9b1-6136f3e6eb76","uniq_id":499868,"timestamp":1552694400000,"editor":"oluseye.abraham","wardname":"Obward 1","wardcode":"RVSRUM01","lganame":"Obio/Akpor","lgacode":"33015","statename":"Rivers","statecode":"RI","amapcode":"NIE RVS RUM","status":"Operational Placeholder","source":"INEC","urban":"Yes","Shape__Area":0.000823509146137269,"Shape__Length":0.1526527055783117}},{"type":"Feature","id":639,"geometry":{"type":"Polygon","coordinates":[[[7.01252001218887,4.88060752411798],[7.012966506699,4.87708344974146],[7.01319793913365,4.87503444608285],[7.01356225269586,4.87225342935233],[7.01193184927547,4.87211986474],[7.0101717420323,4.87193560174666],[7.00805785498608,4.87182256685804],[7.00724184433568,4.8723875713294],[7.00694621199813,4.87267383183195],[7.00535785817868,4.87264709678612],[7.00457970089252,4.87220190719233],[7.00412754964674,4.87189154306031],[7.00352496160775,4.87180150203773],[7.00328856941201,4.87126287917857],[7.00295339028679,4.87113584634227],[7.00242509344338,4.87094502279461],[7.0015672742104,4.87092879632695],[7.0010298987109,4.87061205240434],[6.99962100730369,4.87030035098047],[6.99887918082959,4.87014359824849],[6.99733016065846,4.87091696484612],[6.99500203981233,4.87196276756771],[6.99321008757551,4.87381619296298],[6.99155518482399,4.87539550859589],[6.99063795188005,4.8777040503017],[6.99088324916266,4.8786781248956],[6.99116661384818,4.87994517792765],[6.99233089595413,4.88130294467521],[6.99197959917922,4.88202509308366],[6.99226390905221,4.88348491129966],[6.9930761101744,4.8850956843184],[6.99423410062332,4.88620364997848],[6.99423440279548,4.88711402469255],[6.99436000121312,4.88832544656213],[6.99377874059644,4.88946042605784],[6.99226256456575,4.89114823590239],[6.99156651268447,4.89211730397045],[6.99040912028471,4.89300347972687],[6.99019268404516,4.89376051283745],[6.99004439303434,4.8949689777362],[6.99060742799048,4.89498547489978],[6.99172225817574,4.89499894764339],[6.992477033988,4.89499038699682],[6.99345854687448,4.89497264427217],[6.99466143867448,4.89498617816963],[6.99711360121177,4.89513716444861],[6.99882805796852,4.89527194404502],[7.00008220932654,4.89531268513235],[7.00057907126717,4.89532799069428],[7.00176488044491,4.89539046030154],[7.00192874231766,4.89541459540732],[7.00223495517906,4.8936166500884],[7.00230705742479,4.89319295159351],[7.0023823774448,4.89245217103093],[7.00233373401466,4.8907180631881],[7.00710062289551,4.89111951605287],[7.00939173124345,4.89120817571677],[7.01046051793861,4.89074165240538],[7.01117425588723,4.889849844195],[7.01147503774285,4.88850538381644],[7.01161222482438,4.88761725383324],[7.01189671725973,4.88553489881656],[7.01252001218887,4.88060752411798]]]},"properties":{"FID":639,"globalid":"f9267ff6-4a3c-49f9-a4ad-57c21ab1d77f","uniq_id":499869,"timestamp":1552694400000,"editor":"oluseye.abraham","wardname":"Obward 10","wardcode":"RVSRUM10","lganame":"Obio/Akpor","lgacode":"33015","statename":"Rivers","statecode":"RI","amapcode":"NIE RVS RUM","status":"Operational Placeholder","source":"INEC","urban":"Yes","Shape__Area":0.0004301747377688514,"Shape__Length":0.091291186238098843}},{"type":"Feature","id":648,"geometry":{"type":"Polygon","coordinates":[[[6.64262457386502,5.3282157051907],[6.64279974830981,5.32857824169253],[6.64435648376474,5.33111343683566],[6.64586206128513,5.33338769998244],[6.64650934203257,5.33393111802673],[6.65220033467773,5.33368680460239],[6.65220033467773,5.33776163099452],[6.65217059139974,5.33829700999905],[6.65217059139974,5.33915956506195],[6.65211110484364,5.33978417300125],[6.65199213173156,5.34020057889364],[6.65366426729213,5.34050903016765],[6.65364047302944,5.34069938696717],[6.65358693458938,5.34085583662761],[6.65355124319535,5.3410200195583],[6.65579869395464,5.3421147400033],[6.65631231476158,5.34280744730592],[6.6582651467192,5.34140762376285],[6.65915837855636,5.34079092356234],[6.65993136833805,5.34031465879451],[6.66082521441217,5.33981915123292],[6.6612709786728,5.33965983633243],[6.66279226555065,5.33884533564378],[6.6646259832026,5.33770233689336],[6.66572614634464,5.33740642936328],[6.6683120245803,5.33629238068886],[6.66678048093451,5.3341494518358],[6.66452933396164,5.33099965640906],[6.66356532997605,5.32980782087429],[6.66166797809478,5.32737884016137],[6.65860662109873,5.32617740526308],[6.65535966291816,5.32451363339749],[6.65231880416951,5.32294278578098],[6.64818633213355,5.32553172980556],[6.64737730022227,5.32475421283669],[6.64244867096943,5.3277462419955],[6.64262457386502,5.3282157051907]]]},"properties":{"FID":648,"globalid":"d725701a-8758-436f-b008-25e08a37fa50","uniq_id":499878,"timestamp":1552694400000,"editor":"oluseye.abraham","wardname":"Obieti","wardcode":"RVSRGM08","lganame":"Ogba/Egbema/Ndoni","lgacode":"33016","statename":"Rivers","statecode":"RI","amapcode":"NIE RVS RGM","status":"Operational Placeholder","source":"INEC","urban":"Yes","Shape__Area":0.00026214572291394234,"Shape__Length":0.072247063946640711}},{"type":"Feature","id":660,"geometry":{"type":"Polygon","coordinates":[[[7.14633831066453,4.89585007502097],[7.14724111578494,4.89032506934655],[7.14506142984118,4.88852701431028],[7.14338022911431,4.88704794160924],[7.14106573299722,4.88494818830827],[7.13915852094902,4.88369859291578],[7.13767881242728,4.88294436479066],[7.13263492066511,4.88118751129468],[7.13294956377138,4.88011974533003],[7.13370383686265,4.87768930591676],[7.13410227430057,4.87642397418711],[7.13444069368313,4.87525166113528],[7.1347609575522,4.87414224307008],[7.13515866384131,4.87320431402793],[7.13534049956445,4.87264939005735],[7.13539954095609,4.87169999286044],[7.13547250385301,4.86925439087747],[7.13570264036463,4.85907687389869],[7.13583927796037,4.85578049437436],[7.13534877692456,4.85384426030441],[7.13461150102,4.85143831392708],[7.13364581889948,4.84985262210085],[7.12923608497738,4.84276784486019],[7.12714920816944,4.83346535923897],[7.11862490771335,4.84072152118131],[7.10647264409732,4.85121499877323],[7.1083260991702,4.85430625642863],[7.10869493722163,4.8551737793465],[7.10944869500133,4.85691492258564],[7.11010054880131,4.85810847672485],[7.11047125024805,4.85871378701171],[7.11054400360291,4.86015904430451],[7.11073251859091,4.86118336761837],[7.11099873590297,4.86239958107586],[7.1111745416718,4.86358374899089],[7.11114361218802,4.86421208731804],[7.11113134273734,4.86531026655558],[7.11117946186272,4.86653254324233],[7.11112492697384,4.86734102926516],[7.1110004203332,4.8684179458316],[7.11104088892591,4.86946693934783],[7.11109406134193,4.870211946724],[7.11092578379794,4.87079444930441],[7.11075245296337,4.87095380197644],[7.11075413919224,4.87096191835792],[7.11279878293755,4.87234371409119],[7.11171869805952,4.87394648224443],[7.11050896601603,4.875797808622],[7.10632213266035,4.88153455697426],[7.10596978277931,4.88229090660013],[7.10432545515567,4.88459174561262],[7.10336910709867,4.88610636401751],[7.10311277873183,4.88671676536649],[7.10254454569429,4.88805664459852],[7.10177056396043,4.88971894517323],[7.09824358657232,4.88886275820977],[7.09736338771023,4.88861894390919],[7.09726010596916,4.89155069780651],[7.0972174718089,4.89383382197337],[7.09720053397751,4.89495243920373],[7.09709508307168,4.89564203215411],[7.09695395695957,4.89617281022709],[7.09662942670673,4.89681769967717],[7.09640283442332,4.89740081829319],[7.09591780666148,4.89840568927121],[7.09535769989799,4.89962958563694],[7.09454304992187,4.90122743180058],[7.09418173739732,4.90168642508849],[7.09367148724937,4.90204513767299],[7.09308348621397,4.90229544328014],[7.09326905862019,4.9031872595844],[7.0940948817734,4.90412189440997],[7.09421227207872,4.90418326414635],[7.0944736627294,4.90340790555047],[7.09480470497323,4.9025542600711],[7.09510128519622,4.90168119912806],[7.09527913872131,4.90125702489183],[7.09538827594821,4.90115012607748],[7.09557626843008,4.90109998527618],[7.09590745366609,4.90096581542008],[7.09625340936742,4.90083671144515],[7.09643520102378,4.90071623916316],[7.09651829478355,4.900484073781],[7.09659743602288,4.90031427368484],[7.09668530878002,4.9002115441275],[7.09682291044902,4.90019833758328],[7.09818535277185,4.90042737062669],[7.10084433509803,4.9008329001183],[7.10375961971073,4.90128951020279],[7.10430180028789,4.90140278521039],[7.10455746225711,4.90137091143845],[7.10501303182599,4.90111831885537],[7.10501482777215,4.90111772620213],[7.1057544607998,4.90071811155167],[7.10650912959272,4.90032969256129],[7.10728556827439,4.8999036189569],[7.10809051006902,4.89947860835116],[7.10913007059634,4.89892712428741],[7.10997239181251,4.8984400523666],[7.11056082182449,4.89813162987087],[7.11163025063559,4.89753985887745],[7.11403233532405,4.89627390121962],[7.11459223164621,4.89597860522849],[7.11539022617802,4.89559533395754],[7.11647782489177,4.89543666027367],[7.11730577224364,4.89520235810238],[7.11820383613815,4.8948275017878],[7.11936114220299,4.89437328030272],[7.12029895343403,4.89408232803703],[7.12122568231945,4.89373795963917],[7.12173071729882,4.89355889023062],[7.12183494422732,4.89324626430368],[7.12216738221895,4.89275310397261],[7.12283133279982,4.89204535910608],[7.12379516321624,4.89103576758663],[7.12452715200652,4.89032143968274],[7.12531171786156,4.89111464802266],[7.1256071226706,4.89133444682733],[7.12920619421055,4.89197037183521],[7.13167757525991,4.89241723416808],[7.13604619397671,4.89319037233787],[7.13657656016017,4.8933054307011],[7.13813431274838,4.8934274830919],[7.13936727877694,4.89359285402702],[7.14049002029827,4.89368843127613],[7.1415011100882,4.8937984075705],[7.14282836373803,4.89396214893407],[7.14366369902052,4.89400936963676],[7.14482418328947,4.89379262672838],[7.14587977603088,4.8941760625753],[7.14633831066453,4.89585007502097]]]},"properties":{"FID":660,"globalid":"a87ebcce-ab6e-4528-9168-9594c326a5e8","uniq_id":499888,"timestamp":1552694400000,"editor":"oluseye.abraham","wardname":"Oyward 7","wardcode":"RVSAFM07","lganame":"Oyigbo","lgacode":"33021","statename":"Rivers","statecode":"RI","amapcode":"NIE RVS AFM","status":"Operational Placeholder","source":"INEC","urban":"Yes","Shape__Area":0.0015969629331209489,"Shape__Length":0.22634588540930148}},{"type":"Feature","id":722,"geometry":{"type":"Polygon","coordinates":[[[6.77203443074444,4.73408215496755],[6.77488662971422,4.73334045529782],[6.77495108502461,4.73267254680064],[6.77445197028226,4.73275495078042],[6.77199826360902,4.73267833124004],[6.77200222242465,4.73306969011418],[6.77203869982617,4.73336680543377],[6.77206641873028,4.73357015383959],[6.77203443074444,4.73408215496755]]]},"properties":{"FID":722,"globalid":"9daa73ff-1998-4b73-827f-66b8450e0d56","uniq_id":499949,"timestamp":1552694400000,"editor":"oluseye.abraham","wardname":"Aktward 5","wardcode":"RVSABM05","lganame":"Akuku Toru","lgacode":"33004","statename":"Rivers","statecode":"RI","amapcode":"NIE RVS ABM","status":"Operational Placeholder","source":"INEC","urban":"Yes","Shape__Area":2.8613759077700252E-06,"Shape__Length":0.0079877979455168328}},{"type":"Feature","id":723,"geometry":{"type":"Polygon","coordinates":[[[7.00270549216481,4.8061973824033],[7.00129693620471,4.80427294563998],[7.00098236594346,4.80486666456494],[7.00065084526034,4.80585745755565],[7.00008172279331,4.80682375481246],[6.99967758185494,4.80731143287636],[6.99979248013892,4.80761329481777],[7.00084224437416,4.80902342189347],[7.00151076800756,4.8101345270868],[7.00225644088209,4.81126340738041],[7.00330368881424,4.81287363271201],[7.00342339577315,4.81301344941119],[7.00398344318143,4.8138937750777],[7.00493046886612,4.81523685409758],[7.00534650423782,4.81566830384918],[7.00577724982026,4.81595207682693],[7.00631519908723,4.81616889258038],[7.00786108512102,4.81661416581113],[7.00931993206927,4.81700305424761],[7.00963143024637,4.81642885690627],[7.00999091894579,4.81559529059024],[7.01006828492348,4.8143405735587],[7.01007210614284,4.81370660097889],[7.01011062230742,4.81313998312379],[7.01011382029662,4.81276294055732],[7.01006864285364,4.81161649110823],[7.01007090734657,4.81161139285155],[7.01010133860592,4.8105875893458],[7.01010358870968,4.81020953414276],[7.01012503124525,4.80987118940391],[7.00999708199976,4.80829832191006],[7.00966624839867,4.8069692354419],[7.0094664370265,4.80656296041235],[7.00845537331685,4.80464942163354],[7.00799711027844,4.8036760709939],[7.00751299712715,4.8027535023723],[7.00270549216481,4.8061973824033]]]},"properties":{"FID":723,"globalid":"c346ade0-2e99-4e73-b90d-75433ce221d7","uniq_id":499950,"timestamp":1552694400000,"editor":"oluseye.abraham","wardname":"Phward 20","wardcode":"RVSPHC20","lganame":"Port-Harcourt","lgacode":"33022","statename":"Rivers","statecode":"RI","amapcode":"NIE RVS PHC","status":"Operational Placeholder","source":"INEC","urban":"Yes","Shape__Area":9.1270770038676119E-05,"Shape__Length":0.041079789468349254}},{"type":"Feature","id":724,"geometry":{"type":"Polygon","coordinates":[[[7.13254704880728,4.77527234574222],[7.117236901262,4.78513945542159],[7.11944558674446,4.79048420997833],[7.12004711987873,4.79214956375142],[7.12066680313052,4.79182096676425],[7.12068246842125,4.79181021626852],[7.12163011194014,4.79120874069088],[7.12226132360126,4.79072671936268],[7.12420247876145,4.7890552960651],[7.12512419032919,4.78824332516939],[7.12574187978396,4.78745824760011],[7.12595643104453,4.78692700277901],[7.1259810293011,4.78635258600309],[7.12607493201256,4.78580272161838],[7.12650064229086,4.78523564061237],[7.12745200090916,4.78455177724277],[7.12846769702662,4.78402663881837],[7.12909344800426,4.78391692062945],[7.13093624880889,4.78387584769229],[7.13283214019117,4.78385995577241],[7.13958496597343,4.78366733807724],[7.1395771796432,4.78364883002951],[7.14231288403244,4.78324016909858],[7.14270260524108,4.7830608982419],[7.14303623393511,4.78285491392319],[7.14305656670723,4.78285024824044],[7.14263864275921,4.78142156905022],[7.14157085161355,4.78032595827642],[7.13989375359392,4.77926101708232],[7.13692065516415,4.77769167313227],[7.13254704880728,4.77527234574222]]]},"properties":{"FID":724,"globalid":"e8b72040-f610-42e6-b813-e8a543401970","uniq_id":499951,"timestamp":1552694400000,"editor":"oluseye.abraham","wardname":"Eleward 8","wardcode":"RVSNCH08","lganame":"Eleme","lgacode":"33009","statename":"Rivers","statecode":"RI","amapcode":"NIE RVS NCH","status":"Operational Placeholder","source":"INEC","urban":"Yes","Shape__Area":0.00016452977685688097,"Shape__Length":0.066047130895585962}},{"type":"Feature","id":726,"geometry":{"type":"Polygon","coordinates":[[[6.99830886676085,4.7915343015668],[6.99962413424646,4.79063856691636],[7.00113548991101,4.78900929933974],[7.00021723084058,4.78820190599322],[7.00204793126704,4.78612183615388],[7.00240937059601,4.78539990718002],[7.00086139543708,4.78554635997659],[7.00046325207745,4.78551876068229],[6.99983333633946,4.78548259174823],[6.99922473992984,4.78613537095066],[6.99807000142948,4.78741310882793],[6.99677749308688,4.78875385320782],[6.99647877067878,4.78905049188671],[6.99691024741003,4.78955918440886],[6.99768463114088,4.79060631363052],[6.99830886676085,4.7915343015668]]]},"properties":{"FID":726,"globalid":"af9386b7-a9ea-4000-8622-92c04728dd33","uniq_id":499953,"timestamp":1552694400000,"editor":"oluseye.abraham","wardname":"Phward 9","wardcode":"RVSPHC09","lganame":"Port-Harcourt","lgacode":"33022","statename":"Rivers","statecode":"RI","amapcode":"NIE RVS PHC","status":"Operational Placeholder","source":"INEC","urban":"Yes","Shape__Area":1.6848539686975528E-05,"Shape__Length":0.019185398302829997}},{"type":"Feature","id":727,"geometry":{"type":"Polygon","coordinates":[[[6.76911629438155,4.73205311176173],[6.76881492976526,4.73256643129582],[6.76857989734441,4.73311053642215],[6.76850764311331,4.73390798506551],[6.76875044927385,4.73512223440366],[6.77020581224849,4.73461626862593],[6.77203443074444,4.73408215496755],[6.77206641873028,4.73357015383959],[6.77203869982617,4.73336680543377],[6.77200222242465,4.73306969011418],[6.77199826360902,4.73267833124004],[6.77197605844839,4.73246448684665],[6.77195295666365,4.73232527808915],[6.77189921137955,4.7320013926502],[6.77117367072839,4.73162685919226],[6.77081841423848,4.7315020890502],[6.77064961418841,4.7316017042553],[6.76939199414528,4.7311530288892],[6.76911629438155,4.73205311176173]]]},"properties":{"FID":727,"globalid":"79e60ec7-12c1-44fd-8124-6972c7c98d85","uniq_id":499954,"timestamp":1552694400000,"editor":"oluseye.abraham","wardname":"Aktward 7","wardcode":"RVSABM07","lganame":"Akuku Toru","lgacode":"33004","statename":"Rivers","statecode":"RI","amapcode":"NIE RVS ABM","status":"Operational Placeholder","source":"INEC","urban":"Yes","Shape__Area":9.8797378882409248E-06,"Shape__Length":0.012431811639756658}},{"type":"Feature","id":731,"geometry":{"type":"Polygon","coordinates":[[[6.86279539209374,4.73113539857985],[6.85854717820973,4.73458052686988],[6.85902073961552,4.73514886872533],[6.85954385456529,4.7350040760773],[6.86005784229565,4.73539137990832],[6.86041398911436,4.73568077904474],[6.8607113175733,4.73585988712415],[6.86060326043219,4.73606705225274],[6.86098427890141,4.73628281579937],[6.86101256887503,4.73637500170503],[6.86125008792129,4.73650389343999],[6.86193905404417,4.73690056281077],[6.86212924986506,4.73705444940339],[6.86245234300128,4.73644080689775],[6.8627942868269,4.73584350777173],[6.86337064074252,4.7352297618441],[6.86372510582902,4.73403443963775],[6.86390257894089,4.7328421733277],[6.86279539209374,4.73113539857985]]]},"properties":{"FID":731,"globalid":"541f2b80-9b2a-4d79-a06c-eba2a27426bd","uniq_id":500018,"timestamp":1598832000000,"editor":"najib.adam","wardname":"Astward 10","wardcode":"RVSBGM10","lganame":"Asari-Toru","lgacode":"33006","statename":"Rivers","statecode":"RI","amapcode":"NIE RVS BGM","status":"Operational Placeholder","source":"INEC","urban":"Yes","Shape__Area":1.6060203261503148E-05,"Shape__Length":0.016989873601230686}},{"type":"Feature","id":732,"geometry":{"type":"Polygon","coordinates":[[[7.02902592530626,4.8443081577953],[7.02985044803978,4.84356545897879],[7.03034471993294,4.842991830009],[7.03067993143372,4.84282918671767],[7.03102969576389,4.84247483044913],[7.03137871635471,4.84246531292388],[7.03156462600674,4.84205157172272],[7.03175391531101,4.84150398082409],[7.03206837315696,4.84096470415784],[7.03220777976526,4.84069019869378],[7.03212205189124,4.84027484680678],[7.03216832111116,4.84019776771288],[7.03230808385104,4.84008030186448],[7.03258242473913,4.83998097264384],[7.03294726080748,4.83977224089625],[7.03302407190347,4.83945272256517],[7.03314215198878,4.83928382089169],[7.03334988458954,4.83924560959724],[7.03352567776784,4.83954346955551],[7.03394016090976,4.83940427788514],[7.03443434287067,4.83914647013353],[7.03464791476949,4.83891819341994],[7.03494733505153,4.83847175826509],[7.03519241379888,4.83820305882415],[7.03558597511272,4.83806977929692],[7.03599392378061,4.83782978981299],[7.0363564342021,4.83739383985386],[7.0371201357857,4.83631800966845],[7.03869419128392,4.83511545781215],[7.03898602308652,4.83452622920214],[7.04003605621909,4.83408066998697],[7.04047392083481,4.83294460231161],[7.03954624496328,4.83236656126786],[7.03888847182554,4.83193999213699],[7.03813972866561,4.83140036923169],[7.03769268287107,4.83092961281142],[7.03734190590427,4.83037899929144],[7.03685819115265,4.82952967685316],[7.03637877336178,4.82880501483959],[7.03386030470932,4.82484082304558],[7.03128434689512,4.81990667825067],[7.02981394455793,4.81771419225623],[7.02955997691146,4.81807733939775],[7.0295846453152,4.81944820477088],[7.0295754470493,4.8200035307384],[7.02954332686312,4.82016625227078],[7.0293896291281,4.82043533032629],[7.02907015126652,4.82103287316863],[7.02858377092434,4.82188743056054],[7.02813421781997,4.82269238044904],[7.02792375128013,4.82305207509324],[7.02787208522858,4.82322647702034],[7.02785127671507,4.82374072735274],[7.02784159461396,4.82427025716669],[7.02783176142668,4.82461415521914],[7.0277728279537,4.82483091161731],[7.02756801365297,4.82539514267177],[7.0274423037194,4.82549464006564],[7.02641207635628,4.82550806244717],[7.02545887412776,4.82548124286512],[7.02532557841278,4.82542039473549],[7.02509253259433,4.82427735101896],[7.02467224702661,4.82437980358509],[7.02500831198404,4.82571633014459],[7.02491363855364,4.82747428890735],[7.0249568123071,4.82848571864105],[7.02504443325404,4.82915098223208],[7.02384541393474,4.82890541785082],[7.02334652222424,4.82888438630545],[7.02306897435375,4.82893544801254],[7.02257159530291,4.82914328763269],[7.01945299286137,4.82952202721981],[7.01702223778608,4.82977213497611],[7.01416380561517,4.83016921623641],[7.01027570276153,4.83052258594864],[7.00757207179373,4.83074701626185],[7.0051271523962,4.83084398386279],[7.00430452813151,4.83087661036734],[7.00466537120997,4.83180285092089],[7.00507945595217,4.83228152767043],[7.00520414065863,4.83252872701917],[7.0059651667591,4.83317737923272],[7.00659450872962,4.83348503100945],[7.00758799698849,4.83402351087636],[7.00883692868138,4.83489821218279],[7.00874268962349,4.8350421091061],[7.0086963907259,4.83549541508137],[7.00856404739289,4.83811391892226],[7.00801950159877,4.8483156600397],[7.01189284387971,4.84805334308737],[7.01233961807895,4.84925607300943],[7.01317820081334,4.85141571036678],[7.017277499557,4.85298860843756],[7.01932452380777,4.85381750637288],[7.02193767308518,4.85489202984337],[7.02320729368171,4.85534703913459],[7.0274631859773,4.85698329264488],[7.02738030265891,4.85628794583209],[7.02725941758808,4.8560198102661],[7.02729994373749,4.85590695524184],[7.02756709634446,4.85547895708822],[7.02813906516576,4.85485294170996],[7.02819950680185,4.85415942142021],[7.02810079631473,4.85380460020218],[7.02788394458844,4.85368178878355],[7.02751942867872,4.85311431837113],[7.02760727805349,4.85281442594504],[7.02742255370794,4.85255676208493],[7.02727393534389,4.8523192960987],[7.02732007506148,4.85208155671853],[7.02750465101889,4.85182550084625],[7.02722283406661,4.85149750010959],[7.0274646671607,4.85133328660197],[7.02704845102522,4.84949852663573],[7.02727874941479,4.84856405638612],[7.02790240587137,4.8473520013938],[7.02797183443266,4.84657038441577],[7.0285170861946,4.84508833316011],[7.02902592530626,4.8443081577953]]]},"properties":{"FID":732,"globalid":"3f3b2814-d56b-4ab7-8b01-8dc7f30bce7b","uniq_id":499957,"timestamp":1552694400000,"editor":"oluseye.abraham","wardname":"Obward 14","wardcode":"RVSRUM14","lganame":"Obio/Akpor","lgacode":"33015","statename":"Rivers","statecode":"RI","amapcode":"NIE RVS RUM","status":"Operational Placeholder","source":"INEC","urban":"Yes","Shape__Area":0.00064218327960929855,"Shape__Length":0.13092690808457857}},{"type":"Feature","id":733,"geometry":{"type":"Polygon","coordinates":[[[6.77502698240937,4.7319007324329],[6.77190371428503,4.73186144105273],[6.77189921137955,4.7320013926502],[6.77195295666365,4.73232527808915],[6.77197605844839,4.73246448684665],[6.77199826360902,4.73267833124004],[6.77445197028226,4.73275495078042],[6.77495108502461,4.73267254680064],[6.77502698240937,4.7319007324329]]]},"properties":{"FID":733,"globalid":"7af17f66-5ca8-45b0-a864-8fa76a4f259b","uniq_id":499958,"timestamp":1552694400000,"editor":"oluseye.abraham","wardname":"Aktward 6","wardcode":"RVSABM06","lganame":"Akuku Toru","lgacode":"33004","statename":"Rivers","statecode":"RI","amapcode":"NIE RVS ABM","status":"Operational Placeholder","source":"INEC","urban":"Yes","Shape__Area":2.538720604405853E-06,"Shape__Length":0.0076842716862270486}},{"type":"Feature","id":739,"geometry":{"type":"Polygon","coordinates":[[[6.85721354656795,4.73543889109197],[6.85852806042169,4.73646794843711],[6.85864012044527,4.73665679977154],[6.85898235295326,4.73690783293017],[6.85967653694269,4.73735332199828],[6.85953484425772,4.73763855637435],[6.85932487234504,4.73784836730835],[6.85929599331547,4.73801110143125],[6.85944109083374,4.73830218409859],[6.85966340863945,4.73856362870856],[6.859752946941,4.73881531207707],[6.86043101507931,4.73860475830298],[6.86105325510368,4.73830581106438],[6.86157523780702,4.73794832155784],[6.86178352169225,4.73778313498372],[6.86195666187052,4.73752730663995],[6.8620371332072,4.73734577488767],[6.86212924986506,4.73705444940339],[6.86193905404417,4.73690056281077],[6.86125008792129,4.73650389343999],[6.86101256887503,4.73637500170503],[6.86098427890141,4.73628281579937],[6.86060326043219,4.73606705225274],[6.8607113175733,4.73585988712415],[6.86041398911436,4.73568077904474],[6.86005784229565,4.73539137990832],[6.85954385456529,4.7350040760773],[6.85902073961552,4.73514886872533],[6.85854717820973,4.73458052686988],[6.85721354656795,4.73543889109197]]]},"properties":{"FID":739,"globalid":"d25835b2-7f84-4f6e-a22e-7c2e2bfaf8f6","uniq_id":500019,"timestamp":1598832000000,"editor":"najib.adam","wardname":"Astward 6","wardcode":"RVSBGM06","lganame":"Asari-Toru","lgacode":"33006","statename":"Rivers","statecode":"RI","amapcode":"NIE RVS BGM","status":"Operational Placeholder","source":"INEC","urban":"Yes","Shape__Area":9.0254746893947413E-06,"Shape__Length":0.014362260234320448}},{"type":"Feature","id":744,"geometry":{"type":"Polygon","coordinates":[[[7.01012503124525,4.80987118940391],[7.01010358870968,4.81020953414276],[7.01010133860592,4.8105875893458],[7.01007090734657,4.81161139285155],[7.01006864285364,4.81161649110823],[7.01011382029662,4.81276294055732],[7.01011062230742,4.81313998312379],[7.01007210614284,4.81370660097889],[7.01006828492348,4.8143405735587],[7.00999091894579,4.81559529059024],[7.00963143024637,4.81642885690627],[7.00931993206927,4.81700305424761],[7.00908243910334,4.81755337458861],[7.00939576830012,4.81763509058703],[7.00990420091819,4.81764055396843],[7.01032454134457,4.81779540463424],[7.01056460367357,4.81799138489453],[7.01090880659621,4.81835823724288],[7.01127523086728,4.81853892003517],[7.01177716588353,4.81878051480896],[7.01148109197885,4.81926052705171],[7.01151264289422,4.81934636734104],[7.01184030458643,4.81966469407041],[7.01190140092893,4.81976943091456],[7.01170433338831,4.81993329638459],[7.01209667522141,4.82064115816297],[7.01223535877483,4.82119482218337],[7.01255914438906,4.82110571105977],[7.012772015716,4.82112327931594],[7.01269149581594,4.82251747310295],[7.01325464498592,4.82268984436087],[7.01340545409846,4.8225252513393],[7.01384508678137,4.82239014438971],[7.0144372597718,4.82193643282017],[7.01453423636599,4.82156628895314],[7.01451012464258,4.82101062573986],[7.01444823419871,4.82054171382907],[7.01457743440113,4.82046567615009],[7.01496615736232,4.82053241663777],[7.01542209295525,4.82037373306139],[7.01602518011799,4.82035373843433],[7.01612836832959,4.82029991311055],[7.01587694936177,4.81785990311209],[7.0157606220551,4.81639713871704],[7.01555038124513,4.81361678388754],[7.01536375393414,4.81323473929183],[7.0153803509225,4.8127545031179],[7.015740766823,4.81000851498101],[7.01157954885713,4.80989557362187],[7.01012503124525,4.80987118940391]]]},"properties":{"FID":744,"globalid":"7d0a0d66-3cbd-4c13-a46a-07126439b4c0","uniq_id":499967,"timestamp":1552694400000,"editor":"oluseye.abraham","wardname":"Phward 16","wardcode":"RVSPHC16","lganame":"Port-Harcourt","lgacode":"33022","statename":"Rivers","statecode":"RI","amapcode":"NIE RVS PHC","status":"Operational Placeholder","source":"INEC","urban":"Yes","Shape__Area":6.0671611077367515E-05,"Shape__Length":0.036943472520332588}},{"type":"Feature","id":770,"geometry":{"type":"Polygon","coordinates":[[[7.19559757406881,4.72548934415795],[7.19625400631736,4.72606891314985],[7.19638308511134,4.72594438672411],[7.19669130705825,4.72592226969704],[7.19678059714687,4.72645797875276],[7.19703823582597,4.72657667937028],[7.19757395837155,4.72719887262991],[7.19848863724087,4.7275942002122],[7.19914160260294,4.72749795296818],[7.19940629106753,4.72760996442838],[7.19995106888678,4.72729756872786],[7.20067896126511,4.72694142190915],[7.20132352875788,4.72651122940977],[7.20159675268803,4.72629680765158],[7.20089381110057,4.72588036578628],[7.20096323426588,4.7255123569098],[7.2008657432595,4.72509972816999],[7.20049261724051,4.72455093667645],[7.20013417625125,4.72417716224629],[7.19934304174802,4.72434811887064],[7.19894040087883,4.72438433906603],[7.19873027877941,4.72449426409906],[7.19849955680917,4.72404773271671],[7.19860915538828,4.72395166623647],[7.19820770702012,4.72327398210865],[7.1980973871847,4.72309851178693],[7.19784150937818,4.72296494807392],[7.19747694220717,4.72252059395032],[7.19682601740681,4.72290411523278],[7.19599222086435,4.72377035841538],[7.19572578501703,4.72484990459947],[7.19559757406881,4.72548934415795]]]},"properties":{"FID":770,"globalid":"d9924387-ad70-4437-86e4-fce1c3b93067","uniq_id":500020,"timestamp":1552694400000,"editor":"oluseye.abraham","wardname":"Ikpo Ama","wardcode":"RVSGGU04","lganame":"Ogu Bolo","lgacode":"33017","statename":"Rivers","statecode":"RI","amapcode":"NIE RVS GGU","status":"Operational Placeholder","source":"INEC","urban":"Yes","Shape__Area":1.7026400030317745E-05,"Shape__Length":0.017992806573654388}},{"type":"Feature","id":778,"geometry":{"type":"Polygon","coordinates":[[[7.00799711027844,4.8036760709939],[7.00845537331685,4.80464942163354],[7.0094664370265,4.80656296041235],[7.00966624839867,4.8069692354419],[7.00999708199976,4.80829832191006],[7.01012503124525,4.80987118940391],[7.01157954885713,4.80989557362187],[7.015740766823,4.81000851498101],[7.0158283050323,4.80934930023005],[7.0158658670162,4.80803669563704],[7.01632360305189,4.80615721598281],[7.01658760803173,4.80466263087578],[7.01646010305137,4.80334345583589],[7.01623038742247,4.80234838387088],[7.01603290259641,4.79800310435985],[7.01512394071733,4.79798647859315],[7.01410138457129,4.79793574693724],[7.01323726828537,4.79795453287545],[7.01321480771725,4.79773032199682],[7.01289605830647,4.79784115264715],[7.01167487609473,4.79827450086759],[7.01130849139383,4.79839181922711],[7.00948158160975,4.79803865995626],[7.00933213317148,4.79871944584579],[7.00915687419047,4.79917439128519],[7.00907259062762,4.79943813636095],[7.00902480425134,4.79975693613375],[7.00895937677387,4.80019785124989],[7.00888150807521,4.80053215983133],[7.00889043024921,4.80088148709103],[7.00896375917017,4.80126392469043],[7.00889922202151,4.80157468992007],[7.00879003713055,4.80208681155716],[7.00840960412,4.80194103235283],[7.00829482184861,4.80260243605363],[7.0081130167024,4.80325807779809],[7.00799711027844,4.8036760709939]]]},"properties":{"FID":778,"globalid":"197f1de3-88bc-4604-a0bf-1986a2c79b8f","uniq_id":500021,"timestamp":1552694400000,"editor":"oluseye.abraham","wardname":"Phward 19","wardcode":"RVSPHC19","lganame":"Port-Harcourt","lgacode":"33022","statename":"Rivers","statecode":"RI","amapcode":"NIE RVS PHC","status":"Operational Placeholder","source":"INEC","urban":"Yes","Shape__Area":8.4045596135950973E-05,"Shape__Length":0.03763138172986262}},{"type":"Feature","id":782,"geometry":{"type":"Polygon","coordinates":[[[6.99156209881187,4.79276153711527],[6.9922652391495,4.79222897298877],[6.99050739100335,4.79107053827477],[6.9911913757814,4.79042590693012],[6.98973793196006,4.7886343144221],[6.98866275917902,4.78987112864974],[6.98765373333316,4.79151113323223],[6.9907589349769,4.79335285035381],[6.99156209881187,4.79276153711527]]]},"properties":{"FID":782,"globalid":"d33a9cfb-c4bb-4c10-892e-5a171714d8a9","uniq_id":500027,"timestamp":1552694400000,"editor":"oluseye.abraham","wardname":"Phward 13","wardcode":"RVSPHC13","lganame":"Port-Harcourt","lgacode":"33022","statename":"Rivers","statecode":"RI","amapcode":"NIE RVS PHC","status":"Operational Placeholder","source":"INEC","urban":"Yes","Shape__Area":1.0162562048776635E-05,"Shape__Length":0.014406202302367195}},{"type":"Feature","id":789,"geometry":{"type":"Polygon","coordinates":[[[6.77190371428503,4.73186144105273],[6.77193822936584,4.73156196231474],[6.77193719514548,4.7313036923116],[6.77202275664496,4.7310474853532],[6.7720697390273,4.73096431425176],[6.77218298975322,4.73057232765086],[6.76968512007227,4.72991456710366],[6.76953854406861,4.73085564737028],[6.76939199414528,4.7311530288892],[6.77064961418841,4.7316017042553],[6.77081841423848,4.7315020890502],[6.77117367072839,4.73162685919226],[6.77189921137955,4.7320013926502],[6.77190371428503,4.73186144105273]]]},"properties":{"FID":789,"globalid":"1b4ccd8e-75de-4ae9-ad57-7183a0941631","uniq_id":500016,"timestamp":1552694400000,"editor":"oluseye.abraham","wardname":"Aktward 8","wardcode":"RVSABM08","lganame":"Akuku Toru","lgacode":"33004","statename":"Rivers","statecode":"RI","amapcode":"NIE RVS ABM","status":"Operational Placeholder","source":"INEC","urban":"Yes","Shape__Area":3.3555950125219169E-06,"Shape__Length":0.0080646935954183929}},{"type":"Feature","id":790,"geometry":{"type":"Polygon","coordinates":[[[6.86279539209374,4.73113539857985],[6.86390257894089,4.7328421733277],[6.86372510582902,4.73403443963775],[6.86337064074252,4.7352297618441],[6.8627942868269,4.73584350777173],[6.86245234300128,4.73644080689775],[6.86286875339033,4.73761072775295],[6.86309145700517,4.73819472140929],[6.86298678761023,4.7383356226909],[6.86308684168444,4.7386786825752],[6.86340129683242,4.73859792525411],[6.86361809999539,4.73885051963583],[6.86428960038478,4.73861280183939],[6.86461946901335,4.73804024576077],[6.8655956902889,4.7368711486846],[6.86600124136424,4.73631099605569],[6.86632259970827,4.73607791606304],[6.86641332961153,4.73504352304019],[6.86671517536507,4.73428592875268],[6.86672378277638,4.73383372264823],[6.86655895683043,4.73320789342961],[6.86639856724014,4.73195735284958],[6.86626853786277,4.73165085310444],[6.86617142906823,4.73140098996379],[6.86579611769673,4.73117093618981],[6.86539185804787,4.72960446377505],[6.86279539209374,4.73113539857985]]]},"properties":{"FID":790,"globalid":"2b8ac74f-71c4-480f-88ba-c2b223bb2b1d","uniq_id":500017,"timestamp":1598832000000,"editor":"najib.adam","wardname":"Astward 7","wardcode":"RVSBGM07","lganame":"Asari-Toru","lgacode":"33006","statename":"Rivers","statecode":"RI","amapcode":"NIE RVS BGM","status":"Operational Placeholder","source":"INEC","urban":"Yes","Shape__Area":2.3460269890307472E-05,"Shape__Length":0.022946134716304765}},{"type":"Feature","id":791,"geometry":{"type":"Polygon","coordinates":[[[7.02657827286907,4.78032192571635],[7.02628230868163,4.77943591003924],[7.0273743869185,4.77335733567253],[7.02900813132027,4.77068534825025],[7.03186737018302,4.76947135701755],[7.03517124465725,4.76946708433854],[7.03435420788043,4.767588528288],[7.03457743490077,4.76673407431815],[7.03420303004583,4.76568865021108],[7.03412372962646,4.76496963414132],[7.03443467292186,4.76433439891343],[7.03449312705624,4.76404187283418],[7.03436564006228,4.76374491399662],[7.03414785034306,4.76355966264833],[7.03405804404355,4.76331857239427],[7.03405504480452,4.76309030467388],[7.0336320711632,4.76290436444492],[7.03332527014516,4.76278501721481],[7.03340304081775,4.76220739255717],[7.03268199497813,4.7621642628705],[7.03266345635348,4.76236481078746],[7.0317051882439,4.76225450084456],[7.0317288817825,4.7614114763586],[7.03269689944239,4.76146031404232],[7.03271467004606,4.76137516802964],[7.03272739815094,4.7609890989678],[7.03315093656653,4.76101226190639],[7.03370587222827,4.7610293328375],[7.03371593024605,4.7600747852232],[7.03375646179131,4.75923085871722],[7.03157866981979,4.75910449317786],[7.03250018533532,4.75826220433731],[7.03313451314733,4.75770575871383],[7.03269115277453,4.7571926846947],[7.03224190004369,4.7566806502918],[7.03203066098627,4.75648552618611],[7.03185092607941,4.75649310926963],[7.03209297141353,4.75633030769757],[7.03196016403041,4.75599314466797],[7.03182721815165,4.75559220981268],[7.03153273784562,4.7555900802181],[7.03074163302,4.75539380408082],[7.02773397274467,4.75609864593582],[7.02500403840571,4.75580431761523],[7.02547623823784,4.75679301878284],[7.02556591593429,4.75711731970858],[7.02564245093839,4.75781928463232],[7.02552989179111,4.75789488703947],[7.02540325915311,4.75794045298954],[7.02524861623073,4.75794609263812],[7.02506966013675,4.75798992019872],[7.02429872260802,4.75786190170544],[7.02355005319242,4.75766325765329],[7.02271761102895,4.75749921771478],[7.02252428107079,4.75752619737614],[7.02239297375678,4.75769243705639],[7.02239860711006,4.75788052036978],[7.0226599150231,4.75818200909248],[7.02273613256654,4.75839088113429],[7.02276219222142,4.75862707907646],[7.02293254360205,4.75863489778237],[7.02289476038493,4.75958528783082],[7.02289447260188,4.75958441189113],[7.02287018461141,4.76013015468294],[7.02281470723301,4.76085079762623],[7.02278937602892,4.76122090641974],[7.02276041426177,4.76178721041146],[7.02271523412082,4.76272610172828],[7.02264968793281,4.763785998625],[7.02259367275985,4.76483247224087],[7.02260461211318,4.76531937059252],[7.02259377708117,4.76596832767621],[7.02247190815211,4.76651373861819],[7.02227054904665,4.76677106523255],[7.02221931107238,4.76693317162864],[7.02211767239271,4.767593892744],[7.02200552693358,4.76826174008727],[7.02200409701152,4.76827025576773],[7.02206514928724,4.76887164411113],[7.02223469487529,4.76929300526803],[7.02231862500457,4.76954338282093],[7.02176093292076,4.77014742596299],[7.0215132920049,4.77038891012018],[7.02132296038639,4.77068234721258],[7.02100192669758,4.77130508726003],[7.02080451201869,4.77192220834331],[7.02075375698035,4.7725650707215],[7.02083489561397,4.77369348426691],[7.0209014832169,4.77438010225995],[7.02103890682014,4.77580147895515],[7.02154640684125,4.78099432183052],[7.02153965023473,4.78105008699197],[7.02164879195823,4.78215751575681],[7.02162479444877,4.78314769091327],[7.02154890695653,4.78414594737762],[7.02143284764787,4.78496326834022],[7.02116699995713,4.78595125184881],[7.02087466183622,4.7867393277578],[7.02054200530932,4.78743844003202],[7.01965243011563,4.78897546774368],[7.01907053997348,4.78964420091921],[7.01689819879289,4.79179113715128],[7.01554858260107,4.79331324600952],[7.01870501412515,4.79442582878903],[7.02252041488526,4.79240871239222],[7.02445097872976,4.79079493204051],[7.02625731742131,4.79047919715725],[7.02832873218529,4.78928036579629],[7.02798805010849,4.78686867904634],[7.02657827286907,4.78032192571635]]]},"properties":{"FID":791,"globalid":"29911e1e-e314-4d40-b2e2-a0269d904232","uniq_id":500022,"timestamp":1552694400000,"editor":"oluseye.abraham","wardname":"Phward 4","wardcode":"RVSPHC04","lganame":"Port-Harcourt","lgacode":"33022","statename":"Rivers","statecode":"RI","amapcode":"NIE RVS PHC","status":"Operational Placeholder","source":"INEC","urban":"Yes","Shape__Area":0.00030225383976301146,"Shape__Length":0.11371181967753007}},{"type":"Feature","id":792,"geometry":{"type":"Polygon","coordinates":[[[7.03128434689512,4.81990667825067],[7.03129265123493,4.81904421761658],[7.03137784581099,4.81844757499562],[7.03154594618849,4.81802200141431],[7.03174384560202,4.81771046726431],[7.03174411539868,4.81771005357615],[7.03261588491523,4.81595254717234],[7.03358657086358,4.81409809924793],[7.03458462857782,4.81230180418498],[7.03507603702951,4.81128551811224],[7.03584788467219,4.80981906829544],[7.03741823676228,4.80688084467528],[7.036292225306,4.80613458274485],[7.03507800834348,4.80541451536766],[7.03576741783212,4.80427442412542],[7.03601830260266,4.80375718714453],[7.03623091762279,4.80311863161961],[7.03637540540069,4.80249143902876],[7.03648881710529,4.8019705454044],[7.03673436529874,4.80085954723035],[7.03699309755348,4.79977874559268],[7.03723022539464,4.79893009944459],[7.03751423219609,4.79800996438837],[7.03780905874112,4.79702247280892],[7.03809559443619,4.79616874639061],[7.03823729161775,4.79567165782078],[7.03818856634933,4.79561301842608],[7.03805463391427,4.79539154508376],[7.03771098587333,4.79538925540987],[7.03684469682537,4.79543160358571],[7.03603307486657,4.79546360596072],[7.03518391430623,4.79553176917585],[7.03479031791886,4.79561134298916],[7.03444904318883,4.79571344212172],[7.03412992685469,4.79583076857517],[7.03376079562429,4.79602322169438],[7.03313652043414,4.79641148330336],[7.03247271914074,4.79672373331368],[7.03167573904415,4.79692853412462],[7.03024218013257,4.79700428312123],[7.02905847716704,4.79685586620531],[7.02833292842195,4.79685991765115],[7.0271524135531,4.79694489369194],[7.02564891436595,4.79673486242399],[7.02405622491489,4.79624696312692],[7.0226104442167,4.79574621521573],[7.02184054900221,4.79547956083309],[7.01873494895875,4.79443588860545],[7.01870501412515,4.79442582878903],[7.01865493897429,4.79656275017084],[7.01859785540677,4.79765705512904],[7.01603290259641,4.79800310435985],[7.01623038742247,4.80234838387088],[7.01646010305137,4.80334345583589],[7.01658760803173,4.80466263087578],[7.01632360305189,4.80615721598281],[7.0158658670162,4.80803669563704],[7.0158283050323,4.80934930023005],[7.015740766823,4.81000851498101],[7.0153803509225,4.8127545031179],[7.01536375393414,4.81323473929183],[7.01555038124513,4.81361678388754],[7.0157606220551,4.81639713871704],[7.01587694936177,4.81785990311209],[7.01612836832959,4.82029991311055],[7.01602518011799,4.82035373843433],[7.01542209295525,4.82037373306139],[7.01496615736232,4.82053241663777],[7.01457743440113,4.82046567615009],[7.01444823419871,4.82054171382907],[7.01451012464258,4.82101062573986],[7.01453423636599,4.82156628895314],[7.0144372597718,4.82193643282017],[7.01384508678137,4.82239014438971],[7.01340545409846,4.8225252513393],[7.01325464498592,4.82268984436087],[7.01269149581594,4.82251747310295],[7.012772015716,4.82112327931594],[7.01255914438906,4.82110571105977],[7.01223535877483,4.82119482218337],[7.01209667522141,4.82064115816297],[7.01170433338831,4.81993329638459],[7.01190140092893,4.81976943091456],[7.01184030458643,4.81966469407041],[7.01151264289422,4.81934636734104],[7.01148109197885,4.81926052705171],[7.01177716588353,4.81878051480896],[7.01127523086728,4.81853892003517],[7.01090880659621,4.81835823724288],[7.01056460367357,4.81799138489453],[7.01032454134457,4.81779540463424],[7.00990420091819,4.81764055396843],[7.00939576830012,4.81763509058703],[7.00908243910334,4.81755337458861],[7.00706012462513,4.82166464690596],[7.00597840927622,4.82441027531399],[7.00463072842541,4.82735462421658],[7.00422457660295,4.82861765907774],[7.00411010459771,4.8298409726828],[7.0042060136966,4.83036969760349],[7.00430452813151,4.83087661036734],[7.0051271523962,4.83084398386279],[7.00757207179373,4.83074701626185],[7.01027570276153,4.83052258594864],[7.01416380561517,4.83016921623641],[7.01702223778608,4.82977213497611],[7.01945299286137,4.82952202721981],[7.02257159530291,4.82914328763269],[7.02306897435375,4.82893544801254],[7.02334652222424,4.82888438630545],[7.02384541393474,4.82890541785082],[7.02504443325404,4.82915098223208],[7.0249568123071,4.82848571864105],[7.02491363855364,4.82747428890735],[7.02500831198404,4.82571633014459],[7.02467224702661,4.82437980358509],[7.02509253259433,4.82427735101896],[7.02532557841278,4.82542039473549],[7.02545887412776,4.82548124286512],[7.02641207635628,4.82550806244717],[7.0274423037194,4.82549464006564],[7.02756801365297,4.82539514267177],[7.0277728279537,4.82483091161731],[7.02783176142668,4.82461415521914],[7.02784159461396,4.82427025716669],[7.02785127671507,4.82374072735274],[7.02787208522858,4.82322647702034],[7.02792375128013,4.82305207509324],[7.02813421781997,4.82269238044904],[7.02858377092434,4.82188743056054],[7.02907015126652,4.82103287316863],[7.0293896291281,4.82043533032629],[7.02954332686312,4.82016625227078],[7.0295754470493,4.8200035307384],[7.0295846453152,4.81944820477088],[7.02955997691146,4.81807733939775],[7.02981394455793,4.81771419225623],[7.03128434689512,4.81990667825067]]]},"properties":{"FID":792,"globalid":"2a8658a7-7fdb-4ded-b3b9-a4516164b552","uniq_id":500023,"timestamp":1552694400000,"editor":"oluseye.abraham","wardname":"Phward 11","wardcode":"RVSPHC11","lganame":"Port-Harcourt","lgacode":"33022","statename":"Rivers","statecode":"RI","amapcode":"NIE RVS PHC","status":"Operational Placeholder","source":"INEC","urban":"Yes","Shape__Area":0.00066516366882041211,"Shape__Length":0.14422849595904533}},{"type":"Feature","id":793,"geometry":{"type":"Polygon","coordinates":[[[6.99582023761394,4.79327381073784],[6.99546076780024,4.79293311786915],[6.99342612001948,4.7901664264395],[6.99281450098846,4.78934385433547],[6.9911913757814,4.79042590693012],[6.99050739100335,4.79107053827477],[6.9922652391495,4.79222897298877],[6.99156209881187,4.79276153711527],[6.99258982965694,4.79389910755782],[6.99266008289658,4.79395589165114],[6.99419092597049,4.79513682920134],[6.9945813918178,4.79460101042832],[6.9951646012654,4.79394790836932],[6.99582023761394,4.79327381073784]]]},"properties":{"FID":793,"globalid":"45b85ba9-f2c0-4677-8ce1-96ad83d8aa80","uniq_id":500024,"timestamp":1552694400000,"editor":"oluseye.abraham","wardname":"Phward 12","wardcode":"RVSPHC12","lganame":"Port-Harcourt","lgacode":"33022","statename":"Rivers","statecode":"RI","amapcode":"NIE RVS PHC","status":"Operational Placeholder","source":"INEC","urban":"Yes","Shape__Area":1.412132597167215E-05,"Shape__Length":0.016868281229112207}},{"type":"Feature","id":794,"geometry":{"type":"Polygon","coordinates":[[[7.02657827286907,4.78032192571635],[7.02798805010849,4.78686867904634],[7.02832873218529,4.78928036579629],[7.02625731742131,4.79047919715725],[7.02445097872976,4.79079493204051],[7.02252041488526,4.79240871239222],[7.01870501412515,4.79442582878903],[7.01873494895875,4.79443588860545],[7.02184054900221,4.79547956083309],[7.0226104442167,4.79574621521573],[7.02405622491489,4.79624696312692],[7.02564891436595,4.79673486242399],[7.0271524135531,4.79694489369194],[7.02833292842195,4.79685991765115],[7.02905847716704,4.79685586620531],[7.03024218013257,4.79700428312123],[7.03167573904415,4.79692853412462],[7.03247271914074,4.79672373331368],[7.03313652043414,4.79641148330336],[7.03376079562429,4.79602322169438],[7.03412992685469,4.79583076857517],[7.03444904318883,4.79571344212172],[7.03479031791886,4.79561134298916],[7.03518391430623,4.79553176917585],[7.03603307486657,4.79546360596072],[7.03684469682537,4.79543160358571],[7.03771098587333,4.79538925540987],[7.03805463391427,4.79539154508376],[7.03818856634933,4.79561301842608],[7.03823729161775,4.79567165782078],[7.03809559443619,4.79616874639061],[7.03780905874112,4.79702247280892],[7.03751423219609,4.79800996438837],[7.03723022539464,4.79893009944459],[7.03699309755348,4.79977874559268],[7.03673436529874,4.80085954723035],[7.03648881710529,4.8019705454044],[7.03637540540069,4.80249143902876],[7.03623091762279,4.80311863161961],[7.03601830260266,4.80375718714453],[7.03576741783212,4.80427442412542],[7.03507800834348,4.80541451536766],[7.036292225306,4.80613458274485],[7.03741823676228,4.80688084467528],[7.04209427792864,4.81046562688721],[7.04550079562529,4.81359914908154],[7.04578802199967,4.81388180240333],[7.04659934538353,4.814680204328],[7.04777249300622,4.81286020493457],[7.04982030326443,4.81285960328813],[7.05343080069093,4.8137084688708],[7.05707895183218,4.81231817184619],[7.05787599308269,4.81108459158071],[7.0586525100054,4.80876641004181],[7.060908110421,4.80726014184211],[7.06889790061769,4.80239633842035],[7.06948388897035,4.79505357086566],[7.06247889688365,4.79114467568627],[7.06138475560203,4.78595422230956],[7.0661535015829,4.78140108519199],[7.06811012867956,4.77993811035554],[7.06953269517777,4.77663677376813],[7.06912159618474,4.77472933599012],[7.06821885311763,4.77200519598307],[7.06334615000486,4.77034657093753],[7.05826434912046,4.76872502314137],[7.05581102825641,4.7660815343354],[7.05294081766465,4.76696856894432],[7.04619292286515,4.76895149131832],[7.03517124465725,4.76946708433854],[7.03186737018302,4.76947135701755],[7.02900813132027,4.77068534825025],[7.0273743869185,4.77335733567253],[7.02628230868163,4.77943591003924],[7.02657827286907,4.78032192571635]]]},"properties":{"FID":794,"globalid":"4d217729-fc20-4b5c-8c35-c50e80fbaf1d","uniq_id":500025,"timestamp":1552694400000,"editor":"oluseye.abraham","wardname":"Phward 1","wardcode":"RVSPHC01","lganame":"Port-Harcourt","lgacode":"33022","statename":"Rivers","statecode":"RI","amapcode":"NIE RVS PHC","status":"Operational Placeholder","source":"INEC","urban":"Yes","Shape__Area":0.001521812085346852,"Shape__Length":0.18346568232619026}},{"type":"Feature","id":795,"geometry":{"type":"Polygon","coordinates":[[[6.99852959006859,4.79740037332863],[6.99823644885311,4.79679363222039],[6.99582023761394,4.79327381073784],[6.9951646012654,4.79394790836932],[6.9945813918178,4.79460101042832],[6.99419092597049,4.79513682920134],[6.99266008289658,4.79395589165114],[6.99258982965694,4.79389910755782],[6.99156209881187,4.79276153711527],[6.9907589349769,4.79335285035381],[6.98714863180396,4.79614041235021],[6.98718785663431,4.79614744055198],[6.99003501040744,4.79788294594124],[6.99183455292234,4.79869443030378],[6.99198861937936,4.79877076296037],[6.99216562304514,4.79849879538313],[6.9931130561227,4.79908559582361],[6.99371590766305,4.79940323367236],[6.99445122214621,4.80002047166749],[6.99503934099283,4.80080559510219],[6.99564485002986,4.80172055815729],[6.9961296259815,4.80236566074672],[6.99620726355442,4.80231795710807],[6.99629266767255,4.80215073716681],[6.99621946735459,4.80131454662904],[6.99621917957154,4.80131126230498],[6.99654158742436,4.80056422515889],[6.99783420908153,4.79827461777944],[6.99852959006859,4.79740037332863]]]},"properties":{"FID":795,"globalid":"ca2ab7f7-25ee-4ca4-af8b-9bfc23234f87","uniq_id":500026,"timestamp":1552694400000,"editor":"oluseye.abraham","wardname":"Phward 6","wardcode":"RVSPHC06","lganame":"Port-Harcourt","lgacode":"33022","statename":"Rivers","statecode":"RI","amapcode":"NIE RVS PHC","status":"Operational Placeholder","source":"INEC","urban":"Yes","Shape__Area":4.8868646267408167E-05,"Shape__Length":0.033704829759786684}},{"type":"Feature","id":796,"geometry":{"type":"Polygon","coordinates":[[[6.9961296259815,4.80236566074672],[6.99564485002986,4.80172055815729],[6.99503934099283,4.80080559510219],[6.99445122214621,4.80002047166749],[6.99371590766305,4.79940323367236],[6.9931130561227,4.79908559582361],[6.99216562304514,4.79849879538313],[6.99198861937936,4.79877076296037],[6.99119168514818,4.8002228488055],[6.9910592437891,4.8004462269119],[6.99047686711378,4.8018895020989],[6.98970547722604,4.80412001592606],[6.98949692534291,4.80463172657295],[6.98918917464073,4.80504108357917],[6.98839809589543,4.80598028786005],[6.98541289618828,4.80884328409036],[6.98507327980809,4.80931611524659],[6.98478084815764,4.80996584304927],[6.98448702255808,4.8116340998339],[6.98397488922978,4.81357946831787],[6.98446988058055,4.81370648586568],[6.9874613341733,4.81435107404286],[6.98982292328935,4.81487815590225],[6.99282781904867,4.81551292977792],[6.99274706532486,4.81502622298183],[6.99256257929966,4.81454567923976],[6.99237537012726,4.81391181367928],[6.99240801911486,4.8131453322913],[6.99228379486129,4.8118948555632],[6.99228292161956,4.81188606828749],[6.9921999537649,4.81115468384161],[6.99224502868515,4.8107854716722],[6.99318841481352,4.8097655892106],[6.9940150095851,4.8090452673253],[6.99455069885573,4.80849970619653],[6.99517415386418,4.80800148807828],[6.99563696207616,4.8076292793678],[6.99578156316863,4.80749857639825],[6.99617089587019,4.80708041862647],[6.99653899198097,4.80667555013656],[6.99652242017362,4.80643809134489],[6.99634649029832,4.80578511968758],[6.99614972942652,4.80512845181664],[6.99609802380479,4.80487202002774],[6.99613742040566,4.80385743097571],[6.9961470764265,4.80352415841321],[6.99598410578193,4.80316917621656],[6.99583548561924,4.80293088285401],[6.99576594823998,4.80267379635865],[6.99590009921025,4.80247063591116],[6.99604966096314,4.8023893830636],[6.9961296259815,4.80236566074672]]]},"properties":{"FID":796,"globalid":"e10f7017-37f8-4db0-b115-0cdb072eb4ae","uniq_id":500028,"timestamp":1552694400000,"editor":"oluseye.abraham","wardname":"Phward 14","wardcode":"RVSPHC14","lganame":"Port-Harcourt","lgacode":"33022","statename":"Rivers","statecode":"RI","amapcode":"NIE RVS PHC","status":"Operational Placeholder","source":"INEC","urban":"Yes","Shape__Area":0.00010846822512888821,"Shape__Length":0.047699660254465988}},{"type":"Feature","id":797,"geometry":{"type":"Polygon","coordinates":[[[6.99830886676085,4.7915343015668],[6.99582023761394,4.79327381073784],[6.99823644885311,4.79679363222039],[6.99852959006859,4.79740037332863],[6.99886213238153,4.79719302563768],[6.99916471467986,4.79692305995133],[6.99987998687192,4.79685151978185],[7.00059517542707,4.79646316374408],[7.00093446175606,4.79633008026906],[7.00185124324031,4.79658078877242],[7.00215979613773,4.79656180498336],[7.0027429372368,4.79618675531458],[7.00369837338127,4.79557268563099],[7.00400736784582,4.7952989949527],[7.00466666623373,4.79466366169868],[7.0047913581347,4.79426530969636],[7.00493762207367,4.79385809037859],[7.00531038656516,4.79350849332235],[7.0059184020127,4.79328739319868],[7.00630375161688,4.79335492508977],[7.0080861386644,4.79456699537059],[7.01045935061859,4.79292393129447],[7.0109614097413,4.79355532821586],[7.01134335541155,4.79321496629768],[7.0119564412368,4.7927595091441],[7.01239829884247,4.79244930599071],[7.01272153587024,4.79234479127916],[7.0130515232093,4.792373486847],[7.01554858260107,4.79331324600952],[7.01689819879289,4.79179113715128],[7.01907053997348,4.78964420091921],[7.01965243011563,4.78897546774368],[7.02054200530932,4.78743844003202],[7.02087466183622,4.7867393277578],[7.02116699995713,4.78595125184881],[7.02143284764787,4.78496326834022],[7.02154890695653,4.78414594737762],[7.02162479444877,4.78314769091327],[7.02164879195823,4.78215751575681],[7.02153965023473,4.78105008699197],[7.02154640684125,4.78099432183052],[7.02103890682014,4.77580147895515],[7.01892651084984,4.77499694185542],[7.01830250365765,4.77648870758782],[7.01751671472465,4.77769071805227],[7.01610481508521,4.77829219003257],[7.01334127937662,4.77428231087998],[7.01258160855446,4.77498316604033],[7.01059904141266,4.77621309236036],[7.00944594417501,4.77713630579592],[7.00772847379011,4.77885641299309],[7.00715626484981,4.77962688737102],[7.00660115921619,4.7807654974298],[7.00578195417387,4.78254925234614],[7.00544512029609,4.78264808963769],[7.005128179422,4.78260679906458],[7.0043545691081,4.78417346573292],[7.00361362936553,4.78572261360779],[7.00281082256146,4.78716496159376],[7.0018091882435,4.78795982108892],[7.00164117420087,4.78825441201155],[7.00154606729723,4.78852374457517],[7.00113548991101,4.78900929933974],[6.99962413424646,4.79063856691636],[6.99830886676085,4.7915343015668]]]},"properties":{"FID":797,"globalid":"ebd95bb0-c26b-409d-a3d5-f6d0fc7fc751","uniq_id":500029,"timestamp":1552694400000,"editor":"oluseye.abraham","wardname":"Phward 17","wardcode":"RVSPHC17","lganame":"Port-Harcourt","lgacode":"33022","statename":"Rivers","statecode":"RI","amapcode":"NIE RVS PHC","status":"Operational Placeholder","source":"INEC","urban":"Yes","Shape__Area":0.00030668627929486547,"Shape__Length":0.083406468337420034}},{"type":"Feature","id":798,"geometry":{"type":"Polygon","coordinates":[[[7.00908243910334,4.81755337458861],[7.00931993206927,4.81700305424761],[7.00786108512102,4.81661416581113],[7.00631519908723,4.81616889258038],[7.00577724982026,4.81595207682693],[7.00534650423782,4.81566830384918],[7.00493046886612,4.81523685409758],[7.00398344318143,4.8138937750777],[7.00342339577315,4.81301344941119],[7.00330368881424,4.81287363271201],[7.00225644088209,4.81126340738041],[7.00151076800756,4.8101345270868],[7.00084224437416,4.80902342189347],[6.99979248013892,4.80761329481777],[6.99967758185494,4.80731143287636],[7.00008172279331,4.80682375481246],[7.00065084526034,4.80585745755565],[7.00098236594346,4.80486666456494],[7.00129693620471,4.80427294563998],[7.00270549216481,4.8061973824033],[7.00751299712715,4.8027535023723],[7.00641841967439,4.80034079489184],[7.00578702904818,4.79840824624364],[7.00486055467093,4.79705572973819],[7.00416113302992,4.7961632065668],[7.00369837338127,4.79557268563099],[7.0027429372368,4.79618675531458],[7.00215979613773,4.79656180498336],[7.00185124324031,4.79658078877242],[7.00093446175606,4.79633008026906],[7.00059517542707,4.79646316374408],[6.99987998687192,4.79685151978185],[6.99916471467986,4.79692305995133],[6.99886213238153,4.79719302563768],[6.99852959006859,4.79740037332863],[6.99783420908153,4.79827461777944],[6.99654158742436,4.80056422515889],[6.99621917957154,4.80131126230498],[6.99621946735459,4.80131454662904],[6.99629266767255,4.80215073716681],[6.99620726355442,4.80231795710807],[6.9961296259815,4.80236566074672],[6.99604966096314,4.8023893830636],[6.99590009921025,4.80247063591116],[6.99576594823998,4.80267379635865],[6.99583548561924,4.80293088285401],[6.99598410578193,4.80316917621656],[6.9961470764265,4.80352415841321],[6.99613742040566,4.80385743097571],[6.99609802380479,4.80487202002774],[6.99614972942652,4.80512845181664],[6.99634649029832,4.80578511968758],[6.99652242017362,4.80643809134489],[6.99653899198097,4.80667555013656],[6.99617089587019,4.80708041862647],[6.99578156316863,4.80749857639825],[6.99563696207616,4.8076292793678],[6.99517415386418,4.80800148807828],[6.99455069885573,4.80849970619653],[6.9940150095851,4.8090452673253],[6.99318841481352,4.8097655892106],[6.99224502868515,4.8107854716722],[6.9921999537649,4.81115468384161],[6.99228292161956,4.81188606828749],[6.99228379486129,4.8118948555632],[6.99240801911486,4.8131453322913],[6.99237537012726,4.81391181367928],[6.99256257929966,4.81454567923976],[6.99274706532486,4.81502622298183],[6.99282781904867,4.81551292977792],[6.99294340171667,4.81553804334607],[6.99515782757175,4.8160316578348],[6.99511668178945,4.81729345522882],[6.99495724637984,4.81841210663345],[6.99466723390577,4.81951115731408],[6.99440860956975,4.82022766427531],[6.99560744272935,4.82057364875493],[6.99694063460265,4.8206057437601],[6.99785520735196,4.82049481958029],[6.99931746632808,4.82024932534614],[7.00106158812184,4.81974619243289],[7.00119717800743,4.82034625607491],[7.00096833022428,4.82080792304725],[7.00106832224532,4.82095597303976],[7.00145577806177,4.82094436818807],[7.00189764555995,4.82076670981587],[7.00233623592857,4.82063358497203],[7.00272845455459,4.82067287365425],[7.00417868509828,4.82115526910042],[7.00569810318495,4.82164389774772],[7.00578056202335,4.82181436873816],[7.00564674470155,4.82224008890904],[7.00523547213936,4.82319810520846],[7.00488795341636,4.82407367705861],[7.00597840927622,4.82441027531399],[7.00706012462513,4.82166464690596],[7.00908243910334,4.81755337458861]]]},"properties":{"FID":798,"globalid":"f8357384-e6a8-481d-b728-7ab69391d572","uniq_id":500030,"timestamp":1552694400000,"editor":"oluseye.abraham","wardname":"Phward 2","wardcode":"RVSPHC02","lganame":"Port-Harcourt","lgacode":"33022","statename":"Rivers","statecode":"RI","amapcode":"NIE RVS PHC","status":"Operational Placeholder","source":"INEC","urban":"Yes","Shape__Area":0.00023734704423716835,"Shape__Length":0.0927092913831763}},{"type":"Feature","id":799,"geometry":{"type":"Polygon","coordinates":[[[7.01554858260107,4.79331324600952],[7.0130515232093,4.792373486847],[7.01272153587024,4.79234479127916],[7.01239829884247,4.79244930599071],[7.0119564412368,4.7927595091441],[7.01134335541155,4.79321496629768],[7.0109614097413,4.79355532821586],[7.01045935061859,4.79292393129447],[7.0080861386644,4.79456699537059],[7.00630375161688,4.79335492508977],[7.0059184020127,4.79328739319868],[7.00531038656516,4.79350849332235],[7.00493762207367,4.79385809037859],[7.0047913581347,4.79426530969636],[7.00466666623373,4.79466366169868],[7.00400736784582,4.7952989949527],[7.00369837338127,4.79557268563099],[7.00416113302992,4.7961632065668],[7.00486055467093,4.79705572973819],[7.00578702904818,4.79840824624364],[7.00641841967439,4.80034079489184],[7.00751299712715,4.8027535023723],[7.00799711027844,4.8036760709939],[7.0081130167024,4.80325807779809],[7.00829482184861,4.80260243605363],[7.00840960412,4.80194103235283],[7.00879003713055,4.80208681155716],[7.00889922202151,4.80157468992007],[7.00896375917017,4.80126392469043],[7.00889043024921,4.80088148709103],[7.00888150807521,4.80053215983133],[7.00895937677387,4.80019785124989],[7.00902480425134,4.79975693613375],[7.00907259062762,4.79943813636095],[7.00915687419047,4.79917439128519],[7.00933213317148,4.79871944584579],[7.00948158160975,4.79803865995626],[7.01130849139383,4.79839181922711],[7.01167487609473,4.79827450086759],[7.01289605830647,4.79784115264715],[7.01321480771725,4.79773032199682],[7.01323726828537,4.79795453287545],[7.01410138457129,4.79793574693724],[7.01512394071733,4.79798647859315],[7.01603290259641,4.79800310435985],[7.01859785540677,4.79765705512904],[7.01865493897429,4.79656275017084],[7.01870501412515,4.79442582878903],[7.01554858260107,4.79331324600952]]]},"properties":{"FID":799,"globalid":"ff3665cd-2486-4c90-aa2b-663387f0c013","uniq_id":500031,"timestamp":1552694400000,"editor":"oluseye.abraham","wardname":"Phward 18","wardcode":"RVSPHC18","lganame":"Port-Harcourt","lgacode":"33022","statename":"Rivers","statecode":"RI","amapcode":"NIE RVS PHC","status":"Operational Placeholder","source":"INEC","urban":"Yes","Shape__Area":7.60390385821097E-05,"Shape__Length":0.046393504279484458}},{"type":"Feature","id":800,"geometry":{"type":"Polygon","coordinates":[[[6.98475714202851,4.83364960514518],[6.98368475624653,4.83245256973038],[6.98283991423068,4.83156171390203],[6.98201614243106,4.83052783619075],[6.98198240256585,4.83055876927182],[6.98041761368199,4.83021715010142],[6.97643755604844,4.82935262462399],[6.97672632476014,4.82732021795374],[6.97753941261385,4.82229863567352],[6.97384095339731,4.82080302444007],[6.973278386988,4.82056963597995],[6.97168878041293,4.81990183540142],[6.9699556744149,4.81918216822254],[6.96847087213308,4.81861927266135],[6.96784150857883,4.81832236238716],[6.96730882574178,4.81816760615015],[6.96502222389654,4.8178865050582],[6.96447395131185,4.81793260790357],[6.96366423321786,4.81809353259052],[6.96318335133066,4.81820188560857],[6.96330602695161,4.81899362985217],[6.96406246291241,4.82008915519043],[6.96406292426457,4.82009232170333],[6.96424488499349,4.82161153744255],[6.96365083781598,4.82273816763239],[6.96313911188054,4.82345932498788],[6.9628935376067,4.82372458811932],[6.96211394770057,4.82423678889671],[6.96100608276458,4.82492356786844],[6.96100423016117,4.82492138971043],[6.96013841055924,4.82398397508041],[6.95879756275735,4.82223229628352],[6.95552365009644,4.81777533086688],[6.95462230997168,4.81660316530389],[6.95429121466788,4.81637211238314],[6.95354396168455,4.81570638024527],[6.95161372879062,4.81597819313913],[6.95106190838044,4.81593683511687],[6.95046510837813,4.81605099235946],[6.95018186060446,4.81614092366476],[6.94785298073054,4.81597852768698],[6.94699677398199,4.82142922238074],[6.94651198903711,4.82491773306697],[6.95106072397328,4.83438745391788],[6.95213041718506,4.83332117633125],[6.95242591462431,4.83252797608526],[6.95258421778749,4.83154673659266],[6.95503574900067,4.83187489471067],[6.95690121721742,4.83198419021824],[6.95832316228416,4.83206493135157],[6.95920576143681,4.83207461705001],[6.9595355302406,4.83202283228792],[6.96060488440793,4.83236363577322],[6.96313128418149,4.83323343037858],[6.96476680204631,4.83369944827098],[6.9660331823855,4.83408796438812],[6.96805168823488,4.83440513189134],[6.96853334803563,4.83420762458223],[6.96935852907291,4.83374806921807],[6.97018344031358,4.83352564439303],[6.97123502657524,4.83349505035636],[6.97206414574379,4.8335410461824],[6.97318620737764,4.8336630131376],[6.97507955997378,4.83373295431244],[6.97605266509845,4.83352592498147],[6.97640265965509,4.83430707161409],[6.97731695541319,4.83554307465323],[6.97785012928011,4.83600862489817],[6.97818434343276,4.83639548716206],[6.97873132009437,4.83667288934242],[6.97901292390736,4.83669270410508],[6.97931410596129,4.83662381513699],[6.97978951097718,4.83677483019432],[6.98023403327409,4.83691683584334],[6.98053676665853,4.8368710963241],[6.98077650433225,4.83667286236278],[6.98086160897611,4.83648051086692],[6.98085537577504,4.83597296228243],[6.98089548733691,4.83576697076916],[6.98131657240197,4.83561034124432],[6.98245600264244,4.83522762485507],[6.98388807857202,4.83479194019594],[6.98473402495534,4.834420433856],[6.98516559521607,4.83406074640635],[6.98475714202851,4.83364960514518]]]},"properties":{"FID":800,"globalid":"32f3ad91-3bd4-499b-8b28-fa7414a7af4a","uniq_id":500032,"timestamp":1552694400000,"editor":"oluseye.abraham","wardname":"Obward 4","wardcode":"RVSRUM04","lganame":"Obio/Akpor","lgacode":"33015","statename":"Rivers","statecode":"RI","amapcode":"NIE RVS RUM","status":"Operational Placeholder","source":"INEC","urban":"Yes","Shape__Area":0.0004388812854756452,"Shape__Length":0.11779133993196479}},{"type":"Feature","id":801,"geometry":{"type":"Polygon","coordinates":[[[6.98406185636964,4.85979971118775],[6.98436709166799,4.85889518386568],[6.98470464230547,4.85784693139084],[6.98527483766367,4.85608026269404],[6.98591492383474,4.85425653920794],[6.98644359119885,4.85348679507956],[6.98758027490982,4.85251350289587],[6.98826955039948,4.85196823494613],[6.98849525415272,4.85173592207519],[6.98871086301597,4.85132271327262],[6.98901404875937,4.85067219586517],[6.98919972188969,4.8502206651516],[6.98949588392793,4.84950920158843],[6.98991000014644,4.84844677489878],[6.99032352640967,4.84769759916492],[6.99050960693285,4.84750362079552],[6.99038425403018,4.84707376464257],[6.9901536948372,4.84646002501017],[6.99014754437371,4.84645921831833],[6.98898739824989,4.84470900181901],[6.9885711209605,4.84408099803966],[6.98838801809262,4.84357766367827],[6.9882949328649,4.84299793910367],[6.98825822523696,4.84193818789709],[6.98823854267465,4.84116964436362],[6.98823957329773,4.84032040016638],[6.98830800630947,4.83960340307465],[6.98834698472564,4.83887598373968],[6.9883853093346,4.83857865618006],[6.98845598525554,4.83775140490349],[6.98860727280743,4.83738946195416],[6.98903887994038,4.83711734598876],[6.98955395944773,4.83681783757322],[6.99002751455822,4.83652176366849],[6.99073994399328,4.83609246239729],[6.99120696912638,4.83582016027225],[6.99183448817115,4.83541674958337],[6.99279130567425,4.83484695262479],[6.99408913890267,4.83416096595585],[6.99538618882161,4.8335697444482],[6.99607335540105,4.8332592058477],[6.99655044664587,4.83303001182566],[6.99794557123118,4.83272181955635],[6.99899078669551,4.83250365302121],[6.9995840370737,4.83238269330673],[7.00015392126647,4.8323516298239],[7.00175704465192,4.83226926991091],[7.00269539097957,4.83220651791652],[7.00357804589015,4.83234999035983],[7.00432098932225,4.83262377186963],[7.00482897677591,4.83283931957897],[7.00546625436419,4.83302348364691],[7.0059651667591,4.83317737923272],[7.00520414065863,4.83252872701917],[7.00507945595217,4.83228152767043],[7.00466537120997,4.83180285092089],[7.00430452813151,4.83087661036734],[7.0042060136966,4.83036969760349],[7.00254436782836,4.83003295815456],[7.00165196426678,4.82974951792596],[7.00000803504281,4.82947532902324],[6.99910944414557,4.82958098227658],[6.99810032926683,4.82988246200608],[6.99723472280425,4.83022057561914],[6.99684653044307,4.8304260005595],[6.99605733487817,4.83081049131118],[6.99618567532872,4.83115331737173],[6.996312174867,4.83152058880415],[6.99543937382811,4.83179071187192],[6.99495771132939,4.8319186179499],[6.9948059768144,4.83147998980974],[6.99454696037395,4.83084039556786],[6.99336092906367,4.83139882239777],[6.99236262403593,4.83144102218546],[6.99136622736955,4.83159105518308],[6.99060518328264,4.83177035212009],[6.99057190117236,4.83164678527095],[6.98934978726294,4.83187438839235],[6.98836945518627,4.8320046956602],[6.98754232172081,4.83224467615094],[6.98702120326595,4.83231251740881],[6.98644059915438,4.83230089816794],[6.98574876419417,4.83218540003622],[6.98539000214691,4.83221717398345],[6.98528334525025,4.83231201468777],[6.98522525264332,4.83255976891826],[6.98518200964207,4.83275869985414],[6.9851563798631,4.83291267637895],[6.985132243858,4.83326260618435],[6.98475714202851,4.83364960514518],[6.98516559521607,4.83406074640635],[6.98473402495534,4.834420433856],[6.98388807857202,4.83479194019594],[6.98245600264244,4.83522762485507],[6.98131657240197,4.83561034124432],[6.98089548733691,4.83576697076916],[6.98085537577504,4.83597296228243],[6.98086160897611,4.83648051086692],[6.98077650433225,4.83667286236278],[6.98053676665853,4.8368710963241],[6.98023403327409,4.83691683584334],[6.97978951097718,4.83677483019432],[6.97931410596129,4.83662381513699],[6.97901292390736,4.83669270410508],[6.97873132009437,4.83667288934242],[6.97818434343276,4.83639548716206],[6.97785012928011,4.83600862489817],[6.97731695541319,4.83554307465323],[6.97717564943673,4.83588194729407],[6.97664605667023,4.83639963933194],[6.97630441231883,4.83688706468632],[6.97617605028455,4.83733157978861],[6.97564780740043,4.84080074066168],[6.97550920928262,4.84176637601746],[6.9753983993167,4.84257767332099],[6.97504559797602,4.84257418844811],[6.97482321092252,4.84266110522589],[6.9744000601147,4.84298661034381],[6.97332268309538,4.84323882521164],[6.97235552428805,4.84343403115565],[6.97218497955322,4.84304678578059],[6.97169861360021,4.84303579876314],[6.97099973604901,4.8431173304005],[6.97047888829013,4.84326440372928],[6.97006879294048,4.84345193755695],[6.96920439067014,4.84374465788972],[6.96918153799766,4.84414420958763],[6.96878424989325,4.84430674316172],[6.96902754258707,4.84503889832655],[6.96937060337069,4.8460025749589],[6.96899569309682,4.84611828802861],[6.96688051732207,4.84680349858263],[6.96482317514949,4.84749167779876],[6.96329377368875,4.84795139594024],[6.95906541233893,4.84936733623363],[6.9557241917181,4.85740271936004],[6.94963843896284,4.86268180182373],[6.94773612732047,4.86447489530025],[6.94568605706593,4.86652570659612],[6.9445476178783,4.86733595978677],[6.94471362193616,4.86869086309292],[6.94494863097458,4.87013783809078],[6.94728514609267,4.86987148857838],[6.95100180039282,4.86948830004508],[6.95300913036709,4.86929001122508],[6.95603611617389,4.86885825840193],[6.95504796269336,4.87324907778276],[6.95465063681746,4.87497015984508],[6.9547489839785,4.87518590810322],[6.95494177434347,4.87544907491491],[6.9551681364004,4.87570654092417],[6.95513789669661,4.87610370132478],[6.95476527789532,4.87670117042273],[6.95506231317523,4.87748977962968],[6.9563543907426,4.88049775556703],[6.95882903003576,4.88556792821737],[6.95963449163855,4.88564182281192],[6.96082990557574,4.8857744143578],[6.96096511414873,4.88562052236927],[6.96137062205662,4.8852897346336],[6.96284623956234,4.88389494909268],[6.96420879609911,4.88265907375728],[6.96530866426349,4.88155477283453],[6.96813372259328,4.87977934833833],[6.97124376798553,4.87694827893995],[6.97671472440504,4.8713975292726],[6.97723600293921,4.86980693524191],[6.98101137757305,4.86926378519559],[6.98273156121263,4.8634875323238],[6.98406185636964,4.85979971118775]]]},"properties":{"FID":801,"globalid":"19524ac5-5586-4b91-9023-939e0e0d1cad","uniq_id":500033,"timestamp":1552694400000,"editor":"oluseye.abraham","wardname":"Obward 8","wardcode":"RVSRUM08","lganame":"Obio/Akpor","lgacode":"33015","statename":"Rivers","statecode":"RI","amapcode":"NIE RVS RUM","status":"Operational Placeholder","source":"INEC","urban":"Yes","Shape__Area":0.0011695925505854632,"Shape__Length":0.20247053957848316}},{"type":"Feature","id":802,"geometry":{"type":"Polygon","coordinates":[[[7.04259695218764,4.8637041906959],[7.04351905496048,4.86388333924475],[7.0457039416836,4.86433617037801],[7.04878415476497,4.86512321926119],[7.0500731719394,4.86536083993087],[7.05132885484284,4.86541389273702],[7.05244915920139,4.86533199597488],[7.05352853541365,4.86510131537347],[7.05515810156521,4.86463458881525],[7.05641295889097,4.86407550907751],[7.05708299518415,4.86362670420908],[7.05841210413536,4.86293637381465],[7.05969629644699,4.862246112668],[7.05977599076942,4.86220352886983],[7.06003480396311,4.86206523292418],[7.06082364339647,4.86164189415814],[7.06114056088825,4.86147216061175],[7.06176008226203,4.86102143389212],[7.06339608216354,4.85970978168115],[7.06488095189445,4.85811150294353],[7.06532195514416,4.85759351412941],[7.06689617162107,4.85597381174205],[7.06535443326055,4.85512965411027],[7.06422530025748,4.85425852221306],[7.06249551725438,4.85289479116176],[7.060587575856,4.85160549609679],[7.06045671910238,4.85117531798659],[7.05996684489401,4.84958607743556],[7.0596201868222,4.84855303429515],[7.05964190634893,4.8481291874121],[7.05956368331738,4.84748537894711],[7.05926330885467,4.84709653997339],[7.05902653804435,4.84689021481159],[7.05899117130554,4.84666346244887],[7.05906039662005,4.84656862624115],[7.05913900456147,4.8465137082411],[7.05912012509373,4.84587303121549],[7.05927827087555,4.84500700926611],[7.05936138262177,4.8443950170165],[7.05888241269326,4.84459361340458],[7.05865050631587,4.84466521472791],[7.05824084983539,4.84467078243074],[7.05817834695318,4.84502472860839],[7.05814572764325,4.84542060207917],[7.05758757870382,4.84551897891777],[7.05699996527625,4.84583892982278],[7.05542093023178,4.84677161671681],[7.05448431869638,4.84739690544291],[7.05411725500738,4.8477692031862],[7.05368790157547,4.84822705073788],[7.05340811709095,4.84851097929828],[7.05356636629483,4.84884620698693],[7.05394681909047,4.84969238179804],[7.05293225072285,4.84969990912356],[7.05244808631016,4.8496430827621],[7.0511615413721,4.84911009775288],[7.0495734078865,4.84842990811381],[7.04810410721882,4.84784919518427],[7.04575509332295,4.84679517625642],[7.04449343982043,4.84624600794695],[7.04377127162695,4.84593166521421],[7.04285494519962,4.84553280869221],[7.04181807724251,4.84508981434351],[7.04165446897861,4.84569892606464],[7.04149058462281,4.84622043392591],[7.041238397634,4.8467233258209],[7.04113668880717,4.84696148608379],[7.04074610694732,4.84762200844898],[7.04064105803843,4.84791620996515],[7.04056511119097,4.84810565665077],[7.03974301302969,4.84780645580332],[7.03871498001234,4.8475139890794],[7.03804842229692,4.84732957679859],[7.03678037101736,4.84682532243073],[7.03720426196719,4.84594486006728],[7.03627580458476,4.84592229158056],[7.03515980168356,4.84592467028733],[7.0347599109412,4.84590890427256],[7.03332303982648,4.84557799243044],[7.03231226569858,4.84532874262743],[7.03058801082807,4.84475506869154],[7.03024805540349,4.84463751560889],[7.02902592530626,4.8443081577953],[7.0285170861946,4.84508833316011],[7.02797183443266,4.84657038441577],[7.02790240587137,4.8473520013938],[7.02727874941479,4.84856405638612],[7.02704845102522,4.84949852663573],[7.0274646671607,4.85133328660197],[7.02722283406661,4.85149750010959],[7.02750465101889,4.85182550084625],[7.02732007506148,4.85208155671853],[7.02727393534389,4.8523192960987],[7.02742255370794,4.85255676208493],[7.02760727805349,4.85281442594504],[7.02751942867872,4.85311431837113],[7.02788394458844,4.85368178878355],[7.02810079631473,4.85380460020218],[7.02819950680185,4.85415942142021],[7.02813906516576,4.85485294170996],[7.02756709634446,4.85547895708822],[7.02729994373749,4.85590695524184],[7.02725941758808,4.8560198102661],[7.02738030265891,4.85628794583209],[7.0274631859773,4.85698329264488],[7.02752528236596,4.85732844884888],[7.02742953784292,4.85749391061552],[7.02700217461074,4.85775008519835],[7.02659694729135,4.85828213581198],[7.02619883091137,4.85835205000717],[7.02596619608312,4.8584259392058],[7.02578985971428,4.85847443514712],[7.02557214643747,4.85893242119431],[7.02544717484727,4.85972435069829],[7.0256228502144,4.86031043078179],[7.02570671199521,4.86116852610667],[7.0256940252591,4.86221015597397],[7.02537999638974,4.86348827876111],[7.0253035261369,4.86474469820928],[7.02537197263848,4.86537680739377],[7.02689862487171,4.86553836880074],[7.02759783337336,4.86576419216379],[7.02800969589077,4.86591965976453],[7.02816737222651,4.86590153033143],[7.02840287229475,4.86575501638094],[7.02863635068707,4.86563758290816],[7.02837326031778,4.86714888821069],[7.02903473776297,4.86711633185325],[7.02925188806421,4.86712269725473],[7.02978471659145,4.86716152638337],[7.03081359407219,4.86718685668814],[7.03114348788171,4.8671841919969],[7.03129613161121,4.86714498155573],[7.03148685533415,4.86714160909804],[7.03142728064455,4.86867032437601],[7.0322815187771,4.86877540386183],[7.03281830522064,4.86874211995291],[7.03281753360233,4.86864372872515],[7.03322190296848,4.86851851971397],[7.03394287416438,4.86839374237735],[7.0341307182581,4.86875010413405],[7.03432121535184,4.86888367594094],[7.03555295920177,4.86863964220578],[7.03534172823822,4.86750720869077],[7.03558957869615,4.86739751928013],[7.03684572385112,4.8667928663977],[7.03733624467202,4.86653131207044],[7.03748106160174,4.86657320788726],[7.03820185203386,4.86638209026131],[7.03784760188535,4.86558191577285],[7.03726459298662,4.86435772712747],[7.03693508138895,4.86362308443785],[7.0369718996335,4.86356934814694],[7.03720044524442,4.86349006571402],[7.03790155221492,4.86325411598472],[7.03828095460244,4.86304344979544],[7.03831939702258,4.862542324169],[7.04259695218764,4.8637041906959]]]},"properties":{"FID":802,"globalid":"42a09851-4012-4c6f-8c15-bb16d1ab95c5","uniq_id":500034,"timestamp":1552694400000,"editor":"oluseye.abraham","wardname":"Obward 12","wardcode":"RVSRUM12","lganame":"Obio/Akpor","lgacode":"33015","statename":"Rivers","statecode":"RI","amapcode":"NIE RVS RUM","status":"Operational Placeholder","source":"INEC","urban":"Yes","Shape__Area":0.00065482236542280248,"Shape__Length":0.13323255549092675}},{"type":"Feature","id":803,"geometry":{"type":"Polygon","coordinates":[[[7.0059651667591,4.83317737923272],[7.00546625436419,4.83302348364691],[7.00482897677591,4.83283931957897],[7.00432098932225,4.83262377186963],[7.00357804589015,4.83234999035983],[7.00269539097957,4.83220651791652],[7.00175704465192,4.83226926991091],[7.00015392126647,4.8323516298239],[6.9995840370737,4.83238269330673],[6.99899078669551,4.83250365302121],[6.99794557123118,4.83272181955635],[6.99655044664587,4.83303001182566],[6.99607335540105,4.8332592058477],[6.99538618882161,4.8335697444482],[6.99408913890267,4.83416096595585],[6.99279130567425,4.83484695262479],[6.99183448817115,4.83541674958337],[6.99120696912638,4.83582016027225],[6.99073994399328,4.83609246239729],[6.99002751455822,4.83652176366849],[6.98955395944773,4.83681783757322],[6.98903887994038,4.83711734598876],[6.98860727280743,4.83738946195416],[6.98845598525554,4.83775140490349],[6.9883853093346,4.83857865618006],[6.98834698472564,4.83887598373968],[6.98830800630947,4.83960340307465],[6.98823957329773,4.84032040016638],[6.98823854267465,4.84116964436362],[6.98825822523696,4.84193818789709],[6.9882949328649,4.84299793910367],[6.98838801809262,4.84357766367827],[6.9885711209605,4.84408099803966],[6.98898739824989,4.84470900181901],[6.99014754437371,4.84645921831833],[6.9901536948372,4.84646002501017],[6.99038425403018,4.84707376464257],[6.99050960693285,4.84750362079552],[6.99032352640967,4.84769759916492],[6.98991000014644,4.84844677489878],[6.98949588392793,4.84950920158843],[6.98919972188969,4.8502206651516],[6.98901404875937,4.85067219586517],[6.98871086301597,4.85132271327262],[6.98849525415272,4.85173592207519],[6.98826955039948,4.85196823494613],[6.98758027490982,4.85251350289587],[6.98644359119885,4.85348679507956],[6.98591492383474,4.85425653920794],[6.98527483766367,4.85608026269404],[6.98470464230547,4.85784693139084],[6.98436709166799,4.85889518386568],[6.98406185636964,4.85979971118775],[6.98476324662658,4.85996324570726],[6.98716009905939,4.85939142257615],[6.99336860837462,4.85781124179545],[6.99979746957763,4.85695047368546],[7.00208275931192,4.85490379477437],[7.00165606157805,4.8548087157497],[7.00058174135432,4.85354561523798],[7.00039168223037,4.85329805795908],[7.00081324933205,4.85292087599765],[7.00110607128823,4.85267785220117],[7.00152041593452,4.85230609225238],[7.00216826775141,4.85184349628037],[7.0027724062216,4.85142601659743],[7.00359004464491,4.85122610270253],[7.00398289729293,4.85114906497739],[7.00449362318221,4.85125991901009],[7.00516224843904,4.85145083428864],[7.00601547123705,4.8515901986288],[7.00633276374612,4.85171612170171],[7.00660959215901,4.85170711679007],[7.00776449883261,4.8517827209958],[7.00781069430815,4.85117212809126],[7.00801950159877,4.8483156600397],[7.00856404739289,4.83811391892226],[7.0086963907259,4.83549541508137],[7.00874268962349,4.8350421091061],[7.00883692868138,4.83489821218279],[7.00758799698849,4.83402351087636],[7.00659450872962,4.83348503100945],[7.0059651667591,4.83317737923272]]]},"properties":{"FID":803,"globalid":"53bd0d9b-7974-469e-8357-e83d8e44bc7b","uniq_id":500035,"timestamp":1552694400000,"editor":"oluseye.abraham","wardname":"Obward 7","wardcode":"RVSRUM07","lganame":"Obio/Akpor","lgacode":"33015","statename":"Rivers","statecode":"RI","amapcode":"NIE RVS RUM","status":"Operational Placeholder","source":"INEC","urban":"Yes","Shape__Area":0.00044567917619886543,"Shape__Length":0.093619027507987715}},{"type":"Feature","id":804,"geometry":{"type":"Polygon","coordinates":[[[7.05936138262177,4.8443950170165],[7.06000051641075,4.84093332681164],[7.05983225415525,4.83926967275727],[7.05967062799715,4.83766558889585],[7.05950282799319,4.83668009291199],[7.0600850248041,4.83538127762392],[7.06268586056405,4.83263553590132],[7.06353826857628,4.83082052684591],[7.06456823333735,4.82988860527496],[7.06605611040123,4.82736771294964],[7.07360826171197,4.81661938907359],[7.06950179087499,4.81129210294824],[7.06865802264969,4.81021747425706],[7.06801708931727,4.80941575203536],[7.06783267523781,4.80934968693856],[7.06646367325999,4.80968815128722],[7.06375863125589,4.80941181930007],[7.0625471958964,4.80925801994169],[7.06232163603471,4.80913122902302],[7.06202365376868,4.80874499358663],[7.060908110421,4.80726014184211],[7.0586525100054,4.80876641004181],[7.05787599308269,4.81108459158071],[7.05707895183218,4.81231817184619],[7.05343080069093,4.8137084688708],[7.04982030326443,4.81285960328813],[7.04777249300622,4.81286020493457],[7.04659934538353,4.814680204328],[7.04578802199967,4.81388180240333],[7.04550079562529,4.81359914908154],[7.04209427792864,4.81046562688721],[7.03741823676228,4.80688084467528],[7.03584788467219,4.80981906829544],[7.03507603702951,4.81128551811224],[7.03458462857782,4.81230180418498],[7.03358657086358,4.81409809924793],[7.03261588491523,4.81595254717234],[7.03174411539868,4.81771005357615],[7.03174384560202,4.81771046726431],[7.03154594618849,4.81802200141431],[7.03137784581099,4.81844757499562],[7.03129265123493,4.81904421761658],[7.03128434689512,4.81990667825067],[7.03386030470932,4.82484082304558],[7.03637877336178,4.82880501483959],[7.03685819115265,4.82952967685316],[7.03734190590427,4.83037899929144],[7.03769268287107,4.83092961281142],[7.03813972866561,4.83140036923169],[7.03888847182554,4.83193999213699],[7.03954624496328,4.83236656126786],[7.04047392083481,4.83294460231161],[7.04003605621909,4.83408066998697],[7.03898602308652,4.83452622920214],[7.03869419128392,4.83511545781215],[7.0371201357857,4.83631800966845],[7.0363564342021,4.83739383985386],[7.03599392378061,4.83782978981299],[7.03558597511272,4.83806977929692],[7.03519241379888,4.83820305882415],[7.03494733505153,4.83847175826509],[7.03464791476949,4.83891819341994],[7.03443434287067,4.83914647013353],[7.03394016090976,4.83940427788514],[7.03352567776784,4.83954346955551],[7.03334988458954,4.83924560959724],[7.03314215198878,4.83928382089169],[7.03302407190347,4.83945272256517],[7.03294726080748,4.83977224089625],[7.03258242473913,4.83998097264384],[7.03230808385104,4.84008030186448],[7.03216832111116,4.84019776771288],[7.03212205189124,4.84027484680678],[7.03220777976526,4.84069019869378],[7.03206837315696,4.84096470415784],[7.03175391531101,4.84150398082409],[7.03156462600674,4.84205157172272],[7.03137871635471,4.84246531292388],[7.03102969576389,4.84247483044913],[7.03067993143372,4.84282918671767],[7.03034471993294,4.842991830009],[7.02985044803978,4.84356545897879],[7.02902592530626,4.8443081577953],[7.03024805540349,4.84463751560889],[7.03058801082807,4.84475506869154],[7.03231226569858,4.84532874262743],[7.03332303982648,4.84557799243044],[7.0347599109412,4.84590890427256],[7.03515980168356,4.84592467028733],[7.03627580458476,4.84592229158056],[7.03720426196719,4.84594486006728],[7.03678037101736,4.84682532243073],[7.03804842229692,4.84732957679859],[7.03871498001234,4.8475139890794],[7.03974301302969,4.84780645580332],[7.04056511119097,4.84810565665077],[7.04064105803843,4.84791620996515],[7.04074610694732,4.84762200844898],[7.04113668880717,4.84696148608379],[7.041238397634,4.8467233258209],[7.04149058462281,4.84622043392591],[7.04165446897861,4.84569892606464],[7.04181807724251,4.84508981434351],[7.04285494519962,4.84553280869221],[7.04377127162695,4.84593166521421],[7.04449343982043,4.84624600794695],[7.04575509332295,4.84679517625642],[7.04810410721882,4.84784919518427],[7.0495734078865,4.84842990811381],[7.0511615413721,4.84911009775288],[7.05244808631016,4.8496430827621],[7.05293225072285,4.84969990912356],[7.05394681909047,4.84969238179804],[7.05356636629483,4.84884620698693],[7.05340811709095,4.84851097929828],[7.05368790157547,4.84822705073788],[7.05411725500738,4.8477692031862],[7.05448431869638,4.84739690544291],[7.05542093023178,4.84677161671681],[7.05699996527625,4.84583892982278],[7.05758757870382,4.84551897891777],[7.05814572764325,4.84542060207917],[7.05817834695318,4.84502472860839],[7.05824084983539,4.84467078243074],[7.05865050631587,4.84466521472791],[7.05888241269326,4.84459361340458],[7.05936138262177,4.8443950170165]]]},"properties":{"FID":804,"globalid":"91824941-74d4-4c17-ad3e-42dcfc389eaa","uniq_id":500036,"timestamp":1552694400000,"editor":"oluseye.abraham","wardname":"Obward 15","wardcode":"RVSRUM15","lganame":"Obio/Akpor","lgacode":"33015","statename":"Rivers","statecode":"RI","amapcode":"NIE RVS RUM","status":"Operational Placeholder","source":"INEC","urban":"Yes","Shape__Area":0.0011257069617975901,"Shape__Length":0.16721461060242582}},{"type":"Feature","id":805,"geometry":{"type":"Polygon","coordinates":[[[6.98201614243106,4.83052783619075],[6.98283991423068,4.83156171390203],[6.98368475624653,4.83245256973038],[6.98475714202851,4.83364960514518],[6.985132243858,4.83326260618435],[6.9851563798631,4.83291267637895],[6.98518200964207,4.83275869985414],[6.98522525264332,4.83255976891826],[6.98528334525025,4.83231201468777],[6.98539000214691,4.83221717398345],[6.98574876419417,4.83218540003622],[6.98644059915438,4.83230089816794],[6.98702120326595,4.83231251740881],[6.98754232172081,4.83224467615094],[6.98836945518627,4.8320046956602],[6.98934978726294,4.83187438839235],[6.99057190117236,4.83164678527095],[6.99060518328264,4.83177035212009],[6.99136622736955,4.83159105518308],[6.99236262403593,4.83144102218546],[6.99336092906367,4.83139882239777],[6.99454696037395,4.83084039556786],[6.9948059768144,4.83147998980974],[6.99495771132939,4.8319186179499],[6.99543937382811,4.83179071187192],[6.996312174867,4.83152058880415],[6.99618567532872,4.83115331737173],[6.99605733487817,4.83081049131118],[6.99684653044307,4.8304260005595],[6.99723472280425,4.83022057561914],[6.99810032926683,4.82988246200608],[6.99910944414557,4.82958098227658],[7.00000803504281,4.82947532902324],[7.00165196426678,4.82974951792596],[7.00254436782836,4.83003295815456],[7.0042060136966,4.83036969760349],[7.00411010459771,4.8298409726828],[7.00422457660295,4.82861765907774],[7.00463072842541,4.82735462421658],[7.00597840927622,4.82441027531399],[7.00488795341636,4.82407367705861],[7.00523547213936,4.82319810520846],[7.00564674470155,4.82224008890904],[7.00578056202335,4.82181436873816],[7.00569810318495,4.82164389774772],[7.00417868509828,4.82115526910042],[7.00272845455459,4.82067287365425],[7.00233623592857,4.82063358497203],[7.00189764555995,4.82076670981587],[7.00145577806177,4.82094436818807],[7.00106832224532,4.82095597303976],[7.00096833022428,4.82080792304725],[7.00119717800743,4.82034625607491],[7.00106158812184,4.81974619243289],[6.99931746632808,4.82024932534614],[6.99785520735196,4.82049481958029],[6.99694063460265,4.8206057437601],[6.99560744272935,4.82057364875493],[6.99440860956975,4.82022766427531],[6.99466723390577,4.81951115731408],[6.99495724637984,4.81841210663345],[6.99511668178945,4.81729345522882],[6.99515782757175,4.8160316578348],[6.99294340171667,4.81553804334607],[6.99282781904867,4.81551292977792],[6.98982292328935,4.81487815590225],[6.9874613341733,4.81435107404286],[6.98446988058055,4.81370648586568],[6.98397488922978,4.81357946831787],[6.98392229867517,4.81377923022734],[6.98376494789409,4.81383893531864],[6.98293547709062,4.81358153585921],[6.98236832863552,4.81309092690481],[6.98077886775059,4.81148870643869],[6.97870749165747,4.80949771264937],[6.97744854871161,4.80832595627788],[6.9763103667301,4.80712189985582],[6.97614319535222,4.80486055097367],[6.97599096980747,4.80226609320567],[6.97601662476745,4.79997584371029],[6.9759776940154,4.79867408044453],[6.97599957542013,4.79789641508751],[6.97599714814993,4.79749697310689],[6.97556359938068,4.79713997642881],[6.9752061422497,4.79639605183638],[6.97339712627638,4.79490744632164],[6.97123395278476,4.79511345222409],[6.96901264082078,4.80163090204456],[6.96627721881862,4.80246550168158],[6.96641780803549,4.8037852037242],[6.96571242658729,4.80563537896961],[6.96377105918708,4.80697163483313],[6.96355063625293,4.80929238843305],[6.96340082179051,4.81752571503978],[6.96366423321786,4.81809353259052],[6.96447395131185,4.81793260790357],[6.96502222389654,4.8178865050582],[6.96730882574178,4.81816760615015],[6.96784150857883,4.81832236238716],[6.96847087213308,4.81861927266135],[6.9699556744149,4.81918216822254],[6.97168878041293,4.81990183540142],[6.973278386988,4.82056963597995],[6.97384095339731,4.82080302444007],[6.97753941261385,4.82229863567352],[6.97987183042068,4.82330543659668],[6.98109646333114,4.82376468079542],[6.98114333779483,4.8227008511634],[6.98157738568784,4.82276067316656],[6.98206481733752,4.82284910799996],[6.98249266980093,4.82281403174221],[6.98350727504078,4.82270667877026],[6.98418260474347,4.8225950711057],[6.98470820901667,4.82242547965222],[6.98562673518575,4.82324849602134],[6.9859882977218,4.82345533739397],[6.9868431851649,4.82394027882088],[6.98724285107676,4.82415512865629],[6.98798295984579,4.82448348822243],[6.98743495975566,4.82494259032831],[6.98723253855087,4.82556209911161],[6.98617694401082,4.82697452485451],[6.98565331105152,4.82666284771233],[6.98534217889846,4.82721710978183],[6.98514174159817,4.82751424038992],[6.98516162021264,4.82793273900472],[6.98518203032648,4.82843029791997],[6.98420158403593,4.82832808637215],[6.98352474167353,4.82817174642901],[6.98143883163681,4.82735508916608],[6.98201614243106,4.83052783619075]]]},"properties":{"FID":805,"globalid":"a1428e33-9dab-4d36-8e2c-8a9599cab905","uniq_id":500037,"timestamp":1552694400000,"editor":"oluseye.abraham","wardname":"Obward 5","wardcode":"RVSRUM05","lganame":"Obio/Akpor","lgacode":"33015","statename":"Rivers","statecode":"RI","amapcode":"NIE RVS RUM","status":"Operational Placeholder","source":"INEC","urban":"Yes","Shape__Area":0.0006191700620306051,"Shape__Length":0.15848113405571412}},{"type":"Feature","id":806,"geometry":{"type":"Polygon","coordinates":[[[6.9445476178783,4.86733595978677],[6.94568605706593,4.86652570659612],[6.94773612732047,4.86447489530025],[6.94963843896284,4.86268180182373],[6.9557241917181,4.85740271936004],[6.95906541233893,4.84936733623363],[6.95866717994647,4.84257565614166],[6.95761303961012,4.83920166512479],[6.95379928371,4.83791082682325],[6.95171075574683,4.83703394825818],[6.95052905197423,4.83568880529418],[6.94442340891322,4.82636148219672],[6.93863876806472,4.82756444504315],[6.93464981613613,4.82508201222515],[6.93154128610155,4.8201442539542],[6.92154509313161,4.82487701805996],[6.92023633134164,4.82977359637442],[6.92362639774012,4.83485739015646],[6.92478696834394,4.83979637690135],[6.92409801661023,4.84299933395215],[6.92070633323073,4.84775763970333],[6.9131212343575,4.84811285122714],[6.908563632106,4.84970692563417],[6.90263551431758,4.85500760082016],[6.90279563141331,4.86044186220221],[6.90379586908415,4.86321285958587],[6.9027243250676,4.87052557989165],[6.90359137134476,4.86927802865813],[6.90445666034663,4.86974575616176],[6.9047044748317,4.86916403509218],[6.90546443073896,4.86809361522819],[6.90597862261541,4.86774672333269],[6.90650626385303,4.86789002670344],[6.90707953489266,4.86806439895292],[6.90876276808734,4.86820768613586],[6.91047301331895,4.86836803885393],[6.91175581258074,4.86846669807971],[6.91286658772287,4.86861637314718],[6.91394109590487,4.86889574214484],[6.91490992115598,4.86915407959714],[6.91580699669561,4.86918571414941],[6.91706510057401,4.86921712387124],[6.91864119033869,4.86924207466205],[6.91910003883578,4.86939325969121],[6.92037538811371,4.87004047388882],[6.92087205670009,4.87023940392538],[6.92128907593013,4.87034641425566],[6.92200072835101,4.87031403236676],[6.92348630494905,4.87019533174919],[6.92407043710102,4.87019890925228],[6.9247730216577,4.87055094706858],[6.92616105508864,4.8715241214411],[6.92677645037293,4.87208838307248],[6.92763551067031,4.87143812736775],[6.92806230643032,4.87112555000419],[6.92844355782398,4.87096783769562],[6.92872934888038,4.87092043982648],[6.92900591738925,4.87090336709679],[6.92940358230953,4.87099873390451],[6.92983017212481,4.87134103566029],[6.93015213301459,4.87167836326591],[6.93099606311785,4.87233426941106],[6.93165576799936,4.87244919017803],[6.93280583362235,4.87239187188743],[6.93335290291418,4.87220550268188],[6.93416494215842,4.87153083398084],[6.93474146244859,4.87128148884966],[6.93544149832655,4.87114031327491],[6.9352096297207,4.87062353494821],[6.93566949355233,4.87038587560772],[6.93704278979294,4.87019029014982],[6.9410183643061,4.86918399734367],[6.94297807337944,4.86833704911555],[6.9445476178783,4.86733595978677]]]},"properties":{"FID":806,"globalid":"a45c0c5b-e505-4afb-8209-6b0b6b599112","uniq_id":500038,"timestamp":1552694400000,"editor":"oluseye.abraham","wardname":"Obward 2","wardcode":"RVSRUM02","lganame":"Obio/Akpor","lgacode":"33015","statename":"Rivers","statecode":"RI","amapcode":"NIE RVS RUM","status":"Operational Placeholder","source":"INEC","urban":"Yes","Shape__Area":0.0017558760380111949,"Shape__Length":0.18955730481549082}},{"type":"Feature","id":807,"geometry":{"type":"Polygon","coordinates":[[[7.01252001218887,4.88060752411798],[7.01428772679719,4.88033654219771],[7.01566221104224,4.87982863838101],[7.01638454740896,4.87921090126213],[7.01706319021412,4.87979396232157],[7.01935101333862,4.88018682756007],[7.02202348999214,4.88237303898461],[7.02378089207457,4.87811675818187],[7.02512701979617,4.87292883999402],[7.02537197263848,4.86537680739377],[7.0253035261369,4.86474469820928],[7.02537999638974,4.86348827876111],[7.0256940252591,4.86221015597397],[7.02570671199521,4.86116852610667],[7.0256228502144,4.86031043078179],[7.02544717484727,4.85972435069829],[7.02557214643747,4.85893242119431],[7.02578985971428,4.85847443514712],[7.02596619608312,4.8584259392058],[7.02619883091137,4.85835205000717],[7.02659694729135,4.85828213581198],[7.02700217461074,4.85775008519835],[7.02742953784292,4.85749391061552],[7.02752528236596,4.85732844884888],[7.0274631859773,4.85698329264488],[7.02320729368171,4.85534703913459],[7.02193767308518,4.85489202984337],[7.01932452380777,4.85381750637288],[7.017277499557,4.85298860843756],[7.01317820081334,4.85141571036678],[7.01233961807895,4.84925607300943],[7.01189284387971,4.84805334308737],[7.00801950159877,4.8483156600397],[7.00781069430815,4.85117212809126],[7.00776449883261,4.8517827209958],[7.00660959215901,4.85170711679007],[7.00633276374612,4.85171612170171],[7.00601547123705,4.8515901986288],[7.00516224843904,4.85145083428864],[7.00449362318221,4.85125991901009],[7.00398289729293,4.85114906497739],[7.00359004464491,4.85122610270253],[7.0027724062216,4.85142601659743],[7.00216826775141,4.85184349628037],[7.00152041593452,4.85230609225238],[7.00110607128823,4.85267785220117],[7.00081324933205,4.85292087599765],[7.00039168223037,4.85329805795908],[7.00058174135432,4.85354561523798],[7.00165606157805,4.8548087157497],[7.00208275931192,4.85490379477437],[6.99979746957763,4.85695047368546],[6.99336860837462,4.85781124179545],[6.98716009905939,4.85939142257615],[6.98476324662658,4.85996324570726],[6.98406185636964,4.85979971118775],[6.98273156121263,4.8634875323238],[6.98101137757305,4.86926378519559],[6.97723600293921,4.86980693524191],[6.97671472440504,4.8713975292726],[6.97124376798553,4.87694827893995],[6.96813372259328,4.87977934833833],[6.96530866426349,4.88155477283453],[6.96420879609911,4.88265907375728],[6.96284623956234,4.88389494909268],[6.96137062205662,4.8852897346336],[6.96096511414873,4.88562052236927],[6.96082990557574,4.8857744143578],[6.95963449163855,4.88564182281192],[6.95882903003576,4.88556792821737],[6.96019352730951,4.88940043318348],[6.96154413815151,4.89334289016227],[6.96183870479246,4.89417163611216],[6.96421312993203,4.89365958372287],[6.96509215517887,4.89353369212625],[6.96551057285473,4.89351581090602],[6.96698221355837,4.89344871428676],[6.96909652868192,4.89338140632691],[6.97129283139913,4.89329144444463],[6.9739940566804,4.89316189080864],[6.9759521172964,4.89309613327998],[6.97803864786533,4.89301182723409],[6.98047119259149,4.89301612329552],[6.98419713868702,4.89377294056879],[6.98799710798022,4.89453508812386],[6.99004439303434,4.8949689777362],[6.99019268404516,4.89376051283745],[6.99040912028471,4.89300347972687],[6.99156651268447,4.89211730397045],[6.99226256456575,4.89114823590239],[6.99377874059644,4.88946042605784],[6.99436000121312,4.88832544656213],[6.99423440279548,4.88711402469255],[6.99423410062332,4.88620364997848],[6.9930761101744,4.8850956843184],[6.99226390905221,4.88348491129966],[6.99197959917922,4.88202509308366],[6.99233089595413,4.88130294467521],[6.99116661384818,4.87994517792765],[6.99088324916266,4.8786781248956],[6.99063795188005,4.8777040503017],[6.99155518482399,4.87539550859589],[6.99321008757551,4.87381619296298],[6.99500203981233,4.87196276756771],[6.99733016065846,4.87091696484612],[6.99887918082959,4.87014359824849],[6.99962100730369,4.87030035098047],[7.0010298987109,4.87061205240434],[7.0015672742104,4.87092879632695],[7.00242509344338,4.87094502279461],[7.00295339028679,4.87113584634227],[7.00328856941201,4.87126287917857],[7.00352496160775,4.87180150203773],[7.00412754964674,4.87189154306031],[7.00457970089252,4.87220190719233],[7.00535785817868,4.87264709678612],[7.00694621199813,4.87267383183195],[7.00724184433568,4.8723875713294],[7.00805785498608,4.87182256685804],[7.0101717420323,4.87193560174666],[7.01193184927547,4.87211986474],[7.01356225269586,4.87225342935233],[7.01319793913365,4.87503444608285],[7.012966506699,4.87708344974146],[7.01252001218887,4.88060752411798]]]},"properties":{"FID":807,"globalid":"b7e2084a-ae76-4286-a946-1ce850402a04","uniq_id":500039,"timestamp":1552694400000,"editor":"oluseye.abraham","wardname":"Obward 11","wardcode":"RVSRUM11","lganame":"Obio/Akpor","lgacode":"33015","statename":"Rivers","statecode":"RI","amapcode":"NIE RVS RUM","status":"Operational Placeholder","source":"INEC","urban":"Yes","Shape__Area":0.0014210757167347765,"Shape__Length":0.22640736596143393}},{"type":"Feature","id":808,"geometry":{"type":"Polygon","coordinates":[[[7.09947090755639,4.85725711732215],[7.0992220426632,4.8568176537118],[7.09541872429475,4.85640976619783],[7.09281351513164,4.8561847441307],[7.09329976597149,4.85181670277865],[7.09276208470249,4.85115509673039],[7.09252977542883,4.85051844596956],[7.09241442478594,4.84959251118551],[7.09195661230785,4.84859476193878],[7.09156024331065,4.84796112570541],[7.0910557641123,4.84774826606969],[7.09037432711358,4.84696144561428],[7.08928748383039,4.84534287457404],[7.08809567977187,4.8437911501415],[7.08711865989829,4.84261508331952],[7.08643694860632,4.84167127720775],[7.08608034133471,4.84113027744041],[7.08539980096009,4.84083953381747],[7.08420844116665,4.84034597328809],[7.08375135624016,4.84007656518139],[7.08202459495914,4.83976634673957],[7.08164730597844,4.83950878899947],[7.08084511520997,4.83879692523794],[7.08046427840378,4.83854098268023],[7.07998199897014,4.83845371516685],[7.07787889119794,4.83822824523736],[7.07729380126796,4.8381012007099],[7.07640152541012,4.83788832488631],[7.07578941894656,4.83766789835488],[7.07511295160151,4.83740167564684],[7.07446562408933,4.83698205198016],[7.07393160126242,4.83632766389064],[7.07343800116286,4.835686324964],[7.07250887738286,4.8343055121897],[7.07184963924948,4.83340567213412],[7.0712031454089,4.83242710093003],[7.07086274122258,4.8318684105987],[7.07060529769637,4.8317448473469],[7.07006636097384,4.83174558569027],[7.07006949241321,4.8314661807197],[7.07022760492009,4.83112725771684],[7.07069672727221,4.83055300461751],[7.07118766807645,4.83019210038515],[7.07192435222714,4.82965868190269],[7.07251884277042,4.82921976508015],[7.07370298100784,4.82833625941089],[7.07444817184569,4.8278299671793],[7.07511761188834,4.82728885679535],[7.07559081536391,4.82706368274279],[7.07665386078708,4.82678378404444],[7.0791423667269,4.82606856940902],[7.07897152611508,4.82529658417008],[7.07880208035175,4.82458771515098],[7.07861001304173,4.82398111613566],[7.0782196659049,4.82288179026244],[7.07757046510494,4.82148866936666],[7.07756101862617,4.82147471818377],[7.07360826171197,4.81661938907359],[7.06605611040123,4.82736771294964],[7.06456823333735,4.82988860527496],[7.06353826857628,4.83082052684591],[7.06268586056405,4.83263553590132],[7.0600850248041,4.83538127762392],[7.05950282799319,4.83668009291199],[7.05967062799715,4.83766558889585],[7.05983225415525,4.83926967275727],[7.06000051641075,4.84093332681164],[7.05936138262177,4.8443950170165],[7.05927827087555,4.84500700926611],[7.05912012509373,4.84587303121549],[7.05913900456147,4.8465137082411],[7.05906039662005,4.84656862624115],[7.05899117130554,4.84666346244887],[7.05902653804435,4.84689021481159],[7.05926330885467,4.84709653997339],[7.05956368331738,4.84748537894711],[7.05964190634893,4.8481291874121],[7.0596201868222,4.84855303429515],[7.05996684489401,4.84958607743556],[7.06045671910238,4.85117531798659],[7.060587575856,4.85160549609679],[7.06249551725438,4.85289479116176],[7.06422530025748,4.85425852221306],[7.06535443326055,4.85512965411027],[7.06689617162107,4.85597381174205],[7.06532195514416,4.85759351412941],[7.06488095189445,4.85811150294353],[7.06339608216354,4.85970978168115],[7.06176008226203,4.86102143389212],[7.05943561626071,4.86371951244558],[7.05872296019652,4.86458836456143],[7.05743186918545,4.86616243175087],[7.05702700159492,4.868142737997],[7.05736900567513,4.870896576316],[7.05816679156425,4.87241595842977],[7.05949105137097,4.87382756129296],[7.06018936594654,4.87486364144394],[7.06063237288572,4.87626200358864],[7.05961377915264,4.87771950874838],[7.05990541580235,4.87792746797834],[7.06026118130853,4.87806274579913],[7.06038705042209,4.87815484806782],[7.06067628768056,4.87854989506167],[7.06081461869974,4.8789121329886],[7.06081285872648,4.87944071941371],[7.06127116493235,4.879443671888],[7.06178038085994,4.87940997069364],[7.06280132092428,4.8793784611471],[7.06508010136565,4.8792868598008],[7.06699559077396,4.87924168055918],[7.06723963799897,4.87923351111772],[7.06815231677604,4.87863203194274],[7.0705281637438,4.88157732963009],[7.0708344638395,4.88197350527309],[7.07300943733571,4.87213449221309],[7.07919124937672,4.86124269499442],[7.09397845913861,4.86336073960649],[7.09502424297449,4.8623863709343],[7.09535957138718,4.86210425270912],[7.09600561826471,4.86117539063184],[7.09688713463362,4.85969598518165],[7.09842851596329,4.85808721495306],[7.09947090755639,4.85725711732215]]]},"properties":{"FID":808,"globalid":"fa2f3b91-f8eb-43a4-beb5-a15c80dbbd07","uniq_id":500040,"timestamp":1552694400000,"editor":"oluseye.abraham","wardname":"Obward 17","wardcode":"RVSRUM17","lganame":"Obio/Akpor","lgacode":"33015","statename":"Rivers","statecode":"RI","amapcode":"NIE RVS RUM","status":"Operational Placeholder","source":"INEC","urban":"Yes","Shape__Area":0.0011782266395989893,"Shape__Length":0.20101344400048979}},{"type":"Feature","id":809,"geometry":{"type":"Polygon","coordinates":[[[6.97753941261385,4.82229863567352],[6.97672632476014,4.82732021795374],[6.97643755604844,4.82935262462399],[6.98041761368199,4.83021715010142],[6.98198240256585,4.83055876927182],[6.98201614243106,4.83052783619075],[6.98143883163681,4.82735508916608],[6.98352474167353,4.82817174642901],[6.98420158403593,4.82832808637215],[6.98518203032648,4.82843029791997],[6.98516162021264,4.82793273900472],[6.98514174159817,4.82751424038992],[6.98534217889846,4.82721710978183],[6.98565331105152,4.82666284771233],[6.98617694401082,4.82697452485451],[6.98723253855087,4.82556209911161],[6.98743495975566,4.82494259032831],[6.98798295984579,4.82448348822243],[6.98724285107676,4.82415512865629],[6.9868431851649,4.82394027882088],[6.9859882977218,4.82345533739397],[6.98562673518575,4.82324849602134],[6.98470820901667,4.82242547965222],[6.98418260474347,4.8225950711057],[6.98350727504078,4.82270667877026],[6.98249266980093,4.82281403174221],[6.98206481733752,4.82284910799996],[6.98157738568784,4.82276067316656],[6.98114333779483,4.8227008511634],[6.98109646333114,4.82376468079542],[6.97987183042068,4.82330543659668],[6.97753941261385,4.82229863567352]]]},"properties":{"FID":809,"globalid":"fdb8bed7-aad4-4946-afa5-807ed8be211b","uniq_id":500041,"timestamp":1552694400000,"editor":"oluseye.abraham","wardname":"Obward 6","wardcode":"RVSRUM06","lganame":"Obio/Akpor","lgacode":"33015","statename":"Rivers","statecode":"RI","amapcode":"NIE RVS RUM","status":"Operational Placeholder","source":"INEC","urban":"Yes","Shape__Area":5.8732719597998084E-05,"Shape__Length":0.038084950081206853}},{"type":"Feature","id":863,"geometry":{"type":"Polygon","coordinates":[[[6.76992825268678,4.72896026230632],[6.76968512007227,4.72991456710366],[6.77218298975322,4.73057232765086],[6.77336107375459,4.73079703405591],[6.77345170383313,4.73082084720437],[6.77350615508504,4.73078020684113],[6.77494524572654,4.73103517093642],[6.77520664357178,4.72901865528678],[6.77428544102031,4.72905771733986],[6.77359133077533,4.72894687409899],[6.77300951797491,4.72888978603487],[6.77270181763481,4.72935741281441],[6.77248881680549,4.7295775137913],[6.7725007930772,4.72944402741996],[6.77256619177638,4.72930790963238],[6.77259264803234,4.72910811804525],[6.772652960166,4.72893389058663],[6.77274279164658,4.72866861756268],[6.77283083797283,4.7283746606621],[6.7729331934122,4.728160074328],[6.77292235118563,4.72807044429561],[6.77229952030666,4.72796806457455],[6.77198824516142,4.72788027365573],[6.77166815486152,4.72783222737542],[6.771065635171,4.72775650625783],[6.77068402584717,4.72742794974016],[6.76992825268678,4.72896026230632]]]},"properties":{"FID":863,"globalid":"a36fbe73-a6a8-4f44-bc40-a75655d770f4","uniq_id":500094,"timestamp":1552694400000,"editor":"oluseye.abraham","wardname":"Aktward 2","wardcode":"RVSABM02","lganame":"Akuku Toru","lgacode":"33004","statename":"Rivers","statecode":"RI","amapcode":"NIE RVS ABM","status":"Operational Placeholder","source":"INEC","urban":"Yes","Shape__Area":1.1229852898253512E-05,"Shape__Length":0.01718285730782728}},{"type":"Feature","id":864,"geometry":{"type":"Polygon","coordinates":[[[6.77494524572654,4.73103517093642],[6.77350615508504,4.73078020684113],[6.77345170383313,4.73082084720437],[6.77336107375459,4.73079703405591],[6.77218298975322,4.73057232765086],[6.7720697390273,4.73096431425176],[6.77202275664496,4.7310474853532],[6.77193719514548,4.7313036923116],[6.77193822936584,4.73156196231474],[6.77190371428503,4.73186144105273],[6.77502698240937,4.7319007324329],[6.77494524572654,4.73103517093642]]]},"properties":{"FID":864,"globalid":"a8194952-3eed-44eb-84df-79b4576d4b09","uniq_id":500095,"timestamp":1552694400000,"editor":"oluseye.abraham","wardname":"Aktward 9","wardcode":"RVSABM09","lganame":"Akuku Toru","lgacode":"33004","statename":"Rivers","statecode":"RI","amapcode":"NIE RVS ABM","status":"Operational Placeholder","source":"INEC","urban":"Yes","Shape__Area":3.2329352883664342E-06,"Shape__Length":0.0081487958137904572}},{"type":"Feature","id":1250,"geometry":{"type":"Polygon","coordinates":[[[7.24281016305861,4.50618834841362],[7.23877856078201,4.4969785810967],[7.23266741656806,4.48225575739735],[7.22905680492767,4.47920018484069],[7.21438055262047,4.48022404140642],[7.20213838288009,4.47478963073689],[7.19107838186187,4.47889784356067],[7.1933839980731,4.48209859637319],[7.19932900782749,4.49296543021046],[7.21744751688942,4.52066366069943],[7.24281016305861,4.50618834841362]]]},"properties":{"FID":1250,"globalid":"4b4af9a1-258d-46d5-804e-038db7b9bf49","uniq_id":500481,"timestamp":1552694400000,"editor":"oluseye.abraham","wardname":"Boward 11","wardcode":"RVSBNY11","lganame":"Bonny","lgacode":"33007","statename":"Rivers","statecode":"RI","amapcode":"NIE RVS BNY","status":"Operational Placeholder","source":"INEC","urban":"No","Shape__Area":0.0013007769396971014,"Shape__Length":0.14926081166217106}},{"type":"Feature","id":1251,"geometry":{"type":"Polygon","coordinates":[[[7.22053883839675,4.38182322416253],[7.21582195991556,4.38044094639258],[7.20379013260856,4.37902759344871],[7.18185139342711,4.37954843940901],[7.1666332276414,4.38105570495685],[7.15020234316364,4.38422608676456],[7.14382712472207,4.38413721755859],[7.14057708816216,4.38317860321001],[7.1392636993603,4.38012145324251],[7.14046658396575,4.37811050259768],[7.13990496634119,4.37598940658592],[7.13843291824463,4.37488596721369],[7.13731665993595,4.37450802532516],[7.13702222999194,4.37492801591526],[7.13713564889116,4.3764921141198],[7.13490963437215,4.37842793630028],[7.13302288639716,4.3824322927162],[7.13218377306271,4.385803287192],[7.13388824464681,4.3944435120585],[7.13349694872522,4.40387426078854],[7.134745544971,4.41041769022428],[7.14845873937935,4.42545480539502],[7.15394340506413,4.42061900326445],[7.15420183424732,4.42160127338013],[7.16063342669133,4.41864959410356],[7.1655475435843,4.41884505005908],[7.17714808391696,4.41185686090546],[7.19240781456904,4.42118733702603],[7.19686196510764,4.41965281302697],[7.20534831597206,4.40799542474912],[7.21618961535853,4.39406232091943],[7.22053883839675,4.38182322416253]]]},"properties":{"FID":1251,"globalid":"8251a1e9-b85c-436b-95a1-43bc219c3fbe","uniq_id":500486,"timestamp":1552694400000,"editor":"oluseye.abraham","wardname":"Boward 7","wardcode":"RVSBNY07","lganame":"Bonny","lgacode":"33007","statename":"Rivers","statecode":"RI","amapcode":"NIE RVS BNY","status":"Operational Placeholder","source":"INEC","urban":"No","Shape__Area":0.0028964977547687454,"Shape__Length":0.25136290545701617}},{"type":"Feature","id":1252,"geometry":{"type":"Polygon","coordinates":[[[7.12915640504411,4.65648959761688],[7.1454617279764,4.64500104895927],[7.1502209177612,4.64057946017402],[7.1572980759455,4.62936938568862],[7.16972160296967,4.60444355012976],[7.1711736258622,4.59989804106181],[7.17611026807447,4.58444404605592],[7.17635339079641,4.57114876660233],[7.1659501107091,4.54864431428371],[7.17711522179007,4.52948783559521],[7.17737940303709,4.51504100393925],[7.17001750330519,4.48653121174607],[7.15890585332249,4.4636289119448],[7.10369833361125,4.45149112471569],[7.09413445733941,4.45304666497168],[7.07508157605395,4.4463264629959],[7.06727767842216,4.44062166575731],[7.04444408412724,4.43638801459525],[7.03416209200697,4.43780512310798],[7.02413798228213,4.44120224109059],[7.02138082636407,4.44669768515007],[7.0220919355944,4.45340475882261],[7.01904194602906,4.46071220280595],[7.01587879297199,4.46838999929906],[7.01422153939257,4.48075810740079],[7.00731008938914,4.51275911634019],[7.00832451836186,4.52691763074409],[7.00942832375819,4.53070056238107],[7.00823461403627,4.53650250618574],[7.0026795440258,4.54867885634417],[6.99750037174482,4.56377479527066],[6.99394916392282,4.58989488464124],[6.99825833925098,4.60665204855326],[7.05173485467986,4.62254683996474],[7.06573837002981,4.62908775579535],[7.12915640504411,4.65648959761688]]]},"properties":{"FID":1252,"globalid":"54844c9e-f2d7-4597-9258-3e1b951b2228","uniq_id":500487,"timestamp":1552694400000,"editor":"oluseye.abraham","wardname":"Okward 6","wardcode":"RVSKRK06","lganame":"Okrika","lgacode":"33018","statename":"Rivers","statecode":"RI","amapcode":"NIE RVS KRK","status":"Operational Placeholder","source":"INEC","urban":"No","Shape__Area":0.030121002704156297,"Shape__Length":0.67015647993282323}},{"type":"Feature","id":1255,"geometry":{"type":"MultiPolygon","coordinates":[[[[6.84203878296353,4.426442999345],[6.8581778140549,4.39823995690853],[6.85017685427846,4.39009428182567],[6.85694317798533,4.37905709301049],[6.87482832376816,4.36379287743938],[6.8751974792803,4.35706942981039],[6.85713954675271,4.35581139158251],[6.83602264582851,4.3525425519972],[6.79212896527957,4.34860624278394],[6.76266238885819,4.34642191723776],[6.73799022237091,4.34638881679052],[6.71694374106085,4.34999942843092],[6.71249961886235,4.35888862610926],[6.71350725075905,4.38400771428462],[6.71927406884328,4.39388433699258],[6.7256110822857,4.40625827270117],[6.73112690138544,4.41503060887555],[6.74757998113125,4.44236236293273],[6.75402018008731,4.45167243703338],[6.76877164989179,4.47674128907926],[6.78229134257145,4.48666135623665],[6.82211510882524,4.45655174476724],[6.84203878296353,4.426442999345]]],[[[6.71865517339756,4.61093006776844],[6.72085876242198,4.5991896118112],[6.71934095592042,4.57830335641484],[6.7131999838922,4.56182229156553],[6.69059068860946,4.56024748783136],[6.58997591675518,4.51069758962211],[6.54549326480236,4.50610694897654],[6.54986238534087,4.51022148133632],[6.5425939557465,4.5218510625765],[6.54501676621084,4.53348016807536],[6.55303907409404,4.53739976878433],[6.56003809018574,4.54123306335526],[6.56633710907039,4.55383157686583],[6.56003809018574,4.55431652099071],[6.55131626083681,4.55819273031028],[6.54307842323067,4.56836843515521],[6.54017114618148,4.57660579701997],[6.54550123189637,4.58096694866578],[6.54889345217111,4.58629703527998],[6.54404783214181,4.59017372124032],[6.53810977864345,4.59621381811326],[6.53514099066422,4.60881185498317],[6.52609491344953,4.61501312295729],[6.51661777499038,4.62261486108702],[6.51543617194181,4.63285923006947],[6.51196479783721,4.64314413059719],[6.5288081168012,4.66189813569048],[6.53771781902219,4.67289304737631],[6.54659318872473,4.68203020073321],[6.55358505160888,4.68841218927116],[6.56236410122233,4.69244003418027],[6.56052255587133,4.69774532288841],[6.56757497820274,4.70164108256995],[6.57312107118054,4.70162200884869],[6.57352484519549,4.70485120272087],[6.57935977523351,4.70451653890717],[6.59023575787398,4.7082543353693],[6.62203742218935,4.70630670598973],[6.62431090292586,4.73481845690628],[6.63912893065566,4.74340370981338],[6.66560361461518,4.75451139558447],[6.68842761764051,4.75821304379696],[6.69832493734606,4.75110967936826],[6.70209867971033,4.71282590679021],[6.7162430567717,4.70355550808029],[6.71973479872202,4.69693129704177],[6.71576326576218,4.64708600301668],[6.71886898541538,4.64130554671368],[6.71785889836951,4.63781249355179],[6.71546491927063,4.62950786419663],[6.71476831970222,4.62049929230852],[6.71865517339756,4.61093006776844]]]]},"properties":{"FID":1255,"globalid":"10adf57a-af54-43c5-912a-c67bf5a076d1","uniq_id":500491,"timestamp":1552694400000,"editor":"oluseye.abraham","wardname":"Aktward 16","wardcode":"RVSABM16","lganame":"Akuku Toru","lgacode":"33004","statename":"Rivers","statecode":"RI","amapcode":"NIE RVS ABM","status":"Operational Placeholder","source":"INEC","urban":"No","Shape__Area":0.048523968328398226,"Shape__Length":1.3112245733474708}},{"type":"Feature","id":1264,"geometry":{"type":"Polygon","coordinates":[[[6.6885280907988,4.32919428378921],[6.68249988566123,4.32833290144231],[6.66766506758887,4.32753952133191],[6.66540203967241,4.32741849236959],[6.64699637708117,4.32643414032339],[6.64674297870556,4.31520903816664],[6.64095164060581,4.31194964236215],[6.61999916093259,4.32580339810841],[6.57795650189109,4.32468999424788],[6.54924326416534,4.32528038388267],[6.54825573571367,4.34024874318499],[6.54802703901669,4.34371519080344],[6.54457283027193,4.35492801721426],[6.53592395842401,4.35787010162392],[6.5204071988332,4.36093091992603],[6.51724297738156,4.36497804090391],[6.51414394418771,4.36894178393624],[6.51279175503549,4.37621576504557],[6.51206397956906,4.38013076842026],[6.51184177417861,4.392681122336],[6.5119696406864,4.39487879561995],[6.51251697527823,4.40428590836802],[6.5121493935797,4.41214285520863],[6.56053103378025,4.40467268069972],[6.62230102517225,4.39120883142249],[6.65439463640342,4.37357501017863],[6.6672400380973,4.36701618075222],[6.6784919913124,4.35246265083072],[6.6823120811377,4.34767983225851],[6.68769568191021,4.33156263131042],[6.6885280907988,4.32919428378921]]]},"properties":{"FID":1264,"globalid":"379dc2c0-dd3f-469f-824c-a938bcdb19e7","uniq_id":500501,"timestamp":1552694400000,"editor":"oluseye.abraham","wardname":"Aktward 11","wardcode":"RVSABM11","lganame":"Akuku Toru","lgacode":"33004","statename":"Rivers","statecode":"RI","amapcode":"NIE RVS ABM","status":"Operational Placeholder","source":"INEC","urban":"No","Shape__Area":0.010364109321306714,"Shape__Length":0.471400257224725}},{"type":"Feature","id":1317,"geometry":{"type":"Polygon","coordinates":[[[6.78660122476674,4.66694458782251],[6.77666655981392,4.70722304590691],[6.77930019205024,4.70939582955396],[6.78147113928168,4.70781947808649],[6.7850955258379,4.71449701532504],[6.78815181425489,4.7201070411071],[6.79291478478956,4.72783429131954],[6.79540549766563,4.72558146621174],[6.79898900823616,4.72373327217281],[6.79769759976449,4.71729938016233],[6.79801608927113,4.71260601715403],[6.80020193287294,4.70975378940591],[6.79809956074615,4.70659736777435],[6.79675041579912,4.70442761034599],[6.79928089219948,4.6991875818415],[6.80559303039411,4.69770843629533],[6.81193592360404,4.69413159239912],[6.82016525272428,4.68798227915892],[6.79752624294179,4.66847568630391],[6.78692649066505,4.6656258525511],[6.78660122476674,4.66694458782251]]]},"properties":{"FID":1317,"globalid":"9e904788-4327-4490-a44c-d1d38cc2eb8c","uniq_id":496416,"timestamp":1598832000000,"editor":"najib.adam","wardname":"Deward 17","wardcode":"RVSDEG17","lganame":"Degema","lgacode":"33008","statename":"Rivers","statecode":"RI","amapcode":"NIE RVS DEG","status":"Operational Placeholder","source":"INEC","urban":"No","Shape__Area":0.0012577408562410852,"Shape__Length":0.17131919306349772}},{"type":"Feature","id":1372,"geometry":{"type":"Polygon","coordinates":[[[7.1456854972879,4.69834169841073],[7.13952945082355,4.69354780918411],[7.13784688132858,4.69623825699],[7.13642972964834,4.69623773538325],[7.13528638106169,4.69539587911657],[7.13388626973563,4.69634610368979],[7.1332034612708,4.69652261902371],[7.13496630425158,4.69920641724241],[7.13540160759817,4.70091830283747],[7.13444504190522,4.703099574286],[7.13154815112631,4.70399757612728],[7.12907520705522,4.70352385913884],[7.12220159063094,4.70207031639205],[7.11611246272003,4.70853686818197],[7.11515540239992,4.71463472940928],[7.1166696628747,4.71728188385191],[7.11800950793247,4.71983398265223],[7.1180143094129,4.72395425628395],[7.11616039388713,4.7251418838909],[7.1137996105636,4.72587411280011],[7.11405390466399,4.72775512579847],[7.1155971907578,4.72855391892824],[7.11581934039032,4.72986609814194],[7.11837445102014,4.73093755492425],[7.11939714206449,4.73160617298652],[7.12029190724576,4.73223283497742],[7.12070410521034,4.73240433389293],[7.12126007599176,4.73200986786117],[7.12152136501902,4.73169702789556],[7.12459682788136,4.73282064085993],[7.12907195510667,4.73446172822622],[7.13017237095818,4.73486035272316],[7.13027386035043,4.73484661557887],[7.1308011193762,4.73354653224669],[7.13122047684357,4.73367976321055],[7.13715848627515,4.73350573270346],[7.1377840825694,4.7334913066785],[7.13841121040906,4.73366417436222],[7.13933515319479,4.73416244913778],[7.14168270209507,4.73565163561454],[7.14389804885593,4.73682127228392],[7.1459376501025,4.73721629769403],[7.14749621208057,4.73700675026134],[7.14909984807957,4.73639868714974],[7.15222267283815,4.73520685341362],[7.15361705818071,4.73523853293199],[7.15400176027305,4.73409618888803],[7.15825843228089,4.72018842525569],[7.15680259896084,4.71964326522453],[7.15437638905917,4.71793878824451],[7.1523602367356,4.71539526268128],[7.15149758364663,4.71171396792533],[7.15294282025502,4.70799936587809],[7.1508634752692,4.70253592059629],[7.1456854972879,4.69834169841073]]]},"properties":{"FID":1372,"globalid":"aa91cebf-312e-4627-99fe-a87500ac3546","uniq_id":489835,"timestamp":1597363200000,"editor":"najib.adam","wardname":"Onne","wardcode":"RVSNCH10","lganame":"Eleme","lgacode":"33009","statename":"Rivers","statecode":"RI","amapcode":" ","status":"Operational Placeholder","source":"INEC","urban":"No","Shape__Area":0.0012637182368244737,"Shape__Length":0.15611579474285064}},{"type":"Feature","id":1453,"geometry":null,"properties":{"FID":1453,"globalid":"fffcded3-338f-4f4a-84da-11b099c2a5fa","uniq_id":489945,"timestamp":1552694400000,"editor":"eha.michael","wardname":"Omward 5","wardcode":"RVSBER05","lganame":"Omumma","lgacode":"33019","statename":"Rivers","statecode":"RI","amapcode":"NIE RVS BER","status":"Invalid","source":"INEC","urban":"No","Shape__Area":null,"Shape__Length":null}},{"type":"Feature","id":1595,"geometry":{"type":"Polygon","coordinates":[[[6.56612711107738,5.18342113797519],[6.55704526422761,5.17554934242827],[6.55576035605566,5.17512103940447],[6.55190562884172,5.17312229166049],[6.54990688199706,5.17140907956542],[6.54519554873565,5.16798265537528],[6.54248296321822,5.16655497892918],[6.54134082242109,5.16555560640614],[6.53834270125469,5.16384239341176],[6.53563011573732,5.16270025171531],[6.53363136799328,5.16184364656709],[6.53191815679753,5.16041596922167],[6.52949110602975,5.15884552540075],[6.52606468273899,5.15770338370424],[6.52320932894742,5.15627570725815],[6.52078227907896,5.15556186858544],[6.51450050199662,5.15213544529462],[6.51250175425258,5.15142160662191],[6.51078854305689,5.15113607187226],[6.50950363398556,5.15042223319955],[6.50736211886675,5.14956562715201],[6.50350739165287,5.14685304163459],[6.49950989706417,5.14314108269485],[6.49808222061802,5.14157063797461],[6.49565517074956,5.13942912375512],[6.49018181224091,5.13304222761678],[6.47914409642294,5.13954114870512],[6.48581600210684,5.1533632276309],[6.49333476968394,5.16345405625975],[6.51136112161851,5.17196416901123],[6.52629852265875,5.17416477228647],[6.53456830957987,5.18684530306831],[6.54449224472137,5.18629407890865],[6.553380965759,5.18980980038202],[6.56612711107738,5.18342113797519]]]},"properties":{"FID":1595,"globalid":"84306a7e-46e6-426e-9a4c-8750a473b7c5","uniq_id":490114,"timestamp":1582243200000,"editor":"najib.adam","wardname":"Odiereke / Ubie 1","wardcode":"RVSKNM09","lganame":"Ahoada West","lgacode":"33003","statename":"Rivers","statecode":"RI","amapcode":"NIE RVS KNM","status":"Operational Placeholder","source":"INEC","urban":"No","Shape__Area":0.0015745298581641975,"Shape__Length":0.21718033453013572}},{"type":"Feature","id":1622,"geometry":{"type":"Polygon","coordinates":[[[7.21273926920196,4.70713591239252],[7.21186046878563,4.7073843456111],[7.21065816963886,4.70813068937986],[7.20943661330909,4.70829201426511],[7.20797944899243,4.70831871963327],[7.20732625520259,4.70707811836053],[7.20734848284627,4.70497897390055],[7.20603012529011,4.70373326897521],[7.20719502163297,4.70319498516051],[7.20762302158522,4.70197060136223],[7.2062461271571,4.70074295932017],[7.20404822094866,4.70156874560115],[7.20243051955288,4.70121751627539],[7.20232266925581,4.69973728524758],[7.20385667704409,4.69810433134984],[7.20322147599035,4.69651370404426],[7.20181314216285,4.69625328196344],[7.19937319062029,4.69769131859954],[7.19767611506069,4.69840681832005],[7.19561278430263,4.69710254144917],[7.193599714855,4.69682289096369],[7.19239728980313,4.69871096813671],[7.19130801655177,4.70418618014816],[7.19303950826674,4.70687205220349],[7.19916497418427,4.7092432982397],[7.20001495762426,4.71250728328454],[7.19723215394077,4.71411056495066],[7.19238767515111,4.7149452374328],[7.19115594658973,4.71695982223804],[7.19104252139527,4.7186978601182],[7.19351178723923,4.72052649839924],[7.19730251419969,4.71815616157767],[7.19873836188594,4.72029464418256],[7.19939217800663,4.72130915139627],[7.20054306111342,4.72284579689608],[7.20091069856994,4.72255166282901],[7.20168786840043,4.72216795808487],[7.20269265484222,4.72167187315847],[7.20385245472704,4.7212583945593],[7.20469334781978,4.72092766078299],[7.20653970814107,4.72082658777686],[7.20719213121191,4.71995329930536],[7.20788618569895,4.71956266798281],[7.20902807738389,4.71933945894892],[7.20946325482538,4.71865738073359],[7.21008138404869,4.71618628926586],[7.21094767939195,4.71294072683315],[7.21122125135969,4.7103591959202],[7.21299841604412,4.71009773332378],[7.21402613609735,4.7095682718583],[7.21385441774726,4.7083362006552],[7.21273926920196,4.70713591239252]]]},"properties":{"FID":1622,"globalid":"732f7e50-8ced-42ee-933c-c567bec9ea76","uniq_id":490137,"timestamp":1552694400000,"editor":"najib.adam","wardname":"Ama / Ogu  3","wardcode":"RVSGGU11","lganame":"Ogu Bolo","lgacode":"33017","statename":"Rivers","statecode":"RI","amapcode":"NIE RVS GGU","status":"Operational Placeholder","source":"INEC","urban":"No","Shape__Area":0.0003362076000641423,"Shape__Length":0.10585106087985426}},{"type":"Feature","id":1626,"geometry":{"type":"Polygon","coordinates":[[[6.56133547824976,5.15077886115557],[6.54736618390234,5.14653354308859],[6.54617515955601,5.14701706538528],[6.54082137310792,5.15001518475304],[6.53563011573732,5.16270025171531],[6.53834270125469,5.16384239341176],[6.54134082242109,5.16555560640614],[6.54248296321822,5.16655497892918],[6.54519554873565,5.16798265537528],[6.54990688199706,5.17140907956542],[6.55190562884172,5.17312229166049],[6.55576035605566,5.17512103940447],[6.55704526422761,5.17554934242827],[6.56612711107738,5.18342113797519],[6.56624380710605,5.17186092324306],[6.56520301720553,5.16707362694638],[6.56307997056422,5.1597579289853],[6.56322273793904,5.15907692815773],[6.56133547824976,5.15077886115557]]]},"properties":{"FID":1626,"globalid":"16215ea0-f820-4ef4-bd5d-44d7e23a4c44","uniq_id":490141,"timestamp":1582243200000,"editor":"najib.adam","wardname":"Ubeta / Ubie 2","wardcode":"RVSKNM04","lganame":"Ahoada West","lgacode":"33003","statename":"Rivers","statecode":"RI","amapcode":"NIE RVS KNM","status":"Operational Placeholder","source":"INEC","urban":"No","Shape__Area":0.00061994167743861794,"Shape__Length":0.10616353545809512}},{"type":"Feature","id":1627,"geometry":{"type":"Polygon","coordinates":[[[6.5437113319125,5.12097813173546],[6.54232263028518,5.11724974218191],[6.53000436980585,5.11696063172781],[6.52638606626397,5.11876978259943],[6.52382310095538,5.12042817292189],[6.51975250857146,5.12193579909791],[6.51658649387167,5.12344342617325],[6.51546195730356,5.11816651467296],[6.49018181224091,5.13304222761678],[6.49565517074956,5.13942912375512],[6.49808222061802,5.14157063797461],[6.49950989706417,5.14314108269485],[6.50350739165287,5.14685304163459],[6.50736211886675,5.14956562715201],[6.50950363398556,5.15042223319955],[6.51078854305689,5.15113607187226],[6.51250175425258,5.15142160662191],[6.51450050199662,5.15213544529462],[6.52078227907896,5.15556186858544],[6.52320932894742,5.15627570725815],[6.52606468273899,5.15770338370424],[6.52949110602975,5.15884552540075],[6.53191815679753,5.16041596922167],[6.53363136799328,5.16184364656709],[6.53563011573732,5.16270025171531],[6.54082137310792,5.15001518475304],[6.54617515955601,5.14701706538528],[6.54736618390234,5.14653354308859],[6.54758033496455,5.14424926059496],[6.54765171775261,5.13939515995872],[6.54736618390234,5.13382722244842],[6.54736618390234,5.13275646443935],[6.5477231032387,5.13132878709388],[6.54758033496455,5.12918727287439],[6.54706637061656,5.12804513117788],[6.54685221955435,5.12704575775558],[6.54435378599845,5.12269134383052],[6.5437113319125,5.12097813173546]]]},"properties":{"FID":1627,"globalid":"34553a0a-2942-4fdb-b629-bd3774f72dfc","uniq_id":490142,"timestamp":1582243200000,"editor":"najib.adam","wardname":"Ebiriba / Ubie 4","wardcode":"RVSKNM03","lganame":"Ahoada West","lgacode":"33003","statename":"Rivers","statecode":"RI","amapcode":"NIE RVS KNM","status":"Operational Placeholder","source":"INEC","urban":"No","Shape__Area":0.0016365262885074117,"Shape__Length":0.16899809900882878}},{"type":"Feature","id":1628,"geometry":{"type":"Polygon","coordinates":[[[6.57367665075685,5.10567283693194],[6.55901408792988,5.1045742512008],[6.5513222961871,5.1059951719397],[6.54457689520757,5.10881042226322],[6.5448417221678,5.11426317010927],[6.54232263028518,5.11724974218191],[6.5437113319125,5.12097813173546],[6.54435378599845,5.12269134383052],[6.54685221955435,5.12704575775558],[6.54706637061656,5.12804513117788],[6.54758033496455,5.12918727287439],[6.5477231032387,5.13132878709388],[6.54736618390234,5.13275646443935],[6.54736618390234,5.13382722244842],[6.54765171775261,5.13939515995872],[6.54758033496455,5.14424926059496],[6.54736618390234,5.14653354308859],[6.56133547824976,5.15077886115557],[6.56322273793904,5.15907692815773],[6.56307997056422,5.1597579289853],[6.56520301720553,5.16707362694638],[6.56624380710605,5.17186092324306],[6.56612711107738,5.18342113797519],[6.57872774429001,5.17715339481339],[6.58587137226607,5.17230497609381],[6.57859192957392,5.15211876826658],[6.57755206957239,5.14376665111013],[6.57434097725434,5.13391182527056],[6.57299697732867,5.11807358233],[6.57367665075685,5.10567283693194]]]},"properties":{"FID":1628,"globalid":"4b2d8949-9d29-45bf-bbc6-83a7ea4e8454","uniq_id":490143,"timestamp":1582243200000,"editor":"najib.adam","wardname":"Odioku / Ubie 3","wardcode":"RVSKNM12","lganame":"Ahoada West","lgacode":"33003","statename":"Rivers","statecode":"RI","amapcode":"NIE RVS KNM","status":"Operational Placeholder","source":"INEC","urban":"No","Shape__Area":0.0017755506422005851,"Shape__Length":0.20886201134462509}},{"type":"Feature","id":1629,"geometry":{"type":"Polygon","coordinates":[[[6.42960786790883,5.03865003587049],[6.43903684587377,5.05288791724365],[6.4433321644479,5.06634576984146],[6.44390392282781,5.06813716899518],[6.45105314278834,5.0828800196972],[6.45377134097464,5.07550744321401],[6.47019717935638,5.0705059032249],[6.46871037608304,5.06824426116378],[6.46636513034656,5.06540257167137],[6.46472925095424,5.06272567934667],[6.46353952073235,5.06123851634447],[6.46264722239147,5.05915648688239],[6.45773958421449,5.05454628238505],[6.45744215143418,5.05380270043435],[6.4562524212123,5.05201810375252],[6.4540216762594,5.04978735879962],[6.45164221491632,5.04606945084453],[6.45000633462467,5.04428485596139],[6.44822173974154,5.04190539461831],[6.44688329312953,5.0405669480063],[6.42960786790883,5.03865003587049]]]},"properties":{"FID":1629,"globalid":"5a6e1527-5544-4042-81ac-bfcd6c1ca967","uniq_id":490144,"timestamp":1582243200000,"editor":"najib.adam","wardname":"Mbiama / Ediro 2","wardcode":"RVSKNM08","lganame":"Ahoada West","lgacode":"33003","statename":"Rivers","statecode":"RI","amapcode":"NIE RVS KNM","status":"Operational Placeholder","source":"INEC","urban":"No","Shape__Area":0.000712318875958573,"Shape__Length":0.13011252637824183}},{"type":"Feature","id":1630,"geometry":{"type":"Polygon","coordinates":[[[6.45105314278834,5.0828800196972],[6.46049881037186,5.09804821015683],[6.46098110239603,5.099207533401],[6.4645760082762,5.09758736336619],[6.48123795736586,5.09431484375506],[6.49059022765692,5.09589963176262],[6.50312478228295,5.09514895685891],[6.51290879460521,5.09892990998742],[6.51564905855724,5.10913530594968],[6.51546195730356,5.11816651467296],[6.51658649387167,5.12344342617325],[6.51975250857146,5.12193579909791],[6.52382310095538,5.12042817292189],[6.52638606626397,5.11876978259943],[6.53000436980585,5.11696063172781],[6.54232263028518,5.11724974218191],[6.5448417221678,5.11426317010927],[6.54457689520757,5.10881042226322],[6.5513222961871,5.1059951719397],[6.55901408792988,5.1045742512008],[6.55552523190397,5.09545164707589],[6.55274358115139,5.08152272779171],[6.54591482740739,5.07139577609422],[6.54503113737712,5.05773645107638],[6.54100909129659,5.06219495703169],[6.53801097102956,5.06390816912676],[6.53401347644086,5.06576414859666],[6.52559018423966,5.06919057278674],[6.52073608360342,5.07176039092934],[6.5181662645615,5.07290253172653],[6.51288386270016,5.07575788641736],[6.50517440917167,5.07832770276133],[6.5026997689792,5.07880359520982],[6.50022512968604,5.07994573690627],[6.49775049039289,5.08165894810202],[6.47767740199055,5.06682142037232],[6.47019717935638,5.0705059032249],[6.45377134097464,5.07550744321401],[6.45105314278834,5.0828800196972]]]},"properties":{"FID":1630,"globalid":"8fe35998-5116-4ffe-8a74-f244cfa249d2","uniq_id":490145,"timestamp":1582243200000,"editor":"najib.adam","wardname":"Iduekpeye / Igbuduya 2","wardcode":"RVSKNM07","lganame":"Ahoada West","lgacode":"33003","statename":"Rivers","statecode":"RI","amapcode":"NIE RVS KNM","status":"Operational Placeholder","source":"INEC","urban":"No","Shape__Area":0.0031883428849468487,"Shape__Length":0.31119061333476927}},{"type":"Feature","id":1631,"geometry":{"type":"Polygon","coordinates":[[[6.54414532584616,4.98347807175566],[6.51721743393745,4.97636651720103],[6.51324554934268,4.9810169321857],[6.51232415613492,4.98350296858717],[6.50794214921086,4.97917455316315],[6.50507539921034,4.97264753455613],[6.50208877677568,4.97145980532582],[6.4988375144398,4.97561136367352],[6.49903716483334,4.97952697588926],[6.4949349945544,4.97869716514208],[6.48982025600009,4.97363391637219],[6.48436659084553,4.97474186584446],[6.48062993922036,4.97956537244403],[6.47581403099281,4.97924374610204],[6.47024825904998,4.97648755965321],[6.46796618079463,4.98021664797994],[6.46990978840608,4.98857155123613],[6.47202895627134,4.99258274070098],[6.46932522008291,4.99516460436303],[6.47857290641457,5.00356741180667],[6.47857290641457,5.00522580033049],[6.47917595670509,5.00733647769636],[6.48053282143263,5.01065325564326],[6.48113587082383,5.01351774744614],[6.48249273465206,5.01804062597415],[6.48279426024698,5.01984977774509],[6.48369883613242,5.02331731803986],[6.48445264967012,5.0251264698108],[6.48520646230844,5.028744774252],[6.48596027584608,5.03100621396567],[6.48761866526922,5.03492604220315],[6.48852324115472,5.0365844316263],[6.48972934263509,5.03794129455514],[6.49067314425025,5.03963864081067],[6.49097057703057,5.04067965464242],[6.49141672530169,5.0415719529833],[6.49216030725245,5.04246425042487],[6.49335003657495,5.04528986003908],[6.49558078242723,5.04781803777229],[6.49796024377031,5.05123851294707],[6.49989355594289,5.05332054240915],[6.50257044916697,5.05510513729229],[6.50405761216911,5.0564435839043],[6.50539605878112,5.05733588134592],[6.50732937095376,5.05897176163757],[6.51104727890885,5.06254095230315],[6.51223700913073,5.06402811620467],[6.51298059108149,5.06551527920681],[6.51580620069564,5.06982805182321],[6.51714464820702,5.07116649843522],[6.5181662645615,5.07290253172653],[6.52073608360342,5.07176039092934],[6.52559018423966,5.06919057278674],[6.53401347644086,5.06576414859666],[6.53801097102956,5.06390816912676],[6.54100909129659,5.06219495703169],[6.54503113737712,5.05773645107638],[6.54140728142096,5.05665453158144],[6.53997960497486,5.05225252913095],[6.53962268743715,5.04618490311083],[6.5410293089555,5.04373912216283],[6.54811515369141,5.03997005537383],[6.55511754673745,5.03299206992813],[6.57626337795256,5.02663702058209],[6.56661733242402,5.01473160378055],[6.56007259987064,4.99568838121388],[6.54414532584616,4.98347807175566]]]},"properties":{"FID":1631,"globalid":"936f4f08-acb1-4b86-aed1-7daddfb79745","uniq_id":490146,"timestamp":1582243200000,"editor":"najib.adam","wardname":"Okogbe / Igbuduya 1","wardcode":"RVSKNM02","lganame":"Ahoada West","lgacode":"33003","statename":"Rivers","statecode":"RI","amapcode":"NIE RVS KNM","status":"Operational Placeholder","source":"INEC","urban":"No","Shape__Area":0.0061458400851250872,"Shape__Length":0.35649013809967617}},{"type":"Feature","id":1633,"geometry":{"type":"Polygon","coordinates":[[[6.48053282143263,5.01065325564326],[6.47917595670509,5.00733647769636],[6.47857290641457,5.00522580033049],[6.47857290641457,5.00356741180667],[6.46932522008291,4.99516460436303],[6.46329203000323,4.98974123826758],[6.4600553618655,4.98704165155101],[6.44837911030777,4.98636210582657],[6.43809914166212,4.9825099812507],[6.43407208815637,4.98252605213565],[6.43082106863744,4.98507769677832],[6.42759826534774,4.98837719784945],[6.42604491134364,4.99171214479969],[6.42568502964048,4.9966760760401],[6.42745893428241,5.00141526670126],[6.43047788644537,5.007878327323],[6.43010437821454,5.01288032326835],[6.42453618439743,5.01726181578022],[6.41727399789676,5.01609802200613],[6.42576980603178,5.0294241922727],[6.42960786790883,5.03865003587049],[6.44688329312953,5.0405669480063],[6.44822173974154,5.04190539461831],[6.45000633462467,5.04428485596139],[6.45164221491632,5.04606945084453],[6.4540216762594,5.04978735879962],[6.4562524212123,5.05201810375252],[6.45744215143418,5.05380270043435],[6.45773958421449,5.05454628238505],[6.46264722239147,5.05915648688239],[6.46353952073235,5.06123851634447],[6.46472925095424,5.06272567934667],[6.46636513034656,5.06540257167137],[6.46871037608304,5.06824426116378],[6.47019717935638,5.0705059032249],[6.47767740199055,5.06682142037232],[6.49775049039289,5.08165894810202],[6.50022512968604,5.07994573690627],[6.5026997689792,5.07880359520982],[6.50517440917167,5.07832770276133],[6.51288386270016,5.07575788641736],[6.5181662645615,5.07290253172653],[6.51714464820702,5.07116649843522],[6.51580620069564,5.06982805182321],[6.51298059108149,5.06551527920681],[6.51223700913073,5.06402811620467],[6.51104727890885,5.06254095230315],[6.50732937095376,5.05897176163757],[6.50539605878112,5.05733588134592],[6.50405761216911,5.0564435839043],[6.50257044916697,5.05510513729229],[6.49989355594289,5.05332054240915],[6.49796024377031,5.05123851294707],[6.49558078242723,5.04781803777229],[6.49335003657495,5.04528986003908],[6.49216030725245,5.04246425042487],[6.49141672530169,5.0415719529833],[6.49097057703057,5.04067965464242],[6.49067314425025,5.03963864081067],[6.48972934263509,5.03794129455514],[6.48852324115472,5.0365844316263],[6.48761866526922,5.03492604220315],[6.48596027584608,5.03100621396567],[6.48520646230844,5.028744774252],[6.48445264967012,5.0251264698108],[6.48369883613242,5.02331731803986],[6.48279426024698,5.01984977774509],[6.48249273465206,5.01804062597415],[6.48113587082383,5.01351774744614],[6.48053282143263,5.01065325564326]]]},"properties":{"FID":1633,"globalid":"a728a985-cde6-4217-8076-e50df7dfb251","uniq_id":490147,"timestamp":1582243200000,"editor":"najib.adam","wardname":"Emezi / Igbuduya 3","wardcode":"RVSKNM01","lganame":"Ahoada West","lgacode":"33003","statename":"Rivers","statecode":"RI","amapcode":"NIE RVS KNM","status":"Operational Placeholder","source":"INEC","urban":"No","Shape__Area":0.0044031055134965413,"Shape__Length":0.31994959912572685}},{"type":"Feature","id":1634,"geometry":{"type":"Polygon","coordinates":[[[7.42789937795396,4.54660221921711],[7.416749084103,4.53855830062514],[7.41378143376619,4.53641499855337],[7.40854662043023,4.52166233984514],[7.39426985327117,4.51785520205596],[7.38546649408346,4.51110226835505],[7.37986344524188,4.5164770701607],[7.37931432729442,4.51003078369376],[7.37895643669026,4.50387174698358],[7.37302265677022,4.5013902053937],[7.35799232608503,4.50101093970318],[7.34402565056337,4.49214758494315],[7.34139108033412,4.49293156174224],[7.33058591480818,4.50164225388693],[7.33192298096083,4.51723106716008],[7.33160762109486,4.53249101185077],[7.33586222735994,4.54257325465204],[7.33248547542439,4.55472808763119],[7.35285660005212,4.54410018837302],[7.36043155906924,4.54872949806793],[7.37064745191844,4.55197516662071],[7.37997171642161,4.5538002184054],[7.38951691467395,4.54942404898071],[7.3931058508544,4.54625000063709],[7.39893771960016,4.54897087700442],[7.40639463270617,4.54537076404955],[7.41362075639285,4.54639937892824],[7.42565020319438,4.5538054884326],[7.42789937795396,4.54660221921711]]]},"properties":{"FID":1634,"globalid":"82b44eb3-6345-4ae4-a032-7048ffbf963d","uniq_id":490148,"timestamp":1598832000000,"editor":"najib.adam","wardname":"Egbormung / Unyeada 2","wardcode":"RVSNDN11","lganame":"Andoni","lgacode":"33005","statename":"Rivers","statecode":"RI","amapcode":"NIE RVS NDN","status":"Operational Placeholder","source":"INEC","urban":"No","Shape__Area":0.0035353226549759142,"Shape__Length":0.29949541278388675}},{"type":"Feature","id":1635,"geometry":{"type":"Polygon","coordinates":[[[6.67902739729658,5.35363323428641],[6.68239719027815,5.35282007268825],[6.68754687468856,5.35565046579643],[6.67700809914453,5.33875210742389],[6.66957888515748,5.33756180523318],[6.6683120245803,5.33629238068886],[6.66572614634464,5.33740642936328],[6.6646259832026,5.33770233689336],[6.66279226555065,5.33884533564378],[6.6612709786728,5.33965983633243],[6.66082521441217,5.33981915123292],[6.65993136833805,5.34031465879451],[6.65915837855636,5.34079092356234],[6.6582651467192,5.34140762376285],[6.65631231476158,5.34280744730592],[6.65579869395464,5.3421147400033],[6.65385383808422,5.34344211865891],[6.65476300321006,5.34541092797201],[6.65360711807409,5.34595716898821],[6.6534221473143,5.34604110721136],[6.65260430114762,5.34617535171117],[6.65280747328632,5.34669220827885],[6.65228912294469,5.34665632442989],[6.65237478336962,5.34674198485476],[6.65250327400696,5.34692758334137],[6.65261748790681,5.34712745766609],[6.65268887159419,5.34724167156594],[6.65274597944347,5.34735588636511],[6.65278880965587,5.34747010026496],[6.65284591660583,5.34758431416481],[6.65295478223749,5.34776979394087],[6.65311717641663,5.34802689392609],[6.65333506236328,5.34812540116639],[6.65351692416675,5.34815538456337],[6.65370315937338,5.34821559057707],[6.65377390634075,5.34836953742428],[6.65378818307823,5.34849802716229],[6.65167278696958,5.3516470347829],[6.66276183159329,5.35035615691118],[6.66508325338947,5.35427241034353],[6.66844037582274,5.35425973889591],[6.67316121311956,5.35389902621915],[6.67902739729658,5.35363323428641]]]},"properties":{"FID":1635,"globalid":"2e85af4c-1d10-4453-9b1a-3f75228b39dc","uniq_id":490149,"timestamp":1582243200000,"editor":"najib.adam","wardname":"Obakati / Omoku  Town 2","wardcode":"RVSRGM07","lganame":"Ogba/Egbema/Ndoni","lgacode":"33016","statename":"Rivers","statecode":"RI","amapcode":"NIE RVS RGM","status":"Operational Placeholder","source":"INEC","urban":"No","Shape__Area":0.00038768341350703395,"Shape__Length":0.097079373413281322}},{"type":"Feature","id":1636,"geometry":{"type":"Polygon","coordinates":[[[6.7200006329229,5.24246728613639],[6.71999186813025,5.24245074310738],[6.71275248124209,5.23144695241496],[6.70339988899372,5.21722435232203],[6.68443531214001,5.21471723221453],[6.67105116977569,5.22665513702498],[6.66078475121532,5.23262670555806],[6.66091050701431,5.23910096543727],[6.65544245360638,5.24214731544629],[6.65730412308687,5.24680465970732],[6.65741155789715,5.24916127287452],[6.65583410835745,5.25669258419543],[6.65298124119136,5.26706545910372],[6.65788313539844,5.26971030228867],[6.66142112408568,5.26971564156366],[6.66502600884326,5.26860567131473],[6.66953217886703,5.26816690827627],[6.68861640602239,5.27084482043216],[6.71686243875058,5.26795687970628],[6.7200006329229,5.24246728613639]]]},"properties":{"FID":1636,"globalid":"b5b87d9a-eb7f-4938-b3d6-4d2b0e7bfb43","uniq_id":490152,"timestamp":1552694400000,"editor":"najib.adam","wardname":"Usomili North / Egi 3 Erema","wardcode":"RVSRGM01","lganame":"Ogba/Egbema/Ndoni","lgacode":"33016","statename":"Rivers","statecode":"RI","amapcode":"NIE RVS RGM","status":"Operational Placeholder","source":"INEC","urban":"No","Shape__Area":0.0028301756439326198,"Shape__Length":0.20846962217089382}},{"type":"Feature","id":1637,"geometry":{"type":"Polygon","coordinates":[[[6.65228912294469,5.34665632442989],[6.65280747328632,5.34669220827885],[6.65260430114762,5.34617535171117],[6.65212170964924,5.34630651693226],[6.65152485298961,5.3464925461941],[6.65135758088769,5.34648425264618],[6.65109310106578,5.34639744288773],[6.65081365022985,5.34627245241182],[6.65047448800726,5.34599671937315],[6.64913707201833,5.34517136116943],[6.64777249830223,5.3449688482338],[6.64677795873587,5.34426350815443],[6.64627992317997,5.34384376307924],[6.64417396725486,5.34152870578521],[6.64274655071279,5.33915709642292],[6.64453591470073,5.33818259375175],[6.64652419523549,5.33757006190888],[6.64630325968773,5.33677797862089],[6.64618835870584,5.33637075210856],[6.64613222931899,5.33617181757535],[6.64628861872484,5.33573105984061],[6.64723113071216,5.33475432325349],[6.64692831818741,5.33438015761823],[6.64650934203257,5.33393111802673],[6.64586206128513,5.33338769998244],[6.64435648376474,5.33111343683566],[6.64279974830981,5.32857824169253],[6.64262457386502,5.3282157051907],[6.64181247976217,5.32812770832714],[6.6398299270096,5.32812879111088],[6.63640737080357,5.32878089402311],[6.62646217568891,5.34380150303696],[6.63338379702463,5.34622674526815],[6.63749709821258,5.34630899456448],[6.65167278696958,5.3516470347829],[6.65378818307823,5.34849802716229],[6.65377390634075,5.34836953742428],[6.65370315937338,5.34821559057707],[6.65351692416675,5.34815538456337],[6.65333506236328,5.34812540116639],[6.65311717641663,5.34802689392609],[6.65295478223749,5.34776979394087],[6.65284591660583,5.34758431416481],[6.65278880965587,5.34747010026496],[6.65274597944347,5.34735588636511],[6.65268887159419,5.34724167156594],[6.65261748790681,5.34712745766609],[6.65250327400696,5.34692758334137],[6.65237478336962,5.34674198485476],[6.65228912294469,5.34665632442989]]]},"properties":{"FID":1637,"globalid":"b5fff5ec-b178-4842-91b6-88fcaa3bdbc1","uniq_id":490153,"timestamp":1582243200000,"editor":"najib.adam","wardname":"Obosi / Omoku  Town 1","wardcode":"RVSRGM12","lganame":"Ogba/Egbema/Ndoni","lgacode":"33016","statename":"Rivers","statecode":"RI","amapcode":"NIE RVS RGM","status":"Operational Placeholder","source":"INEC","urban":"No","Shape__Area":0.00029583450149317514,"Shape__Length":0.086763201087832476}},{"type":"Feature","id":1638,"geometry":{"type":"Polygon","coordinates":[[[6.60743217135769,5.22553452060168],[6.62420547180511,5.22398367840407],[6.62325368690819,5.2194151134168],[6.62325368690819,5.21732118682337],[6.62349797874879,5.21582609270007],[6.62292690835017,5.21054368904009],[6.62278414007608,5.20668896182616],[6.62249860532643,5.20511851800524],[6.62259101606259,5.2013852316432],[6.58959658181686,5.19150956761251],[6.58275131382214,5.18512860610036],[6.57872774429001,5.17715339481339],[6.56612711107738,5.18342113797519],[6.553380965759,5.18980980038202],[6.55882644708294,5.19842290889017],[6.54923009898994,5.2126522062344],[6.60743217135769,5.22553452060168]]]},"properties":{"FID":1638,"globalid":"cbf628ca-a099-4b78-b027-50457382ab91","uniq_id":490154,"timestamp":1552694400000,"editor":"najib.adam","wardname":"Eji Umu / Egi 1","wardcode":"RVSRGM05","lganame":"Ogba/Egbema/Ndoni","lgacode":"33016","statename":"Rivers","statecode":"RI","amapcode":"NIE RVS RGM","status":"Operational Placeholder","source":"INEC","urban":"No","Shape__Area":0.0021066859342901978,"Shape__Length":0.20764769853417944}},{"type":"Feature","id":1900,"geometry":{"type":"Polygon","coordinates":[[[7.21878668655637,4.46883969179839],[7.2202258860159,4.46836152766241],[7.22729012274101,4.46696686442931],[7.23059235325456,4.46734672726967],[7.23360797163065,4.46656946660767],[7.23629760644945,4.4638792472295],[7.23634713391317,4.46384312236228],[7.23541193970931,4.45884443322404],[7.23589401139958,4.45759082055997],[7.23601337661609,4.45453386034944],[7.237104810039,4.45043690613835],[7.2415650256055,4.44369831212742],[7.23249481058707,4.43460473182296],[7.22695587171614,4.4404533378513],[7.22981750187625,4.44864974459011],[7.22897144127904,4.45140542921723],[7.22610461573549,4.45564709603673],[7.22494214036755,4.45810896405749],[7.22223752823936,4.46037337243325],[7.21893016799288,4.46220912525098],[7.21878668655637,4.46883969179839]]]},"properties":{"FID":1900,"globalid":"61c9cc60-d1ac-4f23-b74a-024542b5d9a0","uniq_id":500566,"timestamp":1552694400000,"editor":"oluseye.abraham","wardname":"Boward 3","wardcode":"RVSBNY03","lganame":"Bonny","lgacode":"33007","statename":"Rivers","statecode":"RI","amapcode":"NIE RVS BNY","status":"Operational Placeholder","source":"INEC","urban":"No","Shape__Area":0.0003538823206454822,"Shape__Length":0.095076885493936239}},{"type":"Feature","id":2122,"geometry":{"type":"Polygon","coordinates":[[[7.14845873937935,4.42545480539502],[7.15892069933085,4.43819274529898],[7.16151357968801,4.43858338021886],[7.16616990321853,4.43796767826581],[7.16805723305492,4.43712629234454],[7.1695192878849,4.43296333329124],[7.17437114471261,4.44249239500806],[7.18019062259918,4.44086148077275],[7.17974500402875,4.43658146686124],[7.19062709666321,4.42383629101209],[7.19071688227837,4.42378496760222],[7.19240781456904,4.42118733702603],[7.17714808391696,4.41185686090546],[7.1655475435843,4.41884505005908],[7.16063342669133,4.41864959410356],[7.15420183424732,4.42160127338013],[7.15394340506413,4.42061900326445],[7.14845873937935,4.42545480539502]]]},"properties":{"FID":2122,"globalid":"d2976dbc-aa3c-4444-b911-2267369bfe9f","uniq_id":500567,"timestamp":1552694400000,"editor":"oluseye.abraham","wardname":"Boward 5","wardcode":"RVSBNY05","lganame":"Bonny","lgacode":"33007","statename":"Rivers","statecode":"RI","amapcode":"NIE RVS BNY","status":"Operational Placeholder","source":"INEC","urban":"No","Shape__Area":0.00072645591347964,"Shape__Length":0.12303432818486031}},{"type":"Feature","id":2491,"geometry":{"type":"Polygon","coordinates":[[[7.08570270701438,4.72316661474753],[7.09293319241294,4.73186989467996],[7.09591312479091,4.73712300292431],[7.09434641405579,4.73860046134229],[7.09284601573108,4.7400153827038],[7.09221507026933,4.74362561483031],[7.09228498986045,4.74456409965353],[7.09039626157823,4.74604613831866],[7.08982916978039,4.7464713647617],[7.08930161397836,4.74685283738859],[7.08920936062356,4.74797286295728],[7.08779451570439,4.74865571818691],[7.08726729265146,4.74914322987621],[7.08686934084744,4.74947321181929],[7.08593587334195,4.74931658229451],[7.08426485294063,4.74951095366765],[7.08442788743713,4.75100718003739],[7.08484093975761,4.75519338566625],[7.08376151408265,4.75520330608776],[7.08075636471449,4.75613390115865],[7.07995727480841,4.75758791065363],[7.07820323169386,4.76061238375456],[7.07789104013943,4.76108015982157],[7.07783341607933,4.76346926909156],[7.07722488891756,4.7645529728415],[7.07729623663204,4.76690061167392],[7.07814733703003,4.76870969419707],[7.08046177828851,4.77107734834101],[7.08376175330233,4.77215788737664],[7.08514160829861,4.77260970497395],[7.08737662143398,4.77265774495902],[7.0882160621216,4.77255902188142],[7.08933580080662,4.77226428077199],[7.09003578812116,4.77184523626869],[7.09163780264254,4.77096607432492],[7.09724675733202,4.7645268547306],[7.10087589320796,4.76790319117936],[7.10434399198169,4.77130978801637],[7.11316394905703,4.7621437853075],[7.11592214099409,4.76476552940568],[7.11748218685347,4.76642734614518],[7.11826348367288,4.76705586163877],[7.11847803763141,4.76722923294278],[7.11901708856783,4.76756667206433],[7.11962577760761,4.76659915083019],[7.12069031590539,4.76545059516889],[7.12194318123289,4.76411689517863],[7.12764861788946,4.75459761358906],[7.13097053186459,4.74945530721669],[7.13628123718939,4.73999848534186],[7.13933515319479,4.73416244913778],[7.13841121040906,4.73366417436222],[7.1377840825694,4.7334913066785],[7.13715848627515,4.73350573270346],[7.13122047684357,4.73367976321055],[7.1308011193762,4.73354653224669],[7.13027386035043,4.73484661557887],[7.13017237095818,4.73486035272316],[7.12907195510667,4.73446172822622],[7.12459682788136,4.73282064085993],[7.12152136501902,4.73169702789556],[7.12126007599176,4.73200986786117],[7.12070410521034,4.73240433389293],[7.12029190724576,4.73223283497742],[7.11939714206449,4.73160617298652],[7.11837445102014,4.73093755492425],[7.11581934039032,4.72986609814194],[7.1155971907578,4.72855391892824],[7.11405390466399,4.72775512579847],[7.1137996105636,4.72587411280011],[7.11616039388713,4.7251418838909],[7.1180143094129,4.72395425628395],[7.11800950793247,4.71983398265223],[7.1166696628747,4.71728188385191],[7.11515540239992,4.71463472940928],[7.11611246272003,4.70853686818197],[7.12220159063094,4.70207031639205],[7.12250820998594,4.69385536023674],[7.11987226109602,4.68945823570908],[7.11872280071674,4.68663245522367],[7.12029322834985,4.6809653557666],[7.12509850209426,4.67768083020621],[7.12519833673389,4.67311333900943],[7.12340898533643,4.66972172217976],[7.10823053900822,4.67395439218149],[7.10239916938622,4.67852031765858],[7.09684016034515,4.68608910193058],[7.0913529091095,4.69287198935086],[7.08878447592286,4.70106031208377],[7.08869493402403,4.70624669333029],[7.0890100582676,4.71158852868768],[7.08800685373336,4.71871908681646],[7.08570270701438,4.72316661474753]]]},"properties":{"FID":2491,"globalid":"4c5de785-df01-41a4-ac43-f2dbf28fbf14","uniq_id":491163,"timestamp":1552694400000,"editor":"oluseye.abraham","wardname":"Okward 5","wardcode":"RVSKRK05","lganame":"Okrika","lgacode":"33018","statename":"Rivers","statecode":"RI","amapcode":"NIE RVS KRK","status":"Operational Placeholder","source":"INEC","urban":"No","Shape__Area":0.0031811118905871183,"Shape__Length":0.323419829267355}},{"type":"Feature","id":2509,"geometry":{"type":"Polygon","coordinates":[[[6.85129780614886,4.73770410615964],[6.85271891844337,4.73997268289304],[6.85326096771951,4.74062742441618],[6.85378439923068,4.74098664871491],[6.85414971913428,4.74073424409016],[6.85453485110253,4.74044591784491],[6.85510985333713,4.74015766174676],[6.85571889760911,4.73997708057783],[6.85701592234699,4.73965993735629],[6.85795397909288,4.73939699627442],[6.85830570394512,4.73929892520528],[6.85871644680662,4.73908670678611],[6.85957487488059,4.7388399939706],[6.859752946941,4.73881531207707],[6.85966340863945,4.73856362870856],[6.85944109083374,4.73830218409859],[6.85929599331547,4.73801110143125],[6.85932487234504,4.73784836730835],[6.85953484425772,4.73763855637435],[6.85967653694269,4.73735332199828],[6.85898235295326,4.73690783293017],[6.85864012044527,4.73665679977154],[6.85852806042169,4.73646794843711],[6.85721354656795,4.73543889109197],[6.85468300901368,4.73640175203928],[6.85129780614886,4.73770410615964]]]},"properties":{"FID":2509,"globalid":"82e5b081-66ab-4944-99bf-0e1ff15187da","uniq_id":496359,"timestamp":1598832000000,"editor":"najib.adam","wardname":"Astward 3","wardcode":"RVSBGM03","lganame":"Asari-Toru","lgacode":"33006","statename":"Rivers","statecode":"RI","amapcode":"NIE RVS BGM","status":"Operational Placeholder","source":"INEC","urban":"No","Shape__Area":2.6295821040633882E-05,"Shape__Length":0.0217642863006125}},{"type":"Feature","id":2523,"geometry":{"type":"Polygon","coordinates":[[[6.67147196166172,4.83997970639837],[6.6715387534108,4.84008221022589],[6.67330535106117,4.84176414569879],[6.67813883024286,4.84630430110263],[6.68101747737472,4.85044171131597],[6.68908304084971,4.86435797444102],[6.68966679168915,4.86591348142207],[6.71703907009703,4.86755751856469],[6.72572332667022,4.86762587243612],[6.74094828143808,4.82523297242381],[6.73827070293066,4.82048592888253],[6.71769099404418,4.81718958083451],[6.71041205677108,4.81586354216876],[6.70274315187498,4.81609455731802],[6.6953754389254,4.81576470307863],[6.68859698066615,4.81472309479506],[6.67618792643168,4.8122557211247],[6.67015001491131,4.81155280291955],[6.66596861885671,4.81578536410331],[6.67147196166172,4.83997970639837]]]},"properties":{"FID":2523,"globalid":"12c17d2d-261a-437d-a22a-5c99157c996b","uniq_id":496362,"timestamp":1552694400000,"editor":"oluseye.abraham","wardname":"Aboward 13","wardcode":"RVSABU13","lganame":"Abua/Odual","lgacode":"33001","statename":"Rivers","statecode":"RI","amapcode":"NIE RVS ABU","status":"Operational Placeholder","source":"INEC","urban":"No","Shape__Area":0.0029932205699552128,"Shape__Length":0.21821852656225441}},{"type":"Feature","id":2836,"geometry":{"type":"Polygon","coordinates":[[[7.08686316070634,4.74154881132864],[7.087137059128,4.74185421659888],[7.08726181488089,4.7421327923945],[7.08743197830319,4.7421620212603],[7.08788026426282,4.74248174463685],[7.08770864573745,4.74297790870355],[7.08794746430408,4.74298589738129],[7.08832499969901,4.74302555388624],[7.0885723339461,4.74303577018469],[7.08871966178299,4.74303869298137],[7.08910054715255,4.74308452063417],[7.0897607592517,4.7431575132087],[7.09221507026933,4.74362561483031],[7.09284601573108,4.7400153827038],[7.09434641405579,4.73860046134229],[7.09591312479091,4.73712300292431],[7.09293319241294,4.73186989467996],[7.09159448319889,4.73274389271654],[7.08811522833514,4.73572102820293],[7.08922821940683,4.73934131115266],[7.08837071583594,4.73965014194056],[7.08791487736977,4.73994488215067],[7.08699684672712,4.74041005378103],[7.08651219757991,4.74082807305717],[7.08647558977668,4.74142911066497],[7.08655899020528,4.74148570410199],[7.08668879834943,4.74147934319717],[7.08686316070634,4.74154881132864]]]},"properties":{"FID":2836,"globalid":"1d7ecf40-9653-492c-a93b-17de384998b9","uniq_id":496448,"timestamp":1552694400000,"editor":"oluseye.abraham","wardname":"Okward 2","wardcode":"RVSKRK02","lganame":"Okrika","lgacode":"33018","statename":"Rivers","statecode":"RI","amapcode":"NIE RVS KRK","status":"Operational Placeholder","source":"INEC","urban":"No","Shape__Area":5.7623731667177935E-05,"Shape__Length":0.034553284188575492}},{"type":"Feature","id":2974,"geometry":{"type":"Polygon","coordinates":[[[7.21801007880214,4.85730467257264],[7.22456514816309,4.85788373794418],[7.22464988228631,4.81824103039929],[7.2169699822789,4.8239584784011],[7.20492606538568,4.82204625173318],[7.18473929098553,4.80754400295342],[7.14844902130534,4.79394314286179],[7.16826614916351,4.82042189895151],[7.16931782265942,4.82616899580256],[7.1705304217416,4.83525660730663],[7.17131111601526,4.84902106487027],[7.17161800067026,4.85078214517989],[7.17102442923408,4.85092135933331],[7.16945903960305,4.85187596900084],[7.16849840177986,4.85238681809722],[7.16717884632675,4.85318610225687],[7.16652407062941,4.85356038120665],[7.16536049718923,4.85423372790427],[7.16462587968067,4.85465735625206],[7.16534638412838,4.85579306689658],[7.16567622217997,4.85670233814244],[7.16582009302294,4.85719773688612],[7.1641387043378,4.85686897712162],[7.16299689718909,4.85679105716162],[7.16246168815644,4.8567906048026],[7.16198262919505,4.85690334381434],[7.16180684231199,4.85695209965974],[7.16129727744743,4.85725170610141],[7.16041851030604,4.85816192343407],[7.15896733457487,4.85968396394384],[7.16205009003966,4.86285668668677],[7.16405508087735,4.86492019191337],[7.1662473159609,4.86713519693183],[7.16869062467265,4.86965008987977],[7.16975589142129,4.8707182011841],[7.17155805995657,4.872635686188],[7.1721892338461,4.87371990614878],[7.17237229534521,4.87437268894848],[7.17232693713851,4.87512238988643],[7.17384290722441,4.87939119284931],[7.17716551097959,4.87733398197776],[7.18376307420658,4.87521849683623],[7.18842972195415,4.87089615813125],[7.19885597162585,4.86169199988592],[7.21801007880214,4.85730467257264]]]},"properties":{"FID":2974,"globalid":"3b46649d-f8a0-496f-a8bb-c1f7623c184d","uniq_id":495734,"timestamp":1552694400000,"editor":"oluseye.abraham","wardname":"Oyward 1","wardcode":"RVSAFM01","lganame":"Oyigbo","lgacode":"33021","statename":"Rivers","statecode":"RI","amapcode":"NIE RVS AFM","status":"Operational Placeholder","source":"INEC","urban":"No","Shape__Area":0.0031146971725597439,"Shape__Length":0.2901696554990863}},{"type":"Feature","id":3031,"geometry":{"type":"Polygon","coordinates":[[[7.26507176964651,4.75044211441212],[7.26146212567659,4.78564488430402],[7.26013065510568,4.79074552238802],[7.28978257730415,4.7897502228945],[7.29248390780617,4.78009884618484],[7.29897536002488,4.7746092827922],[7.30745097478268,4.76319739864107],[7.30785508514413,4.76308584133858],[7.30335176866924,4.7402492693883],[7.301971958639,4.73769270185676],[7.29370319424709,4.7341729586152],[7.28898288035572,4.73527096158568],[7.28810810440552,4.73641237213332],[7.28896293069477,4.75155567475463],[7.27612284669209,4.75477613441114],[7.26507176964651,4.75044211441212]]]},"properties":{"FID":3031,"globalid":"79b0c28e-ba4f-4a8e-9bba-c855d6c64c84","uniq_id":496491,"timestamp":1552694400000,"editor":"oluseye.abraham","wardname":"Tward 4","wardcode":"RVSSKN04","lganame":"Tai","lgacode":"33023","statename":"Rivers","statecode":"RI","amapcode":"NIE RVS SKN","status":"Operational Placeholder","source":"INEC","urban":"No","Shape__Area":0.0016487811119993978,"Shape__Length":0.18521389290246876}},{"type":"Feature","id":3519,"geometry":{"type":"Polygon","coordinates":[[[6.77488662971422,4.73334045529782],[6.77499210040514,4.73411817821142],[6.77420087417107,4.73443021328376],[6.77377969917382,4.73464987988808],[6.77366183312716,4.73447353722401],[6.77360208756636,4.73438318143872],[6.77314323367335,4.73440869160788],[6.77206707793334,4.73471388104082],[6.77200547167524,4.73520492526711],[6.7719220982263,4.73579349107678],[6.77255002466393,4.73561972317174],[6.77263898200346,4.73559513930428],[6.77263757096716,4.73573514486111],[6.77304231804857,4.73564426656969],[6.77357808915752,4.73558568293299],[6.77366104172376,4.73554088410458],[6.77425285498532,4.73580984884552],[6.77479527298351,4.73613961405198],[6.77486793190957,4.73624447680123],[6.77614705204485,4.73826846761574],[6.78245988631477,4.74210049863916],[6.78604233478598,4.7418051603799],[6.78942653490668,4.73924720699307],[6.7909124739316,4.73330577833906],[6.79365652402942,4.73122968710044],[6.79291478478956,4.72783429131954],[6.78815181425489,4.7201070411071],[6.78688639079434,4.72170892522678],[6.78300698888148,4.72354458271639],[6.78124419266538,4.72443466063112],[6.77700544774325,4.7254828807304],[6.7768755766466,4.72454692570011],[6.77716129395861,4.72341830531059],[6.77704537494412,4.72277638811988],[6.77372855023248,4.72159749293002],[6.77090074627245,4.7265492941147],[6.77068402584717,4.72742794974016],[6.771065635171,4.72775650625783],[6.77166815486152,4.72783222737542],[6.77198824516142,4.72788027365573],[6.77229952030666,4.72796806457455],[6.77292235118563,4.72807044429561],[6.7729331934122,4.728160074328],[6.77283083797283,4.7283746606621],[6.77274279164658,4.72866861756268],[6.772652960166,4.72893389058663],[6.77259264803234,4.72910811804525],[6.77256619177638,4.72930790963238],[6.7725007930772,4.72944402741996],[6.77248881680549,4.7295775137913],[6.77270181763481,4.72935741281441],[6.77300951797491,4.72888978603487],[6.77359133077533,4.72894687409899],[6.77428544102031,4.72905771733986],[6.77520664357178,4.72901865528678],[6.77494524572654,4.73103517093642],[6.77502698240937,4.7319007324329],[6.77495108502461,4.73267254680064],[6.77488662971422,4.73334045529782]]]},"properties":{"FID":3519,"globalid":"39336e8d-6041-40ec-be28-72d7bb34c853","uniq_id":496357,"timestamp":1552694400000,"editor":"oluseye.abraham","wardname":"Aktward 13","wardcode":"RVSABM13","lganame":"Akuku Toru","lgacode":"33004","statename":"Rivers","statecode":"RI","amapcode":"NIE RVS ABM","status":"Operational Placeholder","source":"INEC","urban":"No","Shape__Area":0.00030812519670853078,"Shape__Length":0.0851398806435074}},{"type":"Feature","id":3530,"geometry":{"type":"Polygon","coordinates":[[[7.33600303691065,4.48510669192035],[7.33116612231873,4.47359156020241],[7.31259990286327,4.47299722793974],[7.30818991083578,4.46073602944426],[7.30333495314562,4.45181313326952],[7.28747366237968,4.44368697167647],[7.28022021728924,4.45036376337703],[7.26992407523591,4.45784298056913],[7.2596282308582,4.46243173443702],[7.25263570787166,4.46327182173724],[7.24587867865813,4.46535017297214],[7.24022585234127,4.46581913164766],[7.23634713391317,4.46384312236228],[7.23629760644945,4.4638792472295],[7.23360797163065,4.46656946660767],[7.23059235325456,4.46734672726967],[7.22729012274101,4.46696686442931],[7.2202258860159,4.46836152766241],[7.21878668655637,4.46883969179839],[7.21438055262047,4.48022404140642],[7.22905680492767,4.47920018484069],[7.23266741656806,4.48225575739735],[7.23877856078201,4.4969785810967],[7.24281016305861,4.50618834841362],[7.21744751688942,4.52066366069943],[7.21674776879456,4.54484232331464],[7.23719533219889,4.53842579721282],[7.24718906822096,4.53043080803542],[7.25113913796088,4.52168422574647],[7.25518405739837,4.51272761758554],[7.26232243962892,4.5018772764152],[7.27632181180223,4.49561227258835],[7.30115524381949,4.50301941721239],[7.32713895819643,4.50473262930745],[7.33058591480818,4.50164225388693],[7.34139108033412,4.49293156174224],[7.33600303691065,4.48510669192035]]]},"properties":{"FID":3530,"globalid":"dc5fecc7-989d-4143-9480-8828d9389ce7","uniq_id":496393,"timestamp":1552694400000,"editor":"oluseye.abraham","wardname":"Boward 6","wardcode":"RVSBNY06","lganame":"Bonny","lgacode":"33007","statename":"Rivers","statecode":"RI","amapcode":"NIE RVS BNY","status":"Operational Placeholder","source":"INEC","urban":"No","Shape__Area":0.0053103951430664154,"Shape__Length":0.42206822170784641}},{"type":"Feature","id":3553,"geometry":{"type":"Polygon","coordinates":[[[6.7719220982263,4.73579349107678],[6.77182971357047,4.73644566593481],[6.7714816255766,4.73704423760154],[6.77125853075665,4.73735290021619],[6.77092388313076,4.73741249918754],[6.76876495893578,4.73926140638883],[6.7666578770594,4.74144777879201],[6.7634080203639,4.74914631904744],[6.76332903830451,4.75349032601775],[6.76328904725176,4.75568983841538],[6.76388391281239,4.75842621729612],[6.76531158925849,4.75985389284295],[6.76555538197533,4.76333332037649],[6.76749432660193,4.77216769088625],[6.78424797956063,4.77252231875008],[6.78289989941089,4.76977958615902],[6.78231562066941,4.76809041564024],[6.78052152175087,4.76332115884446],[6.7793210428319,4.75976825310244],[6.77896274573419,4.75855151264227],[6.77541854093295,4.75036114215305],[6.77543825856884,4.75025280172548],[6.77576909037128,4.7469895882989],[6.77726063127318,4.74589969091807],[6.78245988631477,4.74210049863916],[6.77614705204485,4.73826846761574],[6.77486793190957,4.73624447680123],[6.77479527298351,4.73613961405198],[6.77425285498532,4.73580984884552],[6.77366104172376,4.73554088410458],[6.77357808915752,4.73558568293299],[6.77304231804857,4.73564426656969],[6.77263757096716,4.73573514486111],[6.77263898200346,4.73559513930428],[6.77255002466393,4.73561972317174],[6.7719220982263,4.73579349107678]]]},"properties":{"FID":3553,"globalid":"0dd7b50a-74a0-40b4-a2e9-708ada8d5a62","uniq_id":496352,"timestamp":1552694400000,"editor":"oluseye.abraham","wardname":"Aktward 14","wardcode":"RVSABM14","lganame":"Akuku Toru","lgacode":"33004","statename":"Rivers","statecode":"RI","amapcode":"NIE RVS ABM","status":"Operational Placeholder","source":"INEC","urban":"No","Shape__Area":0.0004849727852729302,"Shape__Length":0.10564337000194815}},{"type":"Feature","id":3554,"geometry":{"type":"Polygon","coordinates":[[[6.76909615496362,4.73791600172217],[6.76876495893578,4.73926140638883],[6.77092388313076,4.73741249918754],[6.77125853075665,4.73735290021619],[6.7714816255766,4.73704423760154],[6.77182971357047,4.73644566593481],[6.7719220982263,4.73579349107678],[6.77200547167524,4.73520492526711],[6.77206707793334,4.73471388104082],[6.77314323367335,4.73440869160788],[6.77360208756636,4.73438318143872],[6.77366183312716,4.73447353722401],[6.77377969917382,4.73464987988808],[6.77420087417107,4.73443021328376],[6.77499210040514,4.73411817821142],[6.77488662971422,4.73334045529782],[6.77203443074444,4.73408215496755],[6.77020581224849,4.73461626862593],[6.76875044927385,4.73512223440366],[6.76909615496362,4.73791600172217]]]},"properties":{"FID":3554,"globalid":"20ea8749-08bb-4255-9733-a53e65d76c69","uniq_id":496355,"timestamp":1552694400000,"editor":"oluseye.abraham","wardname":"Aktward 15","wardcode":"RVSABM15","lganame":"Akuku Toru","lgacode":"33004","statename":"Rivers","statecode":"RI","amapcode":"NIE RVS ABM","status":"Operational Placeholder","source":"INEC","urban":"Yes","Shape__Area":1.2165487618176485E-05,"Shape__Length":0.020606149509186645}},{"type":"Feature","id":3555,"geometry":{"type":"Polygon","coordinates":[[[6.77525152064123,4.71284270162943],[6.74618904558804,4.69386840760097],[6.74666295683005,4.72481381300713],[6.74119120990645,4.75829242425601],[6.73442620730367,4.76735254978041],[6.7385602486566,4.77532442098527],[6.73927353784353,4.78504924892377],[6.74067455298825,4.79792130472447],[6.74095865871516,4.80189985689293],[6.74030036127272,4.80652304130535],[6.73827070293066,4.82048592888253],[6.74094828143808,4.82523297242381],[6.7506702720155,4.8271929027303],[6.77569799896355,4.82199636993658],[6.7841854416049,4.82078310715474],[6.78490544333158,4.82070482117064],[6.78135775185882,4.79752424594722],[6.78407429978915,4.78523324301977],[6.78454778655117,4.78276733974099],[6.78568821503916,4.78129819465602],[6.78608840795368,4.78050219302185],[6.78613231915125,4.78042734694458],[6.78922016567816,4.77521752396962],[6.78424797956063,4.77252231875008],[6.76749432660193,4.77216769088625],[6.76555538197533,4.76333332037649],[6.76531158925849,4.75985389284295],[6.76388391281239,4.75842621729612],[6.76328904725176,4.75568983841538],[6.76332903830451,4.75349032601775],[6.7634080203639,4.74914631904744],[6.7666578770594,4.74144777879201],[6.76876495893578,4.73926140638883],[6.76909615496362,4.73791600172217],[6.76875044927385,4.73512223440366],[6.76850764311331,4.73390798506551],[6.76857989734441,4.73311053642215],[6.76881492976526,4.73256643129582],[6.76911629438155,4.73205311176173],[6.76939199414528,4.7311530288892],[6.76953854406861,4.73085564737028],[6.76968512007227,4.72991456710366],[6.76992825268678,4.72896026230632],[6.77068402584717,4.72742794974016],[6.77090074627245,4.7265492941147],[6.77372855023248,4.72159749293002],[6.77525152064123,4.71284270162943]]]},"properties":{"FID":3555,"globalid":"b05cf335-edd8-4f21-a2e0-1a3546159539","uniq_id":496358,"timestamp":1552694400000,"editor":"oluseye.abraham","wardname":"Aktward 3","wardcode":"RVSABM03","lganame":"Akuku Toru","lgacode":"33004","statename":"Rivers","statecode":"RI","amapcode":"NIE RVS ABM","status":"Operational Placeholder","source":"INEC","urban":"No","Shape__Area":0.0040788154196675919,"Shape__Length":0.3485465338124637}},{"type":"Feature","id":3556,"geometry":{"type":"Polygon","coordinates":[[[6.52952378919156,4.75357293684164],[6.53285957430995,4.77050372656578],[6.53501575377408,4.77269716764022],[6.54979001419787,4.79803633790669],[6.55193632270317,4.80235746792283],[6.55397846003797,4.80533464837538],[6.55337475324234,4.81155449634298],[6.56009629880521,4.85108721140574],[6.56307729058454,4.85197720208623],[6.57415484097316,4.85533965390198],[6.57938744017827,4.85213794061349],[6.57555627789998,4.84640701986814],[6.60814173735133,4.83846217688802],[6.61628788098096,4.84110898868892],[6.62249272825687,4.84254594973584],[6.62705142138606,4.84847077330761],[6.63074335422249,4.85068414875451],[6.63904596909623,4.85483394712901],[6.63920160487021,4.85479079495929],[6.64055620510482,4.85353042029271],[6.64229728089487,4.85237840763745],[6.64416684012764,4.85138876398031],[6.64634243865265,4.85271226475925],[6.65012321011812,4.84804619977234],[6.64977821309412,4.84752906981078],[6.64849494078891,4.84307351093383],[6.64873764622541,4.84150998919472],[6.64896152435489,4.83982065230128],[6.65550918240291,4.84047374986369],[6.65800505918617,4.8403646288246],[6.66607837391786,4.83930995159307],[6.67147196166172,4.83997970639837],[6.66596861885671,4.81578536410331],[6.65294273042269,4.81689964929944],[6.64001217102492,4.81778660926466],[6.63556809379253,4.81801500378947],[6.63061860026824,4.81610975586057],[6.62923058842097,4.81337606505343],[6.62409151421207,4.80256269231444],[6.62228886993546,4.79177429015141],[6.62075848281779,4.77685451672261],[6.61065324255316,4.75486777532763],[6.62431090292586,4.73481845690628],[6.62203742218935,4.70630670598973],[6.59023575787398,4.7082543353693],[6.57935977523351,4.70451653890717],[6.57352484519549,4.70485120272087],[6.57409048099095,4.70937490502791],[6.57893562258096,4.71518945732765],[6.58621501940769,4.71850490607659],[6.59347248087033,4.72245788602265],[6.60024976731296,4.73405599638716],[6.60724115355646,4.74635314887877],[6.59830999441078,4.7526779171522],[6.58873701070451,4.75517082167613],[6.57917213438657,4.7581281657823],[6.563601971254,4.75840282413105],[6.55261182777366,4.75859689782862],[6.5374388691086,4.75561189687159],[6.52952378919156,4.75357293684164]]]},"properties":{"FID":3556,"globalid":"23f997c5-0cdf-44ee-a261-dc2b036ec4ba","uniq_id":496363,"timestamp":1552694400000,"editor":"oluseye.abraham","wardname":"Aboward 1","wardcode":"RVSABU01","lganame":"Abua/Odual","lgacode":"33001","statename":"Rivers","statecode":"RI","amapcode":"NIE RVS ABU","status":"Operational Placeholder","source":"INEC","urban":"No","Shape__Area":0.009230622189047466,"Shape__Length":0.61252582190669536}},{"type":"Feature","id":3557,"geometry":{"type":"Polygon","coordinates":[[[6.57938744017827,4.85213794061349],[6.59847954719339,4.87390927279478],[6.60854792874397,4.87041037314026],[6.61534768204996,4.87239847740784],[6.62627039436325,4.87084117268205],[6.62827119795747,4.87223586109616],[6.64152132784704,4.8645817878193],[6.64010515013263,4.86399755404392],[6.64118179510382,4.86225353207487],[6.64044235722906,4.86105431400546],[6.63904596909623,4.85483394712901],[6.63074335422249,4.85068414875451],[6.62705142138606,4.84847077330761],[6.62249272825687,4.84254594973584],[6.61628788098096,4.84110898868892],[6.60814173735133,4.83846217688802],[6.57555627789998,4.84640701986814],[6.57938744017827,4.85213794061349]]]},"properties":{"FID":3557,"globalid":"453d3acd-1bb0-4a39-acf9-1cca573c3c54","uniq_id":496364,"timestamp":1552694400000,"editor":"oluseye.abraham","wardname":"Aboward 2","wardcode":"RVSABU02","lganame":"Abua/Odual","lgacode":"33001","statename":"Rivers","statecode":"RI","amapcode":"NIE RVS ABU","status":"Operational Placeholder","source":"INEC","urban":"No","Shape__Area":0.0014914325693649033,"Shape__Length":0.16327011341204126}},{"type":"Feature","id":3558,"geometry":{"type":"Polygon","coordinates":[[[6.45976974797554,4.72175710011015],[6.45942878710889,4.72399711617402],[6.44594192507981,4.73004484199589],[6.44142198643556,4.74532985708726],[6.44409084331784,4.76097822166764],[6.44466018701809,4.77556705537535],[6.434442557578,4.76881949062704],[6.42998218463015,4.76587390875392],[6.42983795405837,4.76610243098247],[6.42286395980398,4.77715206101885],[6.41963018568458,4.78543132139839],[6.44766773667675,4.78310805509273],[6.45930860800593,4.77932836461241],[6.46922612378665,4.77891359998273],[6.48469891012667,4.78369068897416],[6.49272705640857,4.78581636073653],[6.49782970987326,4.78588466064861],[6.50161691508862,4.78494563893014],[6.50504882874048,4.78343199898762],[6.51087251005833,4.78089112012913],[6.52224446520995,4.77556961934249],[6.53285957430995,4.77050372656578],[6.52952378919156,4.75357293684164],[6.5273118022979,4.75300312009796],[6.5175819399546,4.74713420917647],[6.51060009012213,4.74121618268072],[6.49898576677975,4.7325921060409],[6.4977054928143,4.73127739343698],[6.49526507272498,4.73251923217686],[6.48055254086711,4.73861790369335],[6.46939801930318,4.73050222819535],[6.46356352543637,4.72629642993633],[6.45976974797554,4.72175710011015]]]},"properties":{"FID":3558,"globalid":"5bf4f169-b14e-42c2-9b77-26312f3c0bb9","uniq_id":496365,"timestamp":1552694400000,"editor":"oluseye.abraham","wardname":"Aboward 6","wardcode":"RVSABU06","lganame":"Abua/Odual","lgacode":"33001","statename":"Rivers","statecode":"RI","amapcode":"NIE RVS ABU","status":"Operational Placeholder","source":"INEC","urban":"No","Shape__Area":0.0042199141858692,"Shape__Length":0.32342378337775513}},{"type":"Feature","id":3559,"geometry":{"type":"Polygon","coordinates":[[[6.62431090292586,4.73481845690628],[6.61065324255316,4.75486777532763],[6.62075848281779,4.77685451672261],[6.62228886993546,4.79177429015141],[6.62409151421207,4.80256269231444],[6.62923058842097,4.81337606505343],[6.63061860026824,4.81610975586057],[6.63556809379253,4.81801500378947],[6.64001217102492,4.81778660926466],[6.65294273042269,4.81689964929944],[6.66596861885671,4.81578536410331],[6.67015001491131,4.81155280291955],[6.67618792643168,4.8122557211247],[6.68859698066615,4.81472309479506],[6.6953754389254,4.81576470307863],[6.70274315187498,4.81609455731802],[6.71041205677108,4.81586354216876],[6.71769099404418,4.81718958083451],[6.73827070293066,4.82048592888253],[6.74030036127272,4.80652304130535],[6.74095865871516,4.80189985689293],[6.74067455298825,4.79792130472447],[6.73927353784353,4.78504924892377],[6.7385602486566,4.77532442098527],[6.73442620730367,4.76735254978041],[6.69832493734606,4.75110967936826],[6.68842761764051,4.75821304379696],[6.66560361461518,4.75451139558447],[6.63912893065566,4.74340370981338],[6.62431090292586,4.73481845690628]]]},"properties":{"FID":3559,"globalid":"a66c8907-c184-4711-9054-2a64641a73cc","uniq_id":496366,"timestamp":1552694400000,"editor":"oluseye.abraham","wardname":"Aboward 12","wardcode":"RVSABU12","lganame":"Abua/Odual","lgacode":"33001","statename":"Rivers","statecode":"RI","amapcode":"NIE RVS ABU","status":"Operational Placeholder","source":"INEC","urban":"No","Shape__Area":0.0075342800838082979,"Shape__Length":0.37522065688780631}},{"type":"Feature","id":3560,"geometry":{"type":"Polygon","coordinates":[[[6.55337475324234,4.81155449634298],[6.52998951570362,4.81086620291296],[6.52627248458754,4.80957689255962],[6.51612055062299,4.80788993167505],[6.50947612282488,4.80755081082128],[6.50147188142222,4.80765074168841],[6.49854941212573,4.81126777808555],[6.49626083896658,4.8150887447498],[6.49418372789677,4.81966527413311],[6.49329364368674,4.82170603730384],[6.49268998455517,4.82300958572387],[6.49050556907679,4.82755005678973],[6.49189013292334,4.82891775295201],[6.49139233119121,4.83206913208483],[6.48927322088247,4.84060623978621],[6.48849764824791,4.84313478804006],[6.48683949894377,4.8476379138587],[6.48671257042884,4.85484292775897],[6.48265093799046,4.87250506235881],[6.49379799518135,4.88859617667225],[6.49830799991429,4.88957700067806],[6.49984000041576,4.8844810003979],[6.50348000010194,4.88142400061719],[6.51286300022736,4.87665600017431],[6.51509000040323,4.87178100019304],[6.51756700041676,4.86805000080693],[6.52540700043278,4.867921000254],[6.53071499969752,4.86806000036876],[6.53514599988802,4.87097900008087],[6.53663947972825,4.86812572462253],[6.53881799655335,4.86497042624421],[6.56009629880521,4.85108721140574],[6.55337475324234,4.81155449634298]]]},"properties":{"FID":3560,"globalid":"baa03a90-2dbb-46ea-b787-bda34917778c","uniq_id":496367,"timestamp":1552694400000,"editor":"oluseye.abraham","wardname":"Aboward 9","wardcode":"RVSABU09","lganame":"Abua/Odual","lgacode":"33001","statename":"Rivers","statecode":"RI","amapcode":"NIE RVS ABU","status":"Operational Placeholder","source":"INEC","urban":"No","Shape__Area":0.004182156480947441,"Shape__Length":0.26746254082228105}},{"type":"Feature","id":3561,"geometry":{"type":"Polygon","coordinates":[[[6.41353375437933,4.80103969312739],[6.41987911982557,4.80487470630271],[6.45861416231378,4.82751674140457],[6.49050556907679,4.82755005678973],[6.49268998455517,4.82300958572387],[6.49329364368674,4.82170603730384],[6.49418372789677,4.81966527413311],[6.49626083896658,4.8150887447498],[6.49854941212573,4.81126777808555],[6.50147188142222,4.80765074168841],[6.50947612282488,4.80755081082128],[6.51612055062299,4.80788993167505],[6.52627248458754,4.80957689255962],[6.52998951570362,4.81086620291296],[6.55337475324234,4.81155449634298],[6.55397846003797,4.80533464837538],[6.55193632270317,4.80235746792283],[6.54979001419787,4.79803633790669],[6.53501575377408,4.77269716764022],[6.53285957430995,4.77050372656578],[6.52224446520995,4.77556961934249],[6.51087251005833,4.78089112012913],[6.50504882874048,4.78343199898762],[6.50161691508862,4.78494563893014],[6.49782970987326,4.78588466064861],[6.49272705640857,4.78581636073653],[6.48469891012667,4.78369068897416],[6.46922612378665,4.77891359998273],[6.45930860800593,4.77932836461241],[6.44766773667675,4.78310805509273],[6.41963018568458,4.78543132139839],[6.41353375437933,4.80103969312739]]]},"properties":{"FID":3561,"globalid":"df9a65dd-3094-4c5e-ab39-8ae0f1e17079","uniq_id":496368,"timestamp":1552694400000,"editor":"oluseye.abraham","wardname":"Aboward 5","wardcode":"RVSABU05","lganame":"Abua/Odual","lgacode":"33001","statename":"Rivers","statecode":"RI","amapcode":"NIE RVS ABU","status":"Operational Placeholder","source":"INEC","urban":"No","Shape__Area":0.0046194695102030892,"Shape__Length":0.3413557776046533}},{"type":"Feature","id":3562,"geometry":{"type":"Polygon","coordinates":[[[6.4977054928143,4.73127739343698],[6.48964405093227,4.72299909623138],[6.47847890927432,4.71390199687971],[6.46106004668388,4.71328020112043],[6.45976974797554,4.72175710011015],[6.46356352543637,4.72629642993633],[6.46939801930318,4.73050222819535],[6.48055254086711,4.73861790369335],[6.49526507272498,4.73251923217686],[6.4977054928143,4.73127739343698]]]},"properties":{"FID":3562,"globalid":"e461ff3e-6be5-4d67-a81b-3b06b2082aee","uniq_id":496369,"timestamp":1552694400000,"editor":"oluseye.abraham","wardname":"Aboward 8","wardcode":"RVSABU08","lganame":"Abua/Odual","lgacode":"33001","statename":"Rivers","statecode":"RI","amapcode":"NIE RVS ABU","status":"Operational Placeholder","source":"INEC","urban":"No","Shape__Area":0.000559375756289171,"Shape__Length":0.097528902808578663}},{"type":"Feature","id":3563,"geometry":{"type":"Polygon","coordinates":[[[7.28302786114693,4.8740211889268],[7.29394857156939,4.87507764231941],[7.29489088120926,4.87516880029995],[7.30533568659268,4.87546387955445],[7.30778598843267,4.87553310396964],[7.31979417795901,4.87963295040038],[7.32606458671137,4.87612676623735],[7.33078718218275,4.87348604194733],[7.33421707236005,4.87331342697314],[7.34091091160934,4.87293911025176],[7.34330972906082,4.87272548439364],[7.347352519803,4.83033850911494],[7.33250248340295,4.82702840413759],[7.29739405689025,4.82604891562499],[7.2840146836308,4.82643496670039],[7.28067589297814,4.8260261663745],[7.28017608755647,4.8261565968495],[7.27968685096744,4.826190524673],[7.28302786114693,4.8740211889268]]]},"properties":{"FID":3563,"globalid":"0324d04e-3dfc-492b-ac29-6327fa2137d3","uniq_id":496370,"timestamp":1552694400000,"editor":"oluseye.abraham","wardname":"Oyward 4","wardcode":"RVSAFM04","lganame":"Oyigbo","lgacode":"33021","statename":"Rivers","statecode":"RI","amapcode":"NIE RVS AFM","status":"Operational Placeholder","source":"INEC","urban":"No","Shape__Area":0.0030993225658342283,"Shape__Length":0.22126787643265675}},{"type":"Feature","id":3564,"geometry":{"type":"Polygon","coordinates":[[[7.17384290722441,4.87939119284931],[7.17232693713851,4.87512238988643],[7.17237229534521,4.87437268894848],[7.1721892338461,4.87371990614878],[7.17155805995657,4.872635686188],[7.16975589142129,4.8707182011841],[7.16869062467265,4.86965008987977],[7.1662473159609,4.86713519693183],[7.16405508087735,4.86492019191337],[7.16205009003966,4.86285668668677],[7.15896733457487,4.85968396394384],[7.15851947039727,4.85928087701092],[7.15797383372552,4.85876524711853],[7.15733772435652,4.85819754198303],[7.15679600872886,4.857830159934],[7.1559909149488,4.85758603176998],[7.15545309788223,4.85744385435044],[7.15429893674656,4.85728798115548],[7.15011158628073,4.85654344412467],[7.14561876759211,4.85564737312779],[7.13534877692456,4.85384426030441],[7.13583927796037,4.85578049437436],[7.13570264036463,4.85907687389869],[7.13547250385301,4.86925439087747],[7.13999141367287,4.86621524084075],[7.14086712491792,4.86794155066207],[7.14127094120101,4.86855730477583],[7.14201400784026,4.86909337895634],[7.14297038107827,4.86953820522405],[7.14309355042707,4.86959177424103],[7.14363044029261,4.86990677977411],[7.14389844905423,4.87007946309677],[7.14483385369942,4.87081740000303],[7.14537673664711,4.87115421679374],[7.14660575285325,4.87171476422503],[7.14744608926566,4.87202824540725],[7.1485908533852,4.87231353464193],[7.15094526681065,4.87327208783665],[7.15025205498841,4.87496061803813],[7.15000937203496,4.87563020826752],[7.15009791388769,4.87573283710083],[7.150996072211,4.87538836797887],[7.15161982489508,4.87518874636362],[7.1521740788707,4.87515675388113],[7.15282788419955,4.87512045994134],[7.1534467050015,4.87527005676776],[7.15397575367814,4.87547445827965],[7.15470011531812,4.87596626872835],[7.15548533318162,4.87666682171647],[7.15642929397677,4.8774440158287],[7.15735938632668,4.87823278331632],[7.15774107299217,4.8786819632021],[7.15792610400655,4.87902838475219],[7.15825070800383,4.87981977736086],[7.1584209307814,4.8808786409366],[7.15867785989536,4.88297260799953],[7.16157426863765,4.88217588600838],[7.1646528242685,4.88132906008809],[7.17384290722441,4.87939119284931]]]},"properties":{"FID":3564,"globalid":"0470510a-dae7-425d-a637-cf8e306b75cb","uniq_id":496371,"timestamp":1552694400000,"editor":"oluseye.abraham","wardname":"Oyward 3","wardcode":"RVSAFM03","lganame":"Oyigbo","lgacode":"33021","statename":"Rivers","statecode":"RI","amapcode":"NIE RVS AFM","status":"Operational Placeholder","source":"INEC","urban":"Yes","Shape__Area":0.00057898313898974152,"Shape__Length":0.11608500917301975}},{"type":"Feature","id":3565,"geometry":{"type":"Polygon","coordinates":[[[7.25055902487912,4.82266614812431],[7.25604401881645,4.82771954841849],[7.26028359741014,4.82974115333161],[7.26968634664763,4.83348975514815],[7.2758055640756,4.82898847563769],[7.27968685096744,4.826190524673],[7.28017608755647,4.8261565968495],[7.28067589297814,4.8260261663745],[7.2840146836308,4.82643496670039],[7.29739405689025,4.82604891562499],[7.33250248340295,4.82702840413759],[7.347352519803,4.83033850911494],[7.3508696693998,4.82895319883113],[7.36224681274024,4.82528921692386],[7.36683089912674,4.8233741807739],[7.36618175498404,4.80784465170933],[7.35727617975192,4.78214123712843],[7.34792733407926,4.77787725183373],[7.34193327170317,4.77509581961641],[7.33439186369361,4.7688302177404],[7.32789816406904,4.76332613479332],[7.32722361138059,4.76259800859128],[7.32382812656681,4.76273468126055],[7.30785508514413,4.76308584133858],[7.30745097478268,4.76319739864107],[7.29897536002488,4.7746092827922],[7.29248390780617,4.78009884618484],[7.28978257730415,4.7897502228945],[7.26013065510568,4.79074552238802],[7.25634222681236,4.79317251739781],[7.2560629819211,4.79333864106547],[7.25437966329088,4.7949358172342],[7.25416297434185,4.79698539196232],[7.25324516043588,4.80902849406982],[7.25055902487912,4.82266614812431]]]},"properties":{"FID":3565,"globalid":"c9be4850-1b92-449c-9986-0b7e236ee41d","uniq_id":496372,"timestamp":1552694400000,"editor":"oluseye.abraham","wardname":"Oyward 2","wardcode":"RVSAFM02","lganame":"Oyigbo","lgacode":"33021","statename":"Rivers","statecode":"RI","amapcode":"NIE RVS AFM","status":"Operational Placeholder","source":"INEC","urban":"No","Shape__Area":0.0054933867596602681,"Shape__Length":0.3197749523354404}},{"type":"Feature","id":3566,"geometry":{"type":"Polygon","coordinates":[[[7.23747179818497,4.65620031898959],[7.22463731875729,4.66667773019316],[7.22398607559694,4.66678151195725],[7.22381566935769,4.66693836721191],[7.22351595409805,4.66691504689197],[7.22341160126444,4.66697882141551],[7.22312410959006,4.66705153520024],[7.22260242636094,4.66742955083316],[7.22236044128141,4.66779654167709],[7.22216948643268,4.66844851598626],[7.22310513119692,4.66894424118385],[7.22277291174055,4.66971043838606],[7.22222144836121,4.67074769395094],[7.2228258881043,4.67094528129974],[7.22375595527319,4.67216027977315],[7.22548565733729,4.67098652870538],[7.22627281234048,4.67176030179655],[7.2343894995758,4.67576852439794],[7.24427875326188,4.66848399334168],[7.24438785991185,4.6667661668252],[7.24574068938136,4.65860217614954],[7.24528739959385,4.65240647318024],[7.23747179818497,4.65620031898959]]]},"properties":{"FID":3566,"globalid":"8adb7189-4d6f-4d17-bfbb-88213f555f1d","uniq_id":496414,"timestamp":1552694400000,"editor":"oluseye.abraham","wardname":"Bolo 1","wardcode":"RVSGGU07","lganame":"Ogu Bolo","lgacode":"33017","statename":"Rivers","statecode":"RI","amapcode":"NIE RVS GGU","status":"Operational Placeholder","source":"INEC","urban":"No","Shape__Area":0.00029232456792627204,"Shape__Length":0.074602264842762611}},{"type":"Feature","id":3567,"geometry":{"type":"Polygon","coordinates":[[[6.83641252172055,4.74882385183935],[6.83119803486147,4.75204182487039],[6.82751397019359,4.75674636914965],[6.8293140927712,4.76132262603841],[6.82819427404655,4.7648959068207],[6.82558625000547,4.76681637577519],[6.82077183914913,4.76592859203095],[6.81739784183696,4.76299416175124],[6.81685756422524,4.75799897187511],[6.81641095370259,4.75630559073045],[6.81396478604609,4.75481322065366],[6.81027004192896,4.75557785213624],[6.80502015865346,4.75890719541081],[6.80096398330124,4.76007690312662],[6.79710930465075,4.76076982536722],[6.79429124034851,4.76083163487209],[6.79036217967092,4.75780127930562],[6.78873063141356,4.75788854232241],[6.78734589939381,4.75943481506471],[6.78679562761619,4.76387715840417],[6.78795244534911,4.76652932027196],[6.78918215942917,4.7682326677035],[6.78944451864965,4.77028062005462],[6.78893620204411,4.77196262387605],[6.78922016567816,4.77521752396962],[6.78613231915125,4.78042734694458],[6.78608840795368,4.78050219302185],[6.78568821503916,4.78129819465602],[6.78454778655117,4.78276733974099],[6.78407429978915,4.78523324301977],[6.78135775185882,4.79752424594722],[6.78490544333158,4.82070482117064],[6.78901834881782,4.82097011308031],[6.79568782813084,4.82149401044029],[6.79940059286309,4.82228923056357],[6.80680882386815,4.80947739516569],[6.81383652113857,4.80510745804281],[6.82649685134868,4.80264210784702],[6.8362123452236,4.81061204191224],[6.84607729832868,4.82004967585192],[6.84990797227516,4.82462683116336],[6.86246709368146,4.82488208304176],[6.86983550990089,4.81373460586741],[6.87777670343218,4.80173592487307],[6.87590588514854,4.777633610203],[6.8767165277456,4.7757847974305],[6.85732519020542,4.76129834524249],[6.85078001698423,4.75661219209906],[6.83641252172055,4.74882385183935]]]},"properties":{"FID":3567,"globalid":"15941717-c34e-450b-a0f7-c15ba226b352","uniq_id":496373,"timestamp":1552694400000,"editor":"oluseye.abraham","wardname":"Astward 11","wardcode":"RVSBGM11","lganame":"Asari-Toru","lgacode":"33006","statename":"Rivers","statecode":"RI","amapcode":"NIE RVS BGM","status":"Operational Placeholder","source":"INEC","urban":"No","Shape__Area":0.005018707088073171,"Shape__Length":0.33450510050059795}},{"type":"Feature","id":3568,"geometry":{"type":"Polygon","coordinates":[[[6.86245234300128,4.73644080689775],[6.86212924986506,4.73705444940339],[6.8620371332072,4.73734577488767],[6.86195666187052,4.73752730663995],[6.86178352169225,4.73778313498372],[6.86157523780702,4.73794832155784],[6.86105325510368,4.73830581106438],[6.86112183380561,4.73846561159877],[6.86125252598333,4.73852315292123],[6.86139894370632,4.73867540724427],[6.86158099976336,4.73938608929666],[6.86215287865247,4.73945939303661],[6.86277326607342,4.74059217998519],[6.86314223002995,4.74045747143521],[6.86360470369419,4.74030351289684],[6.86424994567852,4.74058189893555],[6.8645916763648,4.74013890818412],[6.86805556541208,4.73819837175751],[6.86749726988313,4.73785145468094],[6.8655956902889,4.7368711486846],[6.86461946901335,4.73804024576077],[6.86428960038478,4.73861280183939],[6.86361809999539,4.73885051963583],[6.86340129683242,4.73859792525411],[6.86308684168444,4.7386786825752],[6.86298678761023,4.7383356226909],[6.86309145700517,4.73819472140929],[6.86286875339033,4.73761072775295],[6.86245234300128,4.73644080689775]]]},"properties":{"FID":3568,"globalid":"62de993b-8895-4f80-aaf0-b7d6778176fc","uniq_id":496377,"timestamp":1598832000000,"editor":"najib.adam","wardname":"Astward 5","wardcode":"RVSBGM05","lganame":"Asari-Toru","lgacode":"33006","statename":"Rivers","statecode":"RI","amapcode":"NIE RVS BGM","status":"Operational Placeholder","source":"INEC","urban":"No","Shape__Area":1.262473825747179E-05,"Shape__Length":0.020397680648205359}},{"type":"Feature","id":3569,"geometry":{"type":"Polygon","coordinates":[[[6.85957487488059,4.7388399939706],[6.85871644680662,4.73908670678611],[6.85830570394512,4.73929892520528],[6.85795397909288,4.73939699627442],[6.85701592234699,4.73965993735629],[6.85571889760911,4.73997708057783],[6.85510985333713,4.74015766174676],[6.85453485110253,4.74044591784491],[6.85414971913428,4.74073424409016],[6.85477522010035,4.74111891290755],[6.85539253183993,4.74137965424768],[6.85579299724907,4.74146311672951],[6.85609863994034,4.74147349220794],[6.85652635570682,4.74144367158823],[6.85893867018353,4.74131758214077],[6.86172206741952,4.74091957457875],[6.86277326607342,4.74059217998519],[6.86215287865247,4.73945939303661],[6.86158099976336,4.73938608929666],[6.86139894370632,4.73867540724427],[6.86125252598333,4.73852315292123],[6.86112183380561,4.73846561159877],[6.86105325510368,4.73830581106438],[6.86043101507931,4.73860475830298],[6.859752946941,4.73881531207707],[6.85957487488059,4.7388399939706]]]},"properties":{"FID":3569,"globalid":"700ce702-45b8-4407-9fb0-a755c4c1da8a","uniq_id":496378,"timestamp":1598832000000,"editor":"najib.adam","wardname":"Astward 2","wardcode":"RVSBGM02","lganame":"Asari-Toru","lgacode":"33006","statename":"Rivers","statecode":"RI","amapcode":"NIE RVS BGM","status":"Operational Placeholder","source":"INEC","urban":"No","Shape__Area":1.4965611281780866E-05,"Shape__Length":0.019375821976172533}},{"type":"Feature","id":3570,"geometry":{"type":"Polygon","coordinates":[[[6.8645916763648,4.74013890818412],[6.86424994567852,4.74058189893555],[6.86408313313012,4.74136212286373],[6.86611430233324,4.74349301698919],[6.86652731238559,4.74428112617306],[6.86593269144061,4.7445413935705],[6.88636186460843,4.76634523084778],[6.9026803877897,4.75330701540651],[6.9046577145819,4.75177244194469],[6.90737270938308,4.745027693873],[6.87691463670114,4.73460657123633],[6.87080296368589,4.73451397344115],[6.86965161832757,4.73508142406854],[6.86891807640814,4.73749384826255],[6.86805556541208,4.73819837175751],[6.8645916763648,4.74013890818412]]]},"properties":{"FID":3570,"globalid":"7affac49-effe-4acd-b2f3-4c826356b22c","uniq_id":496379,"timestamp":1552694400000,"editor":"oluseye.abraham","wardname":"Astward 1","wardcode":"RVSBGM01","lganame":"Asari-Toru","lgacode":"33006","statename":"Rivers","statecode":"RI","amapcode":"NIE RVS BGM","status":"Operational Placeholder","source":"INEC","urban":"No","Shape__Area":0.00074252224353799079,"Shape__Length":0.113573354786548}},{"type":"Feature","id":3571,"geometry":{"type":"Polygon","coordinates":[[[6.91278015028377,4.68226131930447],[6.90670161099058,4.68128864315639],[6.8843004637954,4.70016842383376],[6.86909704779055,4.70431762595774],[6.86575309682803,4.70861786382341],[6.86616224788946,4.72634427027191],[6.86539185804787,4.72960446377505],[6.86579611769673,4.73117093618981],[6.86617142906823,4.73140098996379],[6.86626853786277,4.73165085310444],[6.86639856724014,4.73195735284958],[6.86655895683043,4.73320789342961],[6.86672378277638,4.73383372264823],[6.86671517536507,4.73428592875268],[6.86641332961153,4.73504352304019],[6.86632259970827,4.73607791606304],[6.86600124136424,4.73631099605569],[6.8655956902889,4.7368711486846],[6.86749726988313,4.73785145468094],[6.86805556541208,4.73819837175751],[6.86891807640814,4.73749384826255],[6.86965161832757,4.73508142406854],[6.87080296368589,4.73451397344115],[6.87691463670114,4.73460657123633],[6.90737270938308,4.745027693873],[6.91021484493922,4.73834639836764],[6.91514278081473,4.72745487094556],[6.91617024276252,4.71204609385222],[6.91781482219636,4.68874079075493],[6.91717915889114,4.68414073690553],[6.91278015028377,4.68226131930447]]]},"properties":{"FID":3571,"globalid":"890797a2-72d2-4ea1-8dbc-2ec8c03bc5f6","uniq_id":496380,"timestamp":1598832000000,"editor":"najib.adam","wardname":"Astward 8","wardcode":"RVSBGM08","lganame":"Asari-Toru","lgacode":"33006","statename":"Rivers","statecode":"RI","amapcode":"NIE RVS BGM","status":"Operational Placeholder","source":"INEC","urban":"No","Shape__Area":0.0022495097284966903,"Shape__Length":0.19916970000228068}},{"type":"Feature","id":3572,"geometry":{"type":"Polygon","coordinates":[[[6.85129780614886,4.73770410615964],[6.84469853241137,4.73924957131072],[6.84031288503166,4.7430103193708],[6.83641252172055,4.74882385183935],[6.85078001698423,4.75661219209906],[6.85732519020542,4.76129834524249],[6.8767165277456,4.7757847974305],[6.88110091517513,4.77107011239582],[6.88636186460843,4.76634523084778],[6.86593269144061,4.7445413935705],[6.86652731238559,4.74428112617306],[6.86611430233324,4.74349301698919],[6.86408313313012,4.74136212286373],[6.86424994567852,4.74058189893555],[6.86360470369419,4.74030351289684],[6.86314223002995,4.74045747143521],[6.86277326607342,4.74059217998519],[6.86172206741952,4.74091957457875],[6.85893867018353,4.74131758214077],[6.85652635570682,4.74144367158823],[6.85609863994034,4.74147349220794],[6.85579299724907,4.74146311672951],[6.85539253183993,4.74137965424768],[6.85477522010035,4.74111891290755],[6.85414971913428,4.74073424409016],[6.85378439923068,4.74098664871491],[6.85326096771951,4.74062742441618],[6.85271891844337,4.73997268289304],[6.85129780614886,4.73770410615964]]]},"properties":{"FID":3572,"globalid":"8a42231b-64f5-4936-afcd-bc2b59bbb6f1","uniq_id":496381,"timestamp":1552694400000,"editor":"oluseye.abraham","wardname":"Astward 4","wardcode":"RVSBGM04","lganame":"Asari-Toru","lgacode":"33006","statename":"Rivers","statecode":"RI","amapcode":"NIE RVS BGM","status":"Operational Placeholder","source":"INEC","urban":"No","Shape__Area":0.000810476646815772,"Shape__Length":0.13188757502531945}},{"type":"Feature","id":3573,"geometry":{"type":"Polygon","coordinates":[[[6.84990797227516,4.82462683116336],[6.84607729832868,4.82004967585192],[6.8362123452236,4.81061204191224],[6.82649685134868,4.80264210784702],[6.81383652113857,4.80510745804281],[6.80680882386815,4.80947739516569],[6.79940059286309,4.82228923056357],[6.81321084210674,4.84275567793225],[6.84990797227516,4.82462683116336]]]},"properties":{"FID":3573,"globalid":"a57970d2-41da-42d1-be30-155f47a836dc","uniq_id":496382,"timestamp":1552694400000,"editor":"oluseye.abraham","wardname":"Astward 12","wardcode":"RVSBGM12","lganame":"Asari-Toru","lgacode":"33006","statename":"Rivers","statecode":"RI","amapcode":"NIE RVS BGM","status":"Operational Placeholder","source":"INEC","urban":"No","Shape__Area":0.0011663492288640498,"Shape__Length":0.13378129075575515}},{"type":"Feature","id":3574,"geometry":{"type":"Polygon","coordinates":[[[6.77541854093295,4.75036114215305],[6.77896274573419,4.75855151264227],[6.7793210428319,4.75976825310244],[6.78052152175087,4.76332115884446],[6.78231562066941,4.76809041564024],[6.78289989941089,4.76977958615902],[6.78424797956063,4.77252231875008],[6.78922016567816,4.77521752396962],[6.78893620204411,4.77196262387605],[6.78944451864965,4.77028062005462],[6.78918215942917,4.7682326677035],[6.78795244534911,4.76652932027196],[6.78679562761619,4.76387715840417],[6.78734589939381,4.75943481506471],[6.78873063141356,4.75788854232241],[6.79036217967092,4.75780127930562],[6.79429124034851,4.76083163487209],[6.79710930465075,4.76076982536722],[6.80096398330124,4.76007690312662],[6.80502015865346,4.75890719541081],[6.81027004192896,4.75557785213624],[6.81396478604609,4.75481322065366],[6.81641095370259,4.75630559073045],[6.81685756422524,4.75799897187511],[6.81739784183696,4.76299416175124],[6.82077183914913,4.76592859203095],[6.82558625000547,4.76681637577519],[6.82819427404655,4.7648959068207],[6.8293140927712,4.76132262603841],[6.82751397019359,4.75674636914965],[6.83119803486147,4.75204182487039],[6.83641252172055,4.74882385183935],[6.84031288503166,4.7430103193708],[6.84469853241137,4.73924957131072],[6.85129780614886,4.73770410615964],[6.85468300901368,4.73640175203928],[6.85721354656795,4.73543889109197],[6.85854717820973,4.73458052686988],[6.86279539209374,4.73113539857985],[6.86539185804787,4.72960446377505],[6.86616224788946,4.72634427027191],[6.86575309682803,4.70861786382341],[6.86909704779055,4.70431762595774],[6.8843004637954,4.70016842383376],[6.90670161099058,4.68128864315639],[6.91271511041407,4.65655571397508],[6.90534638932445,4.65425058969299],[6.89848603969904,4.65214168938752],[6.88948520917512,4.65721474526435],[6.87714141424493,4.65213560457454],[6.8482702483733,4.66077976937089],[6.83420049975331,4.65970528007466],[6.83183616770503,4.66410122559114],[6.82413549875429,4.67152945571985],[6.82489287900319,4.67798988402598],[6.8240293059078,4.6806653122544],[6.8211120436859,4.68305717075185],[6.82016525272428,4.68798227915892],[6.81193592360404,4.69413159239912],[6.80559303039411,4.69770843629533],[6.79928089219948,4.6991875818415],[6.79675041579912,4.70442761034599],[6.79809956074615,4.70659736777435],[6.80020193287294,4.70975378940591],[6.79801608927113,4.71260601715403],[6.79769759976449,4.71729938016233],[6.79898900823616,4.72373327217281],[6.79540549766563,4.72558146621174],[6.79291478478956,4.72783429131954],[6.79365652402942,4.73122968710044],[6.7909124739316,4.73330577833906],[6.78942653490668,4.73924720699307],[6.78604233478598,4.7418051603799],[6.78245988631477,4.74210049863916],[6.77726063127318,4.74589969091807],[6.77576909037128,4.7469895882989],[6.77543825856884,4.75025280172548],[6.77541854093295,4.75036114215305]]]},"properties":{"FID":3574,"globalid":"c371a68b-e668-43a2-a125-d0d343c0d1ad","uniq_id":496383,"timestamp":1552694400000,"editor":"oluseye.abraham","wardname":"Astward 13","wardcode":"RVSBGM13","lganame":"Asari-Toru","lgacode":"33006","statename":"Rivers","statecode":"RI","amapcode":"NIE RVS BGM","status":"Operational Placeholder","source":"INEC","urban":"No","Shape__Area":0.007527478237744134,"Shape__Length":0.4593550509865777}},{"type":"Feature","id":3575,"geometry":{"type":"Polygon","coordinates":[[[7.2596282308582,4.46243173443702],[7.26992407523591,4.45784298056913],[7.26879282522873,4.44919846503717],[7.26870473483569,4.44374813996473],[7.26025654310502,4.44062665969261],[7.2415650256055,4.44369831212742],[7.237104810039,4.45043690613835],[7.23601337661609,4.45453386034944],[7.23589401139958,4.45759082055997],[7.23541193970931,4.45884443322404],[7.23634713391317,4.46384312236228],[7.24022585234127,4.46581913164766],[7.24587867865813,4.46535017297214],[7.25263570787166,4.46327182173724],[7.2596282308582,4.46243173443702]]]},"properties":{"FID":3575,"globalid":"cbd000f2-c883-4ce7-a583-accd2bc0387f","uniq_id":496391,"timestamp":1552694400000,"editor":"oluseye.abraham","wardname":"Boward 12","wardcode":"RVSBNY12","lganame":"Bonny","lgacode":"33007","statename":"Rivers","statecode":"RI","amapcode":"NIE RVS BNY","status":"Operational Placeholder","source":"INEC","urban":"No","Shape__Area":0.00066167714330589433,"Shape__Length":0.099336217463362589}},{"type":"Feature","id":3576,"geometry":{"type":"Polygon","coordinates":[[[7.54123543336863,4.73246887014227],[7.54225845896076,4.73011921143251],[7.53732775497195,4.71614940267284],[7.53547795474384,4.71400316341533],[7.52540590216068,4.71445408438854],[7.52244138865922,4.71463506755435],[7.5101988483982,4.71584896795554],[7.50547396325283,4.71386040593302],[7.50083499933578,4.71135602785847],[7.49897150962749,4.70897317067534],[7.49410714592807,4.70040304436503],[7.49092780417487,4.69616314561273],[7.48862264571858,4.69370057432212],[7.48666204721576,4.69615637371771],[7.48338215316386,4.69748749625097],[7.47811618191633,4.70083921915472],[7.47385952789494,4.70116189140822],[7.46394091763926,4.70297395518395],[7.4576722904439,4.70293415658608],[7.45341322623943,4.70434997726966],[7.44320080837065,4.70949347704237],[7.44592996119877,4.73127590685766],[7.45857292010425,4.73013503500391],[7.46652861880079,4.73326150741269],[7.47545604036401,4.73644463441241],[7.48027371755808,4.74033425622099],[7.48684530836437,4.74612791906827],[7.4905620364089,4.75143009342412],[7.49212546102126,4.75609778078802],[7.49726365029727,4.78078797328641],[7.50957938008435,4.78516616618566],[7.52519559929749,4.77327958838237],[7.53163873543934,4.76837527499902],[7.53398836177354,4.75632794787651],[7.53394182725356,4.75336133176012],[7.54123543336863,4.73246887014227]]]},"properties":{"FID":3576,"globalid":"1b1067c9-4926-4a45-934e-bdc68da992dc","uniq_id":496394,"timestamp":1552694400000,"editor":"oluseye.abraham","wardname":"Wiiyaakara","wardcode":"RVSBRR19","lganame":"Khana","lgacode":"33014","statename":"Rivers","statecode":"RI","amapcode":"NIE RVS BRR","status":"Operational Placeholder","source":"INEC","urban":"No","Shape__Area":0.0045246678898642756,"Shape__Length":0.309389229879576}},{"type":"Feature","id":3577,"geometry":{"type":"Polygon","coordinates":[[[7.42269775589676,4.6753993850736],[7.42423100195924,4.67769216166397],[7.42487417100625,4.68155401600507],[7.42286350544646,4.69161740721762],[7.42249368533538,4.69845922181571],[7.42094772016122,4.71428219067059],[7.417361261613,4.72256172714202],[7.44320080837065,4.70949347704237],[7.45341322623943,4.70434997726966],[7.4576722904439,4.70293415658608],[7.46394091763926,4.70297395518395],[7.46177966959613,4.70105837134679],[7.46000215777343,4.69472767114513],[7.45807245008353,4.6921828487595],[7.45575603841047,4.68768595883995],[7.45434309285952,4.67940880287398],[7.45558998219195,4.66929706860486],[7.4531842372628,4.66774504559743],[7.45152796394444,4.66714824829307],[7.4486277636604,4.66805131511614],[7.44646224833411,4.66728276708608],[7.44563978504812,4.66511738036286],[7.44433250174359,4.66455553520984],[7.44095700706026,4.66530473432607],[7.44006208000104,4.66397929730675],[7.43854005208181,4.66140137267524],[7.4359844459255,4.66121126408859],[7.43584653758768,4.66338648579773],[7.43433512526587,4.6637401136154],[7.43363523687674,4.66511504482349],[7.43385130169628,4.66660796978204],[7.43292125431248,4.66742031659436],[7.43100432059299,4.66664460906151],[7.431030132035,4.66516913904456],[7.4317440912169,4.66414770075585],[7.4304449872464,4.66313431769464],[7.42934388970878,4.66247500401829],[7.42803913529792,4.66365338659455],[7.42681287371522,4.66451873944834],[7.42782671722927,4.66586202890954],[7.42757142578074,4.66678933965636],[7.42566382162812,4.66719503822048],[7.42498806474742,4.6697411969987],[7.42549281194374,4.67182489200519],[7.4254720286113,4.67492121284374],[7.42269775589676,4.6753993850736]]]},"properties":{"FID":3577,"globalid":"48e476b2-7d75-440e-9596-49f63db45396","uniq_id":496395,"timestamp":1552694400000,"editor":"oluseye.abraham","wardname":"Opuoko","wardcode":"RVSBRR12","lganame":"Khana","lgacode":"33014","statename":"Rivers","statecode":"RI","amapcode":"NIE RVS BRR","status":"Operational Placeholder","source":"INEC","urban":"No","Shape__Area":0.0015606509799859225,"Shape__Length":0.19475121333210549}},{"type":"Feature","id":3578,"geometry":{"type":"Polygon","coordinates":[[[7.38118659798317,4.76523103468458],[7.38273704717705,4.77692725928563],[7.39109358719935,4.77379122168759],[7.40610891359552,4.7812032892005],[7.4227130866397,4.77617889474027],[7.43387415257013,4.7723873341082],[7.43599318913442,4.7615329738677],[7.39791061288452,4.74417770143981],[7.38738908363933,4.75349447728837],[7.38118659798317,4.76523103468458]]]},"properties":{"FID":3578,"globalid":"4c1dfcd0-ef46-4ac0-8a7a-528f98a8d7bb","uniq_id":496396,"timestamp":1552694400000,"editor":"oluseye.abraham","wardname":"Okwali","wardcode":"RVSBRR02","lganame":"Khana","lgacode":"33014","statename":"Rivers","statecode":"RI","amapcode":"NIE RVS BRR","status":"Operational Placeholder","source":"INEC","urban":"No","Shape__Area":0.0012862695496025367,"Shape__Length":0.14684287524922934}},{"type":"Feature","id":3579,"geometry":{"type":"Polygon","coordinates":[[[7.43107085423657,4.58376478721522],[7.42216882503129,4.6033106399741],[7.42083940311602,4.60849838908945],[7.41929300716657,4.61493877960106],[7.41884043683672,4.62285378127706],[7.4201238809124,4.62708520661704],[7.42645576821917,4.63534844377568],[7.42645569807206,4.64051779186264],[7.42628110728731,4.64306151167949],[7.42488759608574,4.64468435000282],[7.41776378736893,4.64888986587465],[7.41652660711725,4.64992251241404],[7.41240375512922,4.64669753366428],[7.41185965360017,4.64724031318997],[7.41159890416617,4.64745565855185],[7.41108701005754,4.6478801952149],[7.41040683930424,4.64766594342859],[7.40996220279345,4.64779614637513],[7.40921468990604,4.64832842002062],[7.40895327767169,4.64964238618722],[7.40859812910043,4.65028874782752],[7.40788813413013,4.65097046991133],[7.40721509140337,4.6515290388341],[7.40609404420485,4.65192516321576],[7.40580382668531,4.65208520117113],[7.40453182828128,4.65313672717826],[7.4033657646184,4.65422948530255],[7.40245674967929,4.6549938388946],[7.40200784318745,4.65525112414014],[7.40184341474185,4.65511978265192],[7.40159146337538,4.65532237562718],[7.40119512315647,4.65548396041646],[7.40072015970765,4.6554668598078],[7.40029309325172,4.65550614219478],[7.39976915362359,4.65568736278163],[7.39952499038606,4.65605659023947],[7.39952705882678,4.65796487787685],[7.40001552559607,4.65928155909671],[7.39995405783355,4.65996932462468],[7.39817159524296,4.66695736808811],[7.39473449520085,4.67143410420061],[7.39488047495399,4.67947998691193],[7.41303921698631,4.67509360928267],[7.42269775589676,4.6753993850736],[7.4254720286113,4.67492121284374],[7.42549281194374,4.67182489200519],[7.42498806474742,4.6697411969987],[7.42566382162812,4.66719503822048],[7.42757142578074,4.66678933965636],[7.42782671722927,4.66586202890954],[7.42681287371522,4.66451873944834],[7.42803913529792,4.66365338659455],[7.42934388970878,4.66247500401829],[7.4304449872464,4.66313431769464],[7.4317440912169,4.66414770075585],[7.431030132035,4.66516913904456],[7.43100432059299,4.66664460906151],[7.43292125431248,4.66742031659436],[7.43385130169628,4.66660796978204],[7.43363523687674,4.66511504482349],[7.43433512526587,4.6637401136154],[7.43584653758768,4.66338648579773],[7.4359844459255,4.66121126408859],[7.43854005208181,4.66140137267524],[7.44006208000104,4.66397929730675],[7.44095700706026,4.66530473432607],[7.44433250174359,4.66455553520984],[7.44563978504812,4.66511738036286],[7.44646224833411,4.66728276708608],[7.4486277636604,4.66805131511614],[7.45152796394444,4.66714824829307],[7.4531842372628,4.66774504559743],[7.45558998219195,4.66929706860486],[7.45720645871114,4.67078307687757],[7.46149985273604,4.67108208257213],[7.46548236282081,4.6690476749103],[7.46606397057582,4.6678587909505],[7.46606993038301,4.66476928157715],[7.46644249972161,4.65909035243789],[7.4651992049794,4.65457923884082],[7.46693348818997,4.65160642639552],[7.45394284508626,4.64216894174331],[7.45109753941995,4.63095276805586],[7.45142425862269,4.62735129172876],[7.45253994676119,4.62419455803246],[7.45706737675806,4.6127887290167],[7.45831451520274,4.60960476564748],[7.45846596193462,4.60745140735662],[7.45687145495373,4.60206053196805],[7.45302524162167,4.59023918019403],[7.43107085423657,4.58376478721522]]]},"properties":{"FID":3579,"globalid":"60e8b030-bfac-4e9c-b54b-2e12fb299bf1","uniq_id":496397,"timestamp":1552694400000,"editor":"oluseye.abraham","wardname":"Bangha","wardcode":"RVSBRR18","lganame":"Khana","lgacode":"33014","statename":"Rivers","statecode":"RI","amapcode":"NIE RVS BRR","status":"Operational Placeholder","source":"INEC","urban":"No","Shape__Area":0.0034144017614217148,"Shape__Length":0.33275764852508838}},{"type":"Feature","id":3580,"geometry":{"type":"Polygon","coordinates":[[[7.35530318139678,4.69361617834403],[7.35206628573053,4.69364732816172],[7.35190935403352,4.69383442761676],[7.33190484343385,4.71008966640505],[7.34285918220553,4.72236013960878],[7.34305042303862,4.72260006883818],[7.34415004299012,4.72428125787383],[7.35250441924359,4.72438429140198],[7.38255723312983,4.72404512198483],[7.3849337563878,4.72413652008436],[7.38933842263015,4.71486270485002],[7.38629576074084,4.71100358085062],[7.37913257071159,4.69934854789722],[7.36900926216776,4.6856960649215],[7.36925659011956,4.68233754674043],[7.36095738367635,4.68811758036207],[7.3586403928399,4.69076067706362],[7.35530318139678,4.69361617834403]]]},"properties":{"FID":3580,"globalid":"6c135b34-567e-48cf-b292-55cb03725780","uniq_id":496398,"timestamp":1552694400000,"editor":"oluseye.abraham","wardname":"Kpean","wardcode":"RVSBRR14","lganame":"Khana","lgacode":"33014","statename":"Rivers","statecode":"RI","amapcode":"NIE RVS BRR","status":"Operational Placeholder","source":"INEC","urban":"No","Shape__Area":0.0014327561485849571,"Shape__Length":0.15605576239672736}},{"type":"Feature","id":3581,"geometry":{"type":"Polygon","coordinates":[[[7.35727617975192,4.78214123712843],[7.36618175498404,4.80784465170933],[7.36683089912674,4.8233741807739],[7.37034504678655,4.82526070931431],[7.3787795733187,4.82613648261264],[7.38037213416669,4.82734325498728],[7.40492537790391,4.82447534576067],[7.40330683384337,4.81114968720834],[7.40439579502998,4.80232643141971],[7.40371786898453,4.79234319138521],[7.40610891359552,4.7812032892005],[7.39109358719935,4.77379122168759],[7.38273704717705,4.77692725928563],[7.37107442844217,4.77641487324786],[7.35727617975192,4.78214123712843]]]},"properties":{"FID":3581,"globalid":"965fafda-ad2f-4e16-a4fd-132f9ac2c166","uniq_id":496399,"timestamp":1552694400000,"editor":"oluseye.abraham","wardname":"Betem","wardcode":"RVSBRR03","lganame":"Khana","lgacode":"33014","statename":"Rivers","statecode":"RI","amapcode":"NIE RVS BRR","status":"Operational Placeholder","source":"INEC","urban":"No","Shape__Area":0.0019969835937274638,"Shape__Length":0.17792979541452375}},{"type":"Feature","id":3582,"geometry":{"type":"Polygon","coordinates":[[[7.34975641122946,4.59034540271819],[7.36416600016082,4.59633400081356],[7.37016899999941,4.59669400032789],[7.37409999961534,4.59731600023326],[7.37525099963398,4.59706799958855],[7.37847599996746,4.59678299993556],[7.38169347027747,4.59698531142305],[7.38131309122622,4.59964290159866],[7.38116437483609,4.60172493016142],[7.38086694205577,4.60336080955375],[7.38071822566565,4.60529412172639],[7.38042079288533,4.6066325683384],[7.37997464461421,4.61243250485626],[7.37937977905364,4.61481196619934],[7.37937977905364,4.61615041281135],[7.38027207559588,4.62195034842989],[7.38042079288533,4.62373494421234],[7.38116437483609,4.626709271116],[7.3814618076164,4.62775028494775],[7.38265153783823,4.63057589456196],[7.38369255166998,4.63340150507543],[7.38458485001087,4.63414508612686],[7.38499912900664,4.63526830788612],[7.39248048658521,4.63778972001961],[7.40021667965607,4.63646097169652],[7.4057280012463,4.63736719064337],[7.4106317075873,4.63983157766523],[7.41240375512922,4.64669753366428],[7.41652660711725,4.64992251241404],[7.41776378736893,4.64888986587465],[7.42488759608574,4.64468435000282],[7.42628110728731,4.64306151167949],[7.42645569807206,4.64051779186264],[7.42645576821917,4.63534844377568],[7.4201238809124,4.62708520661704],[7.41884043683672,4.62285378127706],[7.41929300716657,4.61493877960106],[7.42083940311602,4.60849838908945],[7.42216882503129,4.6033106399741],[7.43107085423657,4.58376478721522],[7.43033058358964,4.58298936206944],[7.42872067122204,4.58155512237107],[7.42618985487798,4.57926706632207],[7.42070099115784,4.57387901930133],[7.41570188923083,4.56919029409687],[7.40295640311558,4.57558369862886],[7.39217999610997,4.58249635192516],[7.38760910457654,4.58266209697825],[7.3831800532169,4.581224073832],[7.37764972985121,4.57665018216022],[7.37392126115731,4.57442229075616],[7.36919422213572,4.57126689075443],[7.36302068295822,4.57146434500356],[7.35815991294965,4.57664840509989],[7.35028893128919,4.58301283977079],[7.34975641122946,4.59034540271819]]]},"properties":{"FID":3582,"globalid":"af291812-d5e8-4ef6-bb1f-1c917bbdf71d","uniq_id":496400,"timestamp":1552694400000,"editor":"oluseye.abraham","wardname":"Bane","wardcode":"RVSBRR10","lganame":"Khana","lgacode":"33014","statename":"Rivers","statecode":"RI","amapcode":"NIE RVS BRR","status":"Operational Placeholder","source":"INEC","urban":"No","Shape__Area":0.0033356560314103945,"Shape__Length":0.2933735318456604}},{"type":"Feature","id":3583,"geometry":{"type":"Polygon","coordinates":[[[7.3369663241366,4.59742213282522],[7.30500003982002,4.59352919071961],[7.30394993923835,4.59797498205984],[7.31188200015424,4.61225200012973],[7.31575499979346,4.61259099957499],[7.32105799972697,4.61250199996738],[7.32426500012969,4.61106700034185],[7.32698399961197,4.60802400030741],[7.33109100014957,4.60518899997243],[7.33392271436185,4.60347520421737],[7.33497768477235,4.60530202316988],[7.33562013885836,4.6066583159286],[7.33711919989122,4.60908536669638],[7.33790442135199,4.61051304314248],[7.33954624975968,4.61294009301093],[7.34118807816731,4.61586682959057],[7.36416600016082,4.59633400081356],[7.34975641122946,4.59034540271819],[7.349327363567,4.5906515886],[7.34439439688396,4.59375945763293],[7.3369663241366,4.59742213282522]]]},"properties":{"FID":3583,"globalid":"b0b7461e-102a-4ab5-8b0e-d8b94578f778","uniq_id":496401,"timestamp":1552694400000,"editor":"oluseye.abraham","wardname":"Kono","wardcode":"RVSBRR07","lganame":"Khana","lgacode":"33014","statename":"Rivers","statecode":"RI","amapcode":"NIE RVS BRR","status":"Operational Placeholder","source":"INEC","urban":"No","Shape__Area":0.00078973056951525678,"Shape__Length":0.15296972381724888}},{"type":"Feature","id":3584,"geometry":{"type":"Polygon","coordinates":[[[7.4334629996178,4.78733000067905],[7.4227130866397,4.77617889474027],[7.40610891359552,4.7812032892005],[7.40371786898453,4.79234319138521],[7.40439579502998,4.80232643141971],[7.40330683384337,4.81114968720834],[7.40492537790391,4.82447534576067],[7.40679763240485,4.82544062678357],[7.40754513270178,4.82530872861497],[7.43078319888559,4.82738587835564],[7.440315186097,4.82371270177981],[7.44499881394415,4.82218671234693],[7.45635620997115,4.81547261496928],[7.46297803061168,4.79883486573652],[7.46819052637176,4.79711552116441],[7.46447699991364,4.79371600019329],[7.44845999962934,4.7875350002401],[7.44476531756538,4.78748449701197],[7.4334629996178,4.78733000067905]]]},"properties":{"FID":3584,"globalid":"c2c448f0-ad42-4750-bb33-f0731ed01d66","uniq_id":496402,"timestamp":1552694400000,"editor":"oluseye.abraham","wardname":"Zaakpon","wardcode":"RVSBRR04","lganame":"Khana","lgacode":"33014","statename":"Rivers","statecode":"RI","amapcode":"NIE RVS BRR","status":"Operational Placeholder","source":"INEC","urban":"No","Shape__Area":0.0022365680637861374,"Shape__Length":0.19167829944523551}},{"type":"Feature","id":3585,"geometry":{"type":"Polygon","coordinates":[[[6.87059434795083,4.59687501497001],[6.87632714468202,4.59742012014249],[6.87904430684932,4.60569541271315],[6.88199482959777,4.60669112589477],[6.8844495561022,4.60479736590577],[6.88552741156082,4.60075004258044],[6.89129978925394,4.59624658760998],[6.89604390280391,4.5985482638913],[6.9016240450137,4.6071690382206],[6.90692183157734,4.60710629701805],[6.91021230795172,4.59934244259972],[6.92329452092542,4.59325101422297],[6.92350797411376,4.58383476166495],[6.91735883893932,4.57390341700915],[6.9218430978807,4.56811462578941],[6.93974607811907,4.55959036130616],[6.93938605612163,4.55371997189923],[6.93828749826946,4.54374480058215],[6.93554073131975,4.52736386894742],[6.9083346539212,4.50660483344637],[6.90724751476102,4.51329047807315],[6.87378446178354,4.58725583668758],[6.87059434795083,4.59687501497001]]]},"properties":{"FID":3585,"globalid":"95244ce0-26c7-4ad8-8e13-01d05a520876","uniq_id":496415,"timestamp":1552694400000,"editor":"oluseye.abraham","wardname":"Deward 5","wardcode":"RVSDEG05","lganame":"Degema","lgacode":"33008","statename":"Rivers","statecode":"RI","amapcode":"NIE RVS DEG","status":"Operational Placeholder","source":"INEC","urban":"No","Shape__Area":0.0036631935564113149,"Shape__Length":0.28898559995010659}},{"type":"Feature","id":3586,"geometry":{"type":"Polygon","coordinates":[[[7.36310020461082,4.65778693172155],[7.36318104916614,4.65858180470656],[7.36297701457761,4.65855265767908],[7.36089498601484,4.65810650940796],[7.35940782301265,4.65810650940796],[7.35733976092126,4.65782304219971],[7.35518935240674,4.66719265771502],[7.35564690318211,4.66941901397638],[7.35639087184131,4.67541536602636],[7.35557425414856,4.67969313882736],[7.35683463780833,4.68198003115356],[7.3580507397499,4.6830907028737],[7.36095738367635,4.68811758036207],[7.36925659011956,4.68233754674043],[7.3749322502232,4.6800010613],[7.37922207124166,4.67934748439893],[7.38249492270256,4.67989762397622],[7.38958902321491,4.67903363359534],[7.39148277061344,4.67953605604418],[7.39262075204613,4.67997184232672],[7.39488047495399,4.67947998691193],[7.39473449520085,4.67143410420061],[7.39817159524296,4.66695736808811],[7.39995405783355,4.65996932462468],[7.40001552559607,4.65928155909671],[7.39952705882678,4.65796487787685],[7.39952499038606,4.65605659023947],[7.39976915362359,4.65568736278163],[7.40029309325172,4.65550614219478],[7.40072015970765,4.6554668598078],[7.40119512315647,4.65548396041646],[7.40159146337538,4.65532237562718],[7.40184341474185,4.65511978265192],[7.40200784318745,4.65525112414014],[7.40245674967929,4.6549938388946],[7.4033657646184,4.65422948530255],[7.40453182828128,4.65313672717826],[7.40580382668531,4.65208520117113],[7.40609404420485,4.65192516321576],[7.40721509140337,4.6515290388341],[7.40788813413013,4.65097046991133],[7.40859812910043,4.65028874782752],[7.40895327767169,4.64964238618722],[7.40921468990604,4.64832842002062],[7.40996220279345,4.64779614637513],[7.41040683930424,4.64766594342859],[7.41108701005754,4.6478801952149],[7.41159890416617,4.64745565855185],[7.41185965360017,4.64724031318997],[7.41240375512922,4.64669753366428],[7.4106317075873,4.63983157766523],[7.4057280012463,4.63736719064337],[7.40021667965607,4.63646097169652],[7.39248048658521,4.63778972001961],[7.38499912900664,4.63526830788612],[7.38369255166998,4.63503738356843],[7.3810156584459,4.63533481724807],[7.37774389966131,4.6360783982995],[7.37476957365692,4.63652454657063],[7.37447214087666,4.63652454657063],[7.37298497787447,4.63697069664039],[7.37060551743076,4.63711941303052],[7.3686722043588,4.63711941303052],[7.36733375774679,4.63741684491151],[7.36579289442659,4.63811835927493],[7.36603084065081,4.63877271139154],[7.36614981376295,4.63960552317639],[7.36632827343112,4.64121165929072],[7.36632827343112,4.64198498362015],[7.36614981376295,4.64418598529505],[7.36597135409477,4.64507828273662],[7.36567392131445,4.64793363742746],[7.36256489215612,4.65064757462591],[7.36273920774829,4.65138823737732],[7.36273920774829,4.65219933593067],[7.36280515593324,4.65382243865469],[7.36297947242474,4.65492567657878],[7.36302365162027,4.65692164092104],[7.36310020461082,4.65778693172155]]]},"properties":{"FID":3586,"globalid":"d6e32519-4893-4c4c-82c6-a837d19f3a33","uniq_id":496403,"timestamp":1552694400000,"editor":"oluseye.abraham","wardname":"Gwara","wardcode":"RVSBRR09","lganame":"Khana","lgacode":"33014","statename":"Rivers","statecode":"RI","amapcode":"NIE RVS BRR","status":"Operational Placeholder","source":"INEC","urban":"No","Shape__Area":0.001879922829825631,"Shape__Length":0.19239338800178607}},{"type":"Feature","id":3587,"geometry":{"type":"Polygon","coordinates":[[[7.3849337563878,4.72413652008436],[7.38557592898599,4.72646237463891],[7.38818921765829,4.72995510584349],[7.39864497408632,4.7412561368613],[7.39791061288452,4.74417770143981],[7.43599318913442,4.7615329738677],[7.44170202073173,4.75415544301933],[7.44338331408875,4.74038152009115],[7.44592996119877,4.73127590685766],[7.44320080837065,4.70949347704237],[7.417361261613,4.72256172714202],[7.40306438561294,4.71425922108625],[7.38933842263015,4.71486270485002],[7.3849337563878,4.72413652008436]]]},"properties":{"FID":3587,"globalid":"f3d5203c-6dde-4562-8745-e0b6f6914705","uniq_id":496404,"timestamp":1552694400000,"editor":"oluseye.abraham","wardname":"Lueku","wardcode":"RVSBRR16","lganame":"Khana","lgacode":"33014","statename":"Rivers","statecode":"RI","amapcode":"NIE RVS BRR","status":"Operational Placeholder","source":"INEC","urban":"No","Shape__Area":0.0019259400920326186,"Shape__Length":0.19114141415692817}},{"type":"Feature","id":3588,"geometry":{"type":"Polygon","coordinates":[[[6.96819601233614,4.74051139658371],[6.96771109609028,4.74043410974639],[6.96725057395486,4.74016342010577],[6.96683095208681,4.73992660972533],[6.96630917892554,4.73978509330743],[6.96604911027828,4.73968064784367],[6.96576121480825,4.73979049463566],[6.96552812312444,4.73983848425871],[6.9652450516179,4.74019302219028],[6.96519526784738,4.74063357308097],[6.96508450104892,4.74082994904296],[6.96519064713073,4.74098000362432],[6.96538672541709,4.74126921390314],[6.96582306927928,4.74164014737494],[6.96523940927136,4.74213898512613],[6.96530605622957,4.74223193995209],[6.96526879641789,4.74261429301527],[6.96515157698371,4.74276168920062],[6.96527701262409,4.74284574343636],[6.96540047335321,4.74305955815214],[6.96565576839902,4.74365821885175],[6.96578198105362,4.74420049385776],[6.96582845711765,4.74511925115257],[6.9658597912964,4.74553147879476],[6.96529818626232,4.74787734596282],[6.97013122567557,4.74767717576111],[6.98316814159648,4.74877238094069],[6.98306817025991,4.74562786093708],[6.97074486008728,4.73986041062949],[6.96819601233614,4.74051139658371]]]},"properties":{"FID":3588,"globalid":"08e776bf-47a0-4af3-8ed4-84e0ae95aa3c","uniq_id":496405,"timestamp":1552694400000,"editor":"oluseye.abraham","wardname":"Deward 10","wardcode":"RVSDEG10","lganame":"Degema","lgacode":"33008","statename":"Rivers","statecode":"RI","amapcode":"NIE RVS DEG","status":"Operational Placeholder","source":"INEC","urban":"No","Shape__Area":0.0001078519148798307,"Shape__Length":0.049211065539614122}},{"type":"Feature","id":3589,"geometry":{"type":"Polygon","coordinates":[[[6.81415259506628,4.64530714490888],[6.78692649066505,4.6656258525511],[6.79752624294179,4.66847568630391],[6.82016525272428,4.68798227915892],[6.8211120436859,4.68305717075185],[6.8240293059078,4.6806653122544],[6.82489287900319,4.67798988402598],[6.82413549875429,4.67152945571985],[6.83183616770503,4.66410122559114],[6.83420049975331,4.65970528007466],[6.8482702483733,4.66077976937089],[6.87714141424493,4.65213560457454],[6.85484102709177,4.64304376895484],[6.8431791098281,4.64653118156883],[6.83591378289481,4.6462248059301],[6.83024813044693,4.64334667231111],[6.81415259506628,4.64530714490888]]]},"properties":{"FID":3589,"globalid":"0a883443-4aee-4856-93cc-2cae014f0a57","uniq_id":496406,"timestamp":1552694400000,"editor":"oluseye.abraham","wardname":"Deward 16","wardcode":"RVSDEG16","lganame":"Degema","lgacode":"33008","statename":"Rivers","statecode":"RI","amapcode":"NIE RVS DEG","status":"Operational Placeholder","source":"INEC","urban":"No","Shape__Area":0.0015617216994474603,"Shape__Length":0.21897064895245705}},{"type":"Feature","id":3590,"geometry":{"type":"Polygon","coordinates":[[[6.96552812312444,4.73983848425871],[6.96576121480825,4.73979049463566],[6.96604911027828,4.73968064784367],[6.96630917892554,4.73978509330743],[6.96683095208681,4.73992660972533],[6.96725057395486,4.74016342010577],[6.96771109609028,4.74043410974639],[6.96819601233614,4.74051139658371],[6.97074486008728,4.73986041062949],[6.96942319572395,4.73764700460561],[6.96704558338701,4.73783168038779],[6.96637036789821,4.73719098267776],[6.9663159957866,4.73779734157409],[6.96646904331175,4.73849169463602],[6.96631468277644,4.73872229160054],[6.96611364472898,4.73897484371412],[6.9654383788781,4.73972841533413],[6.96552812312444,4.73983848425871]]]},"properties":{"FID":3590,"globalid":"44e02e5f-3537-4896-9d62-07bdd5f1c3a2","uniq_id":496408,"timestamp":1552694400000,"editor":"oluseye.abraham","wardname":"Deward 12","wardcode":"RVSDEG12","lganame":"Degema","lgacode":"33008","statename":"Rivers","statecode":"RI","amapcode":"NIE RVS DEG","status":"Operational Placeholder","source":"INEC","urban":"No","Shape__Area":1.0015210158087484E-05,"Shape__Length":0.014472261650110823}},{"type":"Feature","id":3591,"geometry":{"type":"Polygon","coordinates":[[[6.81415259506628,4.64530714490888],[6.83024813044693,4.64334667231111],[6.83591378289481,4.6462248059301],[6.8431791098281,4.64653118156883],[6.85484102709177,4.64304376895484],[6.87714141424493,4.65213560457454],[6.87612196615584,4.64689571006903],[6.88229376694386,4.64573101967085],[6.88309047904244,4.64007334331018],[6.88021938621574,4.63366601817222],[6.8704671406461,4.62123327489576],[6.87093171962323,4.61533060882061],[6.86842880834286,4.60735337495834],[6.85507246941899,4.60538893904834],[6.8404218441928,4.6024768461296],[6.83813756169917,4.61875235923407],[6.82082539107898,4.63791940675526],[6.81415259506628,4.64530714490888]]]},"properties":{"FID":3591,"globalid":"6dbbeff4-9f59-43c8-bfd1-f94fe3c1df11","uniq_id":496409,"timestamp":1552694400000,"editor":"oluseye.abraham","wardname":"Deward 15","wardcode":"RVSDEG15","lganame":"Degema","lgacode":"33008","statename":"Rivers","statecode":"RI","amapcode":"NIE RVS DEG","status":"Operational Placeholder","source":"INEC","urban":"No","Shape__Area":0.0018286316981850348,"Shape__Length":0.20118765994799523}},{"type":"Feature","id":3592,"geometry":{"type":"Polygon","coordinates":[[[6.94314986907125,4.7408205142554],[6.95150559790505,4.74582135996786],[6.95822310371329,4.74148399539013],[6.96242883092583,4.73856392458549],[6.96276180311474,4.74120475319683],[6.96369895874,4.74089071623359],[6.96387464939562,4.74078697763696],[6.96424316998633,4.74049352525606],[6.96449037383172,4.74060412298195],[6.96451198813782,4.7407751587466],[6.96459722857929,4.74086583738853],[6.96473390664454,4.74095189801176],[6.96489894842779,4.74095838931828],[6.96508450104892,4.74082994904296],[6.96519526784738,4.74063357308097],[6.9652450516179,4.74019302219028],[6.96552812312444,4.73983848425871],[6.9654383788781,4.73972841533413],[6.96611364472898,4.73897484371412],[6.96631468277644,4.73872229160054],[6.96646904331175,4.73849169463602],[6.9663159957866,4.73779734157409],[6.96637036789821,4.73719098267776],[6.96542451942605,4.73712832511217],[6.96501625689478,4.73702743826573],[6.96473243355501,4.73665711093696],[6.9642822877974,4.73622477625247],[6.9624850529429,4.73522056717547],[6.91617024276252,4.71204609385222],[6.91514278081473,4.72745487094556],[6.93158822801433,4.73829498322692],[6.94314986907125,4.7408205142554]]]},"properties":{"FID":3592,"globalid":"70c23f2d-d400-4c31-94cb-1e0f7d969b7f","uniq_id":496410,"timestamp":1552694400000,"editor":"oluseye.abraham","wardname":"Deward 8","wardcode":"RVSDEG08","lganame":"Degema","lgacode":"33008","statename":"Rivers","statecode":"RI","amapcode":"NIE RVS DEG","status":"Operational Placeholder","source":"INEC","urban":"No","Shape__Area":0.00072437228251942543,"Shape__Length":0.13577686295107388}},{"type":"Feature","id":3593,"geometry":{"type":"Polygon","coordinates":[[[6.96637036789821,4.73719098267776],[6.96704558338701,4.73783168038779],[6.96942319572395,4.73764700460561],[6.97245350812295,4.73693631086212],[6.97417239494013,4.73638400661667],[6.97493531861011,4.73350508609087],[6.97443441421689,4.73174775415561],[6.97262523726494,4.73192639368818],[6.96996960491339,4.73246717941686],[6.96872235225482,4.732436785929],[6.96638572202352,4.73240162243695],[6.9616228144414,4.73153660143305],[6.93010805184514,4.69258664615683],[6.92269312358883,4.68797677440864],[6.91781482219636,4.68874079075493],[6.91617024276252,4.71204609385222],[6.9624850529429,4.73522056717547],[6.9642822877974,4.73622477625247],[6.96473243355501,4.73665711093696],[6.96501625689478,4.73702743826573],[6.96542451942605,4.73712832511217],[6.96637036789821,4.73719098267776]]]},"properties":{"FID":3593,"globalid":"74b3aa97-b4a6-4870-850e-08a361e5b70b","uniq_id":496411,"timestamp":1552694400000,"editor":"oluseye.abraham","wardname":"Deward 7","wardcode":"RVSDEG07","lganame":"Degema","lgacode":"33008","statename":"Rivers","statecode":"RI","amapcode":"NIE RVS DEG","status":"Operational Placeholder","source":"INEC","urban":"No","Shape__Area":0.0008738040542120018,"Shape__Length":0.16943454709424563}},{"type":"Feature","id":3594,"geometry":{"type":"Polygon","coordinates":[[[6.91271511041407,4.65655571397508],[6.90670161099058,4.68128864315639],[6.91278015028377,4.68226131930447],[6.91717915889114,4.68414073690553],[6.91781482219636,4.68874079075493],[6.92269312358883,4.68797677440864],[6.93010805184514,4.69258664615683],[6.9616228144414,4.73153660143305],[6.96638572202352,4.73240162243695],[6.96872235225482,4.732436785929],[6.96996960491339,4.73246717941686],[6.97262523726494,4.73192639368818],[6.97443441421689,4.73174775415561],[6.97493531861011,4.73350508609087],[6.97417239494013,4.73638400661667],[6.97245350812295,4.73693631086212],[6.96942319572395,4.73764700460561],[6.97074486008728,4.73986041062949],[6.98306817025991,4.74562786093708],[6.98478317470381,4.7366315018424],[6.98563117513868,4.72893828467414],[6.98664122081573,4.71751453666656],[6.9866654413571,4.71723987022386],[6.98516796313106,4.70376182964475],[6.97256337919663,4.70566417456206],[6.96415270178579,4.6854029273033],[6.95579767802047,4.6833064601251],[6.95327867607011,4.68174575236463],[6.95366554912584,4.67606020781238],[6.95055638057255,4.67458372336017],[6.94437242274915,4.67394901243705],[6.94279943744414,4.67646546840672],[6.93895890782738,4.67189781263397],[6.9374977783998,4.66746841683403],[6.93286833920251,4.66969924902116],[6.93225966365259,4.66655235031078],[6.92970904693499,4.66451716113812],[6.92438239213374,4.66644981860429],[6.92040715396701,4.66496406933641],[6.91948018136532,4.66063950301071],[6.91271511041407,4.65655571397508]]]},"properties":{"FID":3594,"globalid":"7bdf710b-59ed-4e27-b425-04aa6350f3ca","uniq_id":496412,"timestamp":1552694400000,"editor":"oluseye.abraham","wardname":"Deward 11","wardcode":"RVSDEG11","lganame":"Degema","lgacode":"33008","statename":"Rivers","statecode":"RI","amapcode":"NIE RVS DEG","status":"Operational Placeholder","source":"INEC","urban":"No","Shape__Area":0.0026051261120727531,"Shape__Length":0.29493388783645264}},{"type":"Feature","id":3595,"geometry":{"type":"Polygon","coordinates":[[[6.86892323671805,4.60369838087564],[6.86842880834286,4.60735337495834],[6.87093171962323,4.61533060882061],[6.8704671406461,4.62123327489576],[6.88021938621574,4.63366601817222],[6.88309047904244,4.64007334331018],[6.88229376694386,4.64573101967085],[6.87612196615584,4.64689571006903],[6.87714141424493,4.65213560457454],[6.88948520917512,4.65721474526435],[6.89848603969904,4.65214168938752],[6.90534638932445,4.65425058969299],[6.91271511041407,4.65655571397508],[6.91948018136532,4.66063950301071],[6.92040715396701,4.66496406933641],[6.92438239213374,4.66644981860429],[6.92970904693499,4.66451716113812],[6.93225966365259,4.66655235031078],[6.93286833920251,4.66969924902116],[6.9374977783998,4.66746841683403],[6.93895890782738,4.67189781263397],[6.94279943744414,4.67646546840672],[6.94437242274915,4.67394901243705],[6.95055638057255,4.67458372336017],[6.95366554912584,4.67606020781238],[6.95327867607011,4.68174575236463],[6.95579767802047,4.6833064601251],[6.96415270178579,4.6854029273033],[6.9733731323642,4.66719108929738],[6.98455810137534,4.63691144930397],[6.98382424199519,4.61708100968087],[6.92329452092542,4.59325101422297],[6.91021230795172,4.59934244259972],[6.90692183157734,4.60710629701805],[6.9016240450137,4.6071690382206],[6.89604390280391,4.5985482638913],[6.89129978925394,4.59624658760998],[6.88552741156082,4.60075004258044],[6.8844495561022,4.60479736590577],[6.88199482959777,4.60669112589477],[6.87904430684932,4.60569541271315],[6.87632714468202,4.59742012014249],[6.87059434795083,4.59687501497001],[6.86892323671805,4.60369838087564]]]},"properties":{"FID":3595,"globalid":"8464b074-c802-4041-a047-1d43ad60d107","uniq_id":496413,"timestamp":1598832000000,"editor":"najib.adam","wardname":"Deward 14","wardcode":"RVSDEG14","lganame":"Degema","lgacode":"33008","statename":"Rivers","statecode":"RI","amapcode":"NIE RVS DEG","status":"Operational Placeholder","source":"INEC","urban":"No","Shape__Area":0.0066673282886604568,"Shape__Length":0.39158807736941792}},{"type":"Feature","id":3596,"geometry":{"type":"Polygon","coordinates":[[[6.98825570803456,4.76110956855177],[6.98316814159648,4.74877238094069],[6.97013122567557,4.74767717576111],[6.96529818626232,4.74787734596282],[6.9658597912964,4.74553147879476],[6.96582845711765,4.74511925115257],[6.96578198105362,4.74420049385776],[6.96565576839902,4.74365821885175],[6.96540047335321,4.74305955815214],[6.96527701262409,4.74284574343636],[6.96515157698371,4.74276168920062],[6.96526879641789,4.74261429301527],[6.96530605622957,4.74223193995209],[6.96523940927136,4.74213898512613],[6.96582306927928,4.74164014737494],[6.96538672541709,4.74126921390314],[6.96519064713073,4.74098000362432],[6.96508450104892,4.74082994904296],[6.96489894842779,4.74095838931828],[6.96473390664454,4.74095189801176],[6.96459722857929,4.74086583738853],[6.96451198813782,4.7407751587466],[6.96449037383172,4.74060412298195],[6.96424316998633,4.74049352525606],[6.96387464939562,4.74078697763696],[6.96369895874,4.74089071623359],[6.96276180311474,4.74120475319683],[6.96242883092583,4.73856392458549],[6.95822310371329,4.74148399539013],[6.95150559790505,4.74582135996786],[6.94314986907125,4.7408205142554],[6.93158822801433,4.73829498322692],[6.91514278081473,4.72745487094556],[6.91021484493922,4.73834639836764],[6.90737270938308,4.745027693873],[6.9046577145819,4.75177244194469],[6.92906327435065,4.78169849998585],[6.93219701238229,4.78492372874712],[6.93527834961617,4.78550963795948],[6.93701961876047,4.78504773086814],[6.9370917659723,4.78506990814981],[6.94202036284952,4.7899507546237],[6.94299388615894,4.78907694184744],[6.94505224096821,4.78295500037302],[6.94737600100171,4.77485626090777],[6.94961038101434,4.77313398364646],[6.95514306240244,4.77424655743272],[6.95788024527712,4.7745094697363],[6.96035366688824,4.77425444178908],[6.96375158706616,4.77131671999069],[6.96502014826126,4.76874147533886],[6.96468182870348,4.76444247763828],[6.96589251762566,4.76452648600855],[6.97979437181283,4.7651216222651],[6.98503785191537,4.76482402311024],[6.9881123731875,4.76143122996734],[6.98825570803456,4.76110956855177]]]},"properties":{"FID":3596,"globalid":"e2fcc6a5-eb27-4103-ab47-6b9f3182e95b","uniq_id":496419,"timestamp":1552694400000,"editor":"oluseye.abraham","wardname":"Deward 9","wardcode":"RVSDEG09","lganame":"Degema","lgacode":"33008","statename":"Rivers","statecode":"RI","amapcode":"NIE RVS DEG","status":"Operational Placeholder","source":"INEC","urban":"No","Shape__Area":0.0024951538102833126,"Shape__Length":0.24743461198846939}},{"type":"Feature","id":3597,"geometry":{"type":"Polygon","coordinates":[[[6.77525152064123,4.71284270162943],[6.77372855023248,4.72159749293002],[6.77704537494412,4.72277638811988],[6.77716129395861,4.72341830531059],[6.7768755766466,4.72454692570011],[6.77700544774325,4.7254828807304],[6.78124419266538,4.72443466063112],[6.78300698888148,4.72354458271639],[6.78688639079434,4.72170892522678],[6.78815181425489,4.7201070411071],[6.7850955258379,4.71449701532504],[6.78147113928168,4.70781947808649],[6.77930019205024,4.70939582955396],[6.77666655981392,4.70722304590691],[6.77525152064123,4.71284270162943]]]},"properties":{"FID":3597,"globalid":"ecda89ac-c4c4-4305-b8db-99bcef26a16a","uniq_id":496420,"timestamp":1598832000000,"editor":"najib.adam","wardname":"Deward 2","wardcode":"RVSDEG02","lganame":"Degema","lgacode":"33008","statename":"Rivers","statecode":"RI","amapcode":"NIE RVS DEG","status":"Operational Placeholder","source":"INEC","urban":"No","Shape__Area":0.00016066731953401359,"Shape__Length":0.053720668224905871}},{"type":"Feature","id":3598,"geometry":{"type":"Polygon","coordinates":[[[7.12340898533643,4.66972172217976],[7.12519833673389,4.67311333900943],[7.12509850209426,4.67768083020621],[7.12029322834985,4.6809653557666],[7.11872280071674,4.68663245522367],[7.11987226109602,4.68945823570908],[7.12250820998594,4.69385536023674],[7.12220159063094,4.70207031639205],[7.12907520705522,4.70352385913884],[7.13154815112631,4.70399757612728],[7.13444504190522,4.703099574286],[7.13540160759817,4.70091830283747],[7.13496630425158,4.69920641724241],[7.1332034612708,4.69652261902371],[7.13388626973563,4.69634610368979],[7.13528638106169,4.69539587911657],[7.13642972964834,4.69623773538325],[7.13784688132858,4.69623825699],[7.13952945082355,4.69354780918411],[7.1456854972879,4.69834169841073],[7.1508634752692,4.70253592059629],[7.15294282025502,4.70799936587809],[7.15149758364663,4.71171396792533],[7.1523602367356,4.71539526268128],[7.15437638905917,4.71793878824451],[7.15680259896084,4.71964326522453],[7.15825843228089,4.72018842525569],[7.15898730761819,4.72037645460972],[7.15996206389821,4.7202877805567],[7.164773144565,4.71833235585359],[7.1662757354369,4.71893075395116],[7.16738021982133,4.72318312090437],[7.17707490518279,4.72341518196515],[7.18212891701597,4.71702113711581],[7.18253759683267,4.71255061801668],[7.18220912844856,4.71073390204799],[7.18176423742966,4.70882511978351],[7.18228705920046,4.70744584305129],[7.18461718103811,4.70656852381836],[7.18653545744547,4.70588098671823],[7.18793608588169,4.70431082978104],[7.19130801655177,4.70418618014816],[7.19239728980313,4.69871096813671],[7.193599714855,4.69682289096369],[7.19561278430263,4.69710254144917],[7.19767611506069,4.69840681832005],[7.19937319062029,4.69769131859954],[7.20181314216285,4.69625328196344],[7.20286231464416,4.69405305100753],[7.20267154505581,4.69075457426425],[7.20148742930149,4.68932972438733],[7.19901064512521,4.68860533396901],[7.19598443183611,4.69019929056486],[7.1933955066973,4.69153548167719],[7.19168222085784,4.6908699141153],[7.19022413293743,4.68869905501742],[7.19019711820249,4.68730271814599],[7.19247898691577,4.68555128036735],[7.19349522172718,4.68081781568969],[7.19249173210778,4.67725213777601],[7.19278435621311,4.67493602197987],[7.19089357567805,4.67451140797516],[7.18914754642219,4.66659676243069],[7.18674478904086,4.66199697118333],[7.18090012923761,4.66223757670286],[7.17550454499877,4.66870489381586],[7.17134844057813,4.66941938179906],[7.16933748993324,4.66775479604706],[7.16699926160669,4.65914489182336],[7.15508565198132,4.6633002767864],[7.15278044226363,4.65998871310865],[7.14419237357924,4.66494652176459],[7.12340898533643,4.66972172217976]]]},"properties":{"FID":3598,"globalid":"061d5cdc-33c0-4ee0-bf0d-108870c77bce","uniq_id":496422,"timestamp":1552694400000,"editor":"oluseye.abraham","wardname":"Ele","wardcode":"RVSGGU12","lganame":"Ogu Bolo","lgacode":"33017","statename":"Rivers","statecode":"RI","amapcode":"NIE RVS GGU","status":"Operational Placeholder","source":"INEC","urban":"No","Shape__Area":0.0031975843296869755,"Shape__Length":0.29747976157613193}},{"type":"Feature","id":3599,"geometry":{"type":"Polygon","coordinates":[[[7.19894040087883,4.72438433906603],[7.19934304174802,4.72434811887064],[7.20013417625125,4.72417716224629],[7.20049261724051,4.72455093667645],[7.2008657432595,4.72509972816999],[7.20096323426588,4.7255123569098],[7.20089381110057,4.72588036578628],[7.20159675268803,4.72629680765158],[7.20329568984425,4.72538786016167],[7.20386496609535,4.72698881168435],[7.20444578784287,4.72640222798049],[7.20487630769549,4.72557882310423],[7.2050146360167,4.72469458089023],[7.20473083515998,4.72297107875232],[7.20445997824544,4.72233276604436],[7.20429325922657,4.72214625834317],[7.20385245472704,4.7212583945593],[7.20269265484222,4.72167187315847],[7.20168786840043,4.72216795808487],[7.20091069856994,4.72255166282901],[7.20054306111342,4.72284579689608],[7.19939217800663,4.72130915139627],[7.19747694220717,4.72252059395032],[7.19784150937818,4.72296494807392],[7.1980973871847,4.72309851178693],[7.19820770702012,4.72327398210865],[7.19860915538828,4.72395166623647],[7.19849955680917,4.72404773271671],[7.19873027877941,4.72449426409906],[7.19894040087883,4.72438433906603]]]},"properties":{"FID":3599,"globalid":"0abedeeb-1bf4-4738-aee9-dd97fe3cd5f2","uniq_id":496423,"timestamp":1552694400000,"editor":"oluseye.abraham","wardname":"Kurukuru","wardcode":"RVSGGU01","lganame":"Ogu Bolo","lgacode":"33017","statename":"Rivers","statecode":"RI","amapcode":"NIE RVS GGU","status":"Operational Placeholder","source":"INEC","urban":"No","Shape__Area":2.313865478953403E-05,"Shape__Length":0.024587156659524212}},{"type":"Feature","id":3600,"geometry":{"type":"Polygon","coordinates":[[[7.28158416327858,4.55672850811419],[7.26232243962892,4.5018772764152],[7.25518405739837,4.51272761758554],[7.25113913796088,4.52168422574647],[7.24718906822096,4.53043080803542],[7.23719533219889,4.53842579721282],[7.21674776879456,4.54484232331464],[7.20654812399675,4.56455613705612],[7.1902767459751,4.60998437937565],[7.16841044268784,4.63166927411777],[7.15278044226363,4.65998871310865],[7.15508565198132,4.6633002767864],[7.16699926160669,4.65914489182336],[7.16933748993324,4.66775479604706],[7.17134844057813,4.66941938179906],[7.17550454499877,4.66870489381586],[7.18090012923761,4.66223757670286],[7.18674478904086,4.66199697118333],[7.18914754642219,4.66659676243069],[7.19089357567805,4.67451140797516],[7.19121928494212,4.6723543750544],[7.19604796893867,4.65994416788908],[7.20286140542959,4.66245747623157],[7.20641609092991,4.6616491907576],[7.20824343868378,4.6616741271593],[7.21331360413956,4.65967023978976],[7.21451529174738,4.65796464585179],[7.21638327626721,4.65781200122291],[7.21695291674376,4.65505228673368],[7.21847767770271,4.65510309213403],[7.22012969273118,4.65125682574194],[7.22160830497933,4.65544464655324],[7.22370510220873,4.65646159182904],[7.22793147066091,4.65580070343975],[7.23003373576836,4.65845655342724],[7.23170656740422,4.6577362432331],[7.23383342267437,4.6535793231273],[7.23610342663187,4.6536008906686],[7.23747179818497,4.65620031898959],[7.24528739959385,4.65240647318024],[7.24646826429898,4.64811181920516],[7.23524289774161,4.62666368987743],[7.23552850263832,4.62496508816832],[7.24270543430839,4.61489354370212],[7.24721094063244,4.60689029425174],[7.24797348388921,4.59770131566324],[7.27028747958354,4.57374388267408],[7.27976409733526,4.56188046421209],[7.2820564836199,4.5600519896077],[7.28158416327858,4.55672850811419]]]},"properties":{"FID":3600,"globalid":"3354e8d7-6b8f-45f7-936f-5c572fe9c5db","uniq_id":496424,"timestamp":1552694400000,"editor":"oluseye.abraham","wardname":"Bolo 3","wardcode":"RVSGGU05","lganame":"Ogu Bolo","lgacode":"33017","statename":"Rivers","statecode":"RI","amapcode":"NIE RVS GGU","status":"Operational Placeholder","source":"INEC","urban":"No","Shape__Area":0.0087571571540046023,"Shape__Length":0.51470410765715358}},{"type":"Feature","id":3601,"geometry":{"type":"Polygon","coordinates":[[[7.20824343868378,4.6616741271593],[7.21504102192569,4.66454921657311],[7.21800881795264,4.66634094937535],[7.21993579799874,4.66744218540856],[7.22014627622974,4.66777449030053],[7.22115686060067,4.66803305618066],[7.22107485771858,4.66894825665679],[7.22215913793394,4.66951166842881],[7.22277291174055,4.66971043838606],[7.22310513119692,4.66894424118385],[7.22216948643268,4.66844851598626],[7.22236044128141,4.66779654167709],[7.22260242636094,4.66742955083316],[7.22312410959006,4.66705153520024],[7.22341160126444,4.66697882141551],[7.22351595409805,4.66691504689197],[7.22381566935769,4.66693836721191],[7.22398607559694,4.66678151195725],[7.22463731875729,4.66667773019316],[7.23747179818497,4.65620031898959],[7.23610342663187,4.6536008906686],[7.23383342267437,4.6535793231273],[7.23170656740422,4.6577362432331],[7.23003373576836,4.65845655342724],[7.22793147066091,4.65580070343975],[7.22370510220873,4.65646159182904],[7.22160830497933,4.65544464655324],[7.22012969273118,4.65125682574194],[7.21847767770271,4.65510309213403],[7.21695291674376,4.65505228673368],[7.21638327626721,4.65781200122291],[7.21451529174738,4.65796464585179],[7.21331360413956,4.65967023978976],[7.20824343868378,4.6616741271593]]]},"properties":{"FID":3601,"globalid":"49a3958f-5408-4149-957c-274c7f10b67b","uniq_id":496425,"timestamp":1552694400000,"editor":"oluseye.abraham","wardname":"Bolo 2","wardcode":"RVSGGU09","lganame":"Ogu Bolo","lgacode":"33017","statename":"Rivers","statecode":"RI","amapcode":"NIE RVS GGU","status":"Operational Placeholder","source":"INEC","urban":"No","Shape__Area":0.00020377704147733766,"Shape__Length":0.08320186044575055}},{"type":"Feature","id":3602,"geometry":{"type":"Polygon","coordinates":[[[7.19559757406881,4.72548934415795],[7.19572578501703,4.72484990459947],[7.19599222086435,4.72377035841538],[7.19682601740681,4.72290411523278],[7.19747694220717,4.72252059395032],[7.19939217800663,4.72130915139627],[7.19873836188594,4.72029464418256],[7.19730251419969,4.71815616157767],[7.19351178723923,4.72052649839924],[7.19104252139527,4.7186978601182],[7.19115594658973,4.71695982223804],[7.19238767515111,4.7149452374328],[7.19723215394077,4.71411056495066],[7.20001495762426,4.71250728328454],[7.19916497418427,4.7092432982397],[7.19303950826674,4.70687205220349],[7.19130801655177,4.70418618014816],[7.18793608588169,4.70431082978104],[7.18653545744547,4.70588098671823],[7.18461718103811,4.70656852381836],[7.18228705920046,4.70744584305129],[7.18176423742966,4.70882511978351],[7.18220912844856,4.71073390204799],[7.18253759683267,4.71255061801668],[7.18212891701597,4.71702113711581],[7.17707490518279,4.72341518196515],[7.1871918528218,4.72582172369363],[7.19180610606696,4.72757870129607],[7.19412413022445,4.727739759982],[7.19509024222094,4.72744080734742],[7.19602592026007,4.72687284140858],[7.19643567386731,4.72691850808275],[7.19738463309437,4.72761936504173],[7.19757395837155,4.72719887262991],[7.19703823582597,4.72657667937028],[7.19678059714687,4.72645797875276],[7.19669130705825,4.72592226969704],[7.19638308511134,4.72594438672411],[7.19625400631736,4.72606891314985],[7.19559757406881,4.72548934415795]]]},"properties":{"FID":3602,"globalid":"6ba5ab89-e72e-496d-9f69-a52cf686442f","uniq_id":496426,"timestamp":1552694400000,"editor":"oluseye.abraham","wardname":"Ofiomani","wardcode":"RVSGGU02","lganame":"Ogu Bolo","lgacode":"33017","statename":"Rivers","statecode":"RI","amapcode":"NIE RVS GGU","status":"Operational Placeholder","source":"INEC","urban":"No","Shape__Area":0.000308530771029325,"Shape__Length":0.09543939077494637}},{"type":"Feature","id":3603,"geometry":{"type":"Polygon","coordinates":[[[7.19278435621311,4.67493602197987],[7.20127446894162,4.67765837593333],[7.2063238870378,4.67642052208947],[7.21291703189553,4.67075334079408],[7.21516417238871,4.67122003137939],[7.21818489441739,4.67506601538435],[7.22421940020519,4.67673819321311],[7.22729765726115,4.67932354714401],[7.22718701996507,4.68265699762242],[7.23132493919462,4.67823204267467],[7.2343894995758,4.67576852439794],[7.22627281234048,4.67176030179655],[7.22548565733729,4.67098652870538],[7.22375595527319,4.67216027977315],[7.2228258881043,4.67094528129974],[7.22222144836121,4.67074769395094],[7.22277291174055,4.66971043838606],[7.22215913793394,4.66951166842881],[7.22107485771858,4.66894825665679],[7.22115686060067,4.66803305618066],[7.22014627622974,4.66777449030053],[7.21993579799874,4.66744218540856],[7.21800881795264,4.66634094937535],[7.21504102192569,4.66454921657311],[7.20824343868378,4.6616741271593],[7.20641609092991,4.6616491907576],[7.20286140542959,4.66245747623157],[7.19604796893867,4.65994416788908],[7.19121928494212,4.6723543750544],[7.19089357567805,4.67451140797516],[7.19278435621311,4.67493602197987]]]},"properties":{"FID":3603,"globalid":"7a700d7d-ee51-4f38-8721-fca626669fda","uniq_id":496427,"timestamp":1552694400000,"editor":"oluseye.abraham","wardname":"Bolo 4","wardcode":"RVSGGU06","lganame":"Ogu Bolo","lgacode":"33017","statename":"Rivers","statecode":"RI","amapcode":"NIE RVS GGU","status":"Operational Placeholder","source":"INEC","urban":"No","Shape__Area":0.00041172429846625391,"Shape__Length":0.11664930988578054}},{"type":"Feature","id":3604,"geometry":{"type":"Polygon","coordinates":[[[7.20400789085153,4.73206328219476],[7.20243120033967,4.73056206458767],[7.20050917196079,4.73004536989794],[7.19881497962768,4.73053861566461],[7.19817287807592,4.72998035880659],[7.19917555111084,4.72877199283323],[7.19940629106753,4.72760996442838],[7.19914160260294,4.72749795296818],[7.19848863724087,4.7275942002122],[7.19757395837155,4.72719887262991],[7.19738463309437,4.72761936504173],[7.19643567386731,4.72691850808275],[7.19602592026007,4.72687284140858],[7.19509024222094,4.72744080734742],[7.19412413022445,4.727739759982],[7.19180610606696,4.72757870129607],[7.1871918528218,4.72582172369363],[7.17707490518279,4.72341518196515],[7.17590990901516,4.73070095858242],[7.1897025099629,4.74121133623424],[7.19272518711773,4.73801115179327],[7.19493720998429,4.73574439528767],[7.1968269697889,4.73346147526689],[7.1990313376262,4.7331402752036],[7.20310815331868,4.73429609558838],[7.20575571605349,4.73404378179515],[7.20400789085153,4.73206328219476]]]},"properties":{"FID":3604,"globalid":"9bc432ab-9eaa-4b35-a7ea-2f3cbfb94ac4","uniq_id":496428,"timestamp":1552694400000,"editor":"oluseye.abraham","wardname":"Lokomauru","wardcode":"RVSGGU03","lganame":"Ogu Bolo","lgacode":"33017","statename":"Rivers","statecode":"RI","amapcode":"NIE RVS GGU","status":"Operational Placeholder","source":"INEC","urban":"No","Shape__Area":0.00025139270369223254,"Shape__Length":0.080318949031833856}},{"type":"Feature","id":3605,"geometry":{"type":"Polygon","coordinates":[[[7.20067896126511,4.72694142190915],[7.19995106888678,4.72729756872786],[7.19940629106753,4.72760996442838],[7.19917555111084,4.72877199283323],[7.19817287807592,4.72998035880659],[7.19881497962768,4.73053861566461],[7.20050917196079,4.73004536989794],[7.20243120033967,4.73056206458767],[7.20400789085153,4.73206328219476],[7.20575571605349,4.73404378179515],[7.20744492164584,4.73330908244827],[7.20885610632428,4.73260546996653],[7.21060290809777,4.73040223797295],[7.21151142031584,4.73097506834478],[7.21486101092694,4.72784107760367],[7.22327415877544,4.72015492910674],[7.22252818822534,4.71917839126979],[7.22254284627536,4.71816597677844],[7.22190459921791,4.71662590216368],[7.22053710720178,4.71554354379953],[7.21976275584655,4.71503606086554],[7.2190466032182,4.71633289404787],[7.21865246094239,4.71572274181113],[7.21750833264349,4.71549967397084],[7.21693825779442,4.71525011390167],[7.21521164400224,4.71495119094476],[7.21481390533751,4.71448671269167],[7.21494936841867,4.71375427783772],[7.21584978763764,4.71313234178422],[7.21605536906009,4.71208665597442],[7.21545318841396,4.71119111737619],[7.21441442468603,4.71039937313259],[7.21402613609735,4.7095682718583],[7.21299841604412,4.71009773332378],[7.21122125135969,4.7103591959202],[7.21094767939195,4.71294072683315],[7.21008138404869,4.71618628926586],[7.20946325482538,4.71865738073359],[7.20902807738389,4.71933945894892],[7.20788618569895,4.71956266798281],[7.20719213121191,4.71995329930536],[7.20653970814107,4.72082658777686],[7.20469334781978,4.72092766078299],[7.20385245472704,4.7212583945593],[7.20429325922657,4.72214625834317],[7.20445997824544,4.72233276604436],[7.20473083515998,4.72297107875232],[7.2050146360167,4.72469458089023],[7.20487630769549,4.72557882310423],[7.20444578784287,4.72640222798049],[7.20386496609535,4.72698881168435],[7.20329568984425,4.72538786016167],[7.20159675268803,4.72629680765158],[7.20132352875788,4.72651122940977],[7.20067896126511,4.72694142190915]]]},"properties":{"FID":3605,"globalid":"b46d7adf-bd7e-4372-bcb7-38099d4bb731","uniq_id":496429,"timestamp":1552694400000,"editor":"oluseye.abraham","wardname":"Omodara","wardcode":"RVSGGU10","lganame":"Ogu Bolo","lgacode":"33017","statename":"Rivers","statecode":"RI","amapcode":"NIE RVS GGU","status":"Operational Placeholder","source":"INEC","urban":"No","Shape__Area":0.000255377945396873,"Shape__Length":0.08519609572459326}},{"type":"Feature","id":3606,"geometry":{"type":"Polygon","coordinates":[[[7.30128224428017,4.6692891302892],[7.30007697827,4.67100565908396],[7.299876111993,4.67175668921988],[7.30006346865423,4.67207072258583],[7.30077684687404,4.67286984666612],[7.30137109370105,4.67355926514801],[7.30183190272021,4.67422188743024],[7.30243773731178,4.67480068030721],[7.30360854130117,4.67519325866203],[7.3045313689276,4.67556758167859],[7.30527131941591,4.67577530438683],[7.30507438497494,4.67752495880984],[7.30496806892131,4.67862532609797],[7.30682080003993,4.67814993007528],[7.30841592125779,4.67774361367685],[7.30888018187494,4.67744630230504],[7.30924936886333,4.67741104078698],[7.30948608661367,4.67720785875571],[7.30948495886383,4.67698282499742],[7.30966093640313,4.67692225475832],[7.31029108866284,4.67672528344514],[7.31127518979821,4.67555594894793],[7.31174634461814,4.67488910614736],[7.31193818799704,4.67452942229505],[7.31192316841953,4.6742529104435],[7.31167865174842,4.67373380107409],[7.31194179068115,4.67351116760636],[7.31231190307193,4.67264418518107],[7.31289183179263,4.67153966032708],[7.30930032624912,4.66920545916463],[7.30627464535866,4.66741434329737],[7.30609562091621,4.66840940806776],[7.30603161526687,4.66917678428121],[7.30407834623873,4.66967867613005],[7.30190614625172,4.67031450221253],[7.30128224428017,4.6692891302892]]]},"properties":{"FID":3606,"globalid":"29a9f12c-ebc0-4d30-98db-ca641bc4fe6f","uniq_id":496431,"timestamp":1552694400000,"editor":"oluseye.abraham","wardname":"Goward 11","wardcode":"RVSKPR11","lganame":"Gokana","lgacode":"33012","statename":"Rivers","statecode":"RI","amapcode":"NIE RVS KPR","status":"Operational Placeholder","source":"INEC","urban":"Yes","Shape__Area":7.98221268318855E-05,"Shape__Length":0.039795633132315107}},{"type":"Feature","id":3607,"geometry":{"type":"Polygon","coordinates":[[[7.25324777116776,4.69885943631397],[7.25540475822305,4.69650668573502],[7.27123142778822,4.69481919964642],[7.27900119704765,4.69464376709624],[7.2837194290085,4.69554221859858],[7.28522630335129,4.68914523296615],[7.28748125535571,4.68062510986096],[7.28828112587331,4.67793881242631],[7.28801540498699,4.67291194932704],[7.28683808361075,4.67178622295586],[7.28362402712719,4.66865453987515],[7.28177122136481,4.66665060484161],[7.27770674976676,4.66668977930993],[7.27580010429142,4.66680954922134],[7.27431248982958,4.66716857566928],[7.27350614059594,4.66740539684162],[7.27262489132573,4.66740284006909],[7.27220773629801,4.66791940165911],[7.2715591731174,4.66797632514732],[7.27085904460927,4.66855317099208],[7.2700342143076,4.66934338908618],[7.26934891292206,4.6698900671729],[7.26502880813302,4.67373129916018],[7.26327234314419,4.67586259798054],[7.25853759603331,4.67217165979429],[7.25725482734845,4.6705360897688],[7.25016483943585,4.66421440437131],[7.24771381094365,4.66321146693571],[7.24660777343007,4.66240433709055],[7.24574068938136,4.65860217614954],[7.24438785991185,4.6667661668252],[7.24427875326188,4.66848399334168],[7.2343894995758,4.67576852439794],[7.23132493919462,4.67823204267467],[7.22718701996507,4.68265699762242],[7.23102357997431,4.69015570492189],[7.23400138725424,4.69541458591448],[7.23776386381132,4.69524102755145],[7.25324777116776,4.69885943631397]]]},"properties":{"FID":3607,"globalid":"166f85e4-05bf-4b28-96b1-dcb149b49026","uniq_id":496432,"timestamp":1552694400000,"editor":"oluseye.abraham","wardname":"Goward 9","wardcode":"RVSKPR09","lganame":"Gokana","lgacode":"33012","statename":"Rivers","statecode":"RI","amapcode":"NIE RVS KPR","status":"Operational Placeholder","source":"INEC","urban":"No","Shape__Area":0.0014664468457539215,"Shape__Length":0.17766364859000169}},{"type":"Feature","id":3608,"geometry":{"type":"Polygon","coordinates":[[[7.28815080421629,4.65729640280676],[7.28177122136481,4.66665060484161],[7.28362402712719,4.66865453987515],[7.28683808361075,4.67178622295586],[7.28801540498699,4.67291194932704],[7.29107435179992,4.67032938329447],[7.29270032336126,4.66921924667093],[7.29804152020006,4.66552068133444],[7.29911588179255,4.66627840692297],[7.30057122318345,4.66621537613872],[7.302249314954,4.66613728260955],[7.30356648000907,4.66619351901574],[7.30209854361294,4.66812667560566],[7.30128224428017,4.6692891302892],[7.30190614625172,4.67031450221253],[7.30407834623873,4.66967867613005],[7.30603161526687,4.66917678428121],[7.30609562091621,4.66840940806776],[7.30627464535866,4.66741434329737],[7.30637779939599,4.66623209543491],[7.3052553807313,4.66464137909639],[7.30480769282082,4.66411504097641],[7.30440188094212,4.663744181249],[7.30288179106185,4.66224836317144],[7.30150335159846,4.66099475410465],[7.29945692090024,4.65914017937581],[7.29852846981311,4.65828258227538],[7.29476349943599,4.65480493270155],[7.29339626462598,4.65587203406716],[7.28920830082245,4.65576506600502],[7.28815080421629,4.65729640280676]]]},"properties":{"FID":3608,"globalid":"2431766e-ef19-4e7a-bb8b-1057f4d05ae1","uniq_id":496433,"timestamp":1552694400000,"editor":"oluseye.abraham","wardname":"Goward 10","wardcode":"RVSKPR10","lganame":"Gokana","lgacode":"33012","statename":"Rivers","statecode":"RI","amapcode":"NIE RVS KPR","status":"Operational Placeholder","source":"INEC","urban":"No","Shape__Area":0.00023018253361328789,"Shape__Length":0.07482181120601962}},{"type":"Feature","id":3609,"geometry":{"type":"Polygon","coordinates":[[[7.24721094063244,4.60689029425174],[7.25764356469881,4.60953405735091],[7.26441053232026,4.61724309359397],[7.26715658340964,4.61976405336844],[7.26836626778908,4.62132521438718],[7.2688905626494,4.62205691629367],[7.26923946902633,4.62244405015286],[7.26977028127351,4.62324411402471],[7.2698398852026,4.62365039175222],[7.2702272825631,4.62425676593705],[7.27033610412798,4.6245252414468],[7.27062945758342,4.6249654577897],[7.27085422244448,4.62566918358601],[7.27075312785462,4.62617122472227],[7.27068691796694,4.62645086171796],[7.27117344669728,4.62768934238926],[7.2741860037811,4.62708099868917],[7.27703440761189,4.62810143693184],[7.28066548062748,4.62707585816435],[7.28473083805778,4.61647582260116],[7.28417254702549,4.60840293684612],[7.2914689958975,4.60289653364816],[7.29420284588468,4.60430555815503],[7.29390743837763,4.60595470344686],[7.29300686177731,4.60764223630019],[7.29315268235047,4.60836291881373],[7.29351331408822,4.60891134068589],[7.30394993923835,4.59797498205984],[7.30500003982002,4.59352919071961],[7.30207816317676,4.58657674691938],[7.29594155735703,4.57763357283119],[7.2820564836199,4.5600519896077],[7.27976409733526,4.56188046421209],[7.27028747958354,4.57374388267408],[7.24797348388921,4.59770131566324],[7.24721094063244,4.60689029425174]]]},"properties":{"FID":3609,"globalid":"300360ab-e308-4bb1-962c-5273320d73f1","uniq_id":496434,"timestamp":1552694400000,"editor":"oluseye.abraham","wardname":"Goward 14","wardcode":"RVSKPR14","lganame":"Gokana","lgacode":"33012","statename":"Rivers","statecode":"RI","amapcode":"NIE RVS KPR","status":"Operational Placeholder","source":"INEC","urban":"No","Shape__Area":0.0020234034967643311,"Shape__Length":0.20098953528594332}},{"type":"Feature","id":3610,"geometry":{"type":"Polygon","coordinates":[[[7.25149704295421,4.64824132517708],[7.25404724688298,4.65025860794844],[7.25786706960963,4.64954501389133],[7.26137482488832,4.65099238009429],[7.2631145849702,4.65171020636097],[7.26313564529386,4.65266043992739],[7.26477899265643,4.65397642687066],[7.26809565638951,4.65554055295422],[7.26936435608025,4.65677592826654],[7.27077570083799,4.65803803862462],[7.27187633792272,4.65887898387803],[7.27424242724629,4.66090161132036],[7.27518456061904,4.66171679639308],[7.27737130803951,4.66380863296212],[7.27747552237753,4.66397829726066],[7.27770674976676,4.66668977930993],[7.28177122136481,4.66665060484161],[7.27958968641497,4.6593577586537],[7.27792915660535,4.65721340617381],[7.27611605681062,4.65513298290091],[7.27162960891934,4.64808963023228],[7.26241665980103,4.64752687316673],[7.25526148542923,4.64799708729578],[7.25149704295421,4.64824132517708]]]},"properties":{"FID":3610,"globalid":"319ddd19-f73a-49c7-9c96-fc82587cb7b3","uniq_id":496435,"timestamp":1552694400000,"editor":"oluseye.abraham","wardname":"Goward 2","wardcode":"RVSKPR02","lganame":"Gokana","lgacode":"33012","statename":"Rivers","statecode":"RI","amapcode":"NIE RVS KPR","status":"Operational Placeholder","source":"INEC","urban":"No","Shape__Area":0.0001673146782863455,"Shape__Length":0.080563978808428013}},{"type":"Feature","id":3611,"geometry":{"type":"Polygon","coordinates":[[[7.35530318139678,4.69361617834403],[7.34927368123545,4.69039647681598],[7.34762879603215,4.68985283843779],[7.3457170280185,4.68911111628506],[7.3453003550274,4.68878250131144],[7.34547420926737,4.68843916263728],[7.34528727258959,4.68816817981769],[7.34518218860717,4.68761625958274],[7.34518181718715,4.68761487732479],[7.34510068574809,4.68743006394635],[7.34506587119307,4.68713379398946],[7.3450131232571,4.68674271570382],[7.34476465766289,4.68623017498265],[7.34466040555333,4.68587160359169],[7.34451373781877,4.68560963917355],[7.34442310774028,4.68506080001595],[7.34436775626699,4.68467648103484],[7.3444026463651,4.68452639227922],[7.34440011297488,4.68433944121227],[7.34436378486083,4.68404615880326],[7.34434345658531,4.68386041462651],[7.34428189619263,4.68362732204332],[7.34405282987427,4.68341286701025],[7.34402969301595,4.68295312458707],[7.34401575172564,4.68259838610669],[7.34326308122627,4.68229789922873],[7.34237358517288,4.68187538963758],[7.34135709495399,4.68142025983718],[7.34098776497342,4.68134997781925],[7.34074404240368,4.68135115143451],[7.34001862585893,4.68169400267612],[7.33974764393867,4.68105188043995],[7.3400041377808,4.68003858461304],[7.34033772600532,4.67927857834377],[7.34081782907958,4.67850133117156],[7.34062474733429,4.67759436758604],[7.33969643294409,4.67657187978847],[7.34293122509604,4.66292127369786],[7.3423054471387,4.65766036023746],[7.34037213496612,4.65766036023746],[7.33858753918361,4.65780907662764],[7.33650551062084,4.65780907662764],[7.33305394588297,4.66402668168604],[7.32744630780093,4.67745151477561],[7.32599809803384,4.68061264615676],[7.3200974437421,4.6966726888935],[7.31903903432402,4.70269472558118],[7.32276856601658,4.7046326395847],[7.33039492758388,4.70913880960842],[7.33190484343385,4.71008966640505],[7.35190935403352,4.69383442761676],[7.35206628573053,4.69364732816172],[7.35530318139678,4.69361617834403]]]},"properties":{"FID":3611,"globalid":"454041bf-2b49-4a80-8426-61e29153d69b","uniq_id":496436,"timestamp":1552694400000,"editor":"oluseye.abraham","wardname":"Goward 6","wardcode":"RVSKPR06","lganame":"Gokana","lgacode":"33012","statename":"Rivers","statecode":"RI","amapcode":"NIE RVS KPR","status":"Operational Placeholder","source":"INEC","urban":"No","Shape__Area":0.00085608687088623014,"Shape__Length":0.14542474242465997}},{"type":"Feature","id":3612,"geometry":{"type":"Polygon","coordinates":[[[7.28801540498699,4.67291194932704],[7.28828112587331,4.67793881242631],[7.28748125535571,4.68062510986096],[7.28522630335129,4.68914523296615],[7.2837194290085,4.69554221859858],[7.29028832904322,4.70262695896702],[7.29103312957534,4.70307885030877],[7.29141408778997,4.70314132441263],[7.2975783243802,4.7033856846017],[7.31478453777623,4.7036613286075],[7.31631320898748,4.70365903533627],[7.31903903432402,4.70269472558118],[7.3200974437421,4.6966726888935],[7.32599809803384,4.68061264615676],[7.32253011707127,4.67916721259684],[7.3209491286994,4.67864569664164],[7.31918103457713,4.67859425182331],[7.31851186612977,4.67805259285291],[7.31566672503936,4.674144483681],[7.31467541763647,4.67298032388288],[7.31416397228952,4.67250082425369],[7.31289183179263,4.67153966032708],[7.31231190307193,4.67264418518107],[7.31194179068115,4.67351116760636],[7.31167865174842,4.67373380107409],[7.31192316841953,4.6742529104435],[7.31193818799704,4.67452942229505],[7.31174634461814,4.67488910614736],[7.31127518979821,4.67555594894793],[7.31029108866284,4.67672528344514],[7.30966093640313,4.67692225475832],[7.30948495886383,4.67698282499742],[7.30948608661367,4.67720785875571],[7.30924936886333,4.67741104078698],[7.30888018187494,4.67744630230504],[7.30841592125779,4.67774361367685],[7.30682080003993,4.67814993007528],[7.30496806892131,4.67862532609797],[7.30507438497494,4.67752495880984],[7.30527131941591,4.67577530438683],[7.3045313689276,4.67556758167859],[7.30360854130117,4.67519325866203],[7.30243773731178,4.67480068030721],[7.30183190272021,4.67422188743024],[7.30137109370105,4.67355926514801],[7.30077684687404,4.67286984666612],[7.30006346865423,4.67207072258583],[7.299876111993,4.67175668921988],[7.30007697827,4.67100565908396],[7.30128224428017,4.6692891302892],[7.30209854361294,4.66812667560566],[7.30356648000907,4.66619351901574],[7.302249314954,4.66613728260955],[7.30057122318345,4.66621537613872],[7.29911588179255,4.66627840692297],[7.29804152020006,4.66552068133444],[7.29270032336126,4.66921924667093],[7.29107435179992,4.67032938329447],[7.28801540498699,4.67291194932704]]]},"properties":{"FID":3612,"globalid":"48e451c0-076b-46bc-8e5b-691c7c767985","uniq_id":496437,"timestamp":1552694400000,"editor":"oluseye.abraham","wardname":"Goward 12","wardcode":"RVSKPR12","lganame":"Gokana","lgacode":"33012","statename":"Rivers","statecode":"RI","amapcode":"NIE RVS KPR","status":"Operational Placeholder","source":"INEC","urban":"No","Shape__Area":0.0010772642831433643,"Shape__Length":0.14869393691858968}},{"type":"Feature","id":3613,"geometry":{"type":"Polygon","coordinates":[[[7.24270543430839,4.61489354370212],[7.26214794057506,4.62343785677172],[7.26237507964623,4.62503977416628],[7.26496536635864,4.62648902085169],[7.26587699832487,4.62787814066371],[7.26694684711936,4.62775274279488],[7.2681047377435,4.62803272423088],[7.26886734215418,4.62684030413675],[7.27068691796694,4.62645086171796],[7.27075312785462,4.62617122472227],[7.27085422244448,4.62566918358601],[7.27062945758342,4.6249654577897],[7.27033610412798,4.6245252414468],[7.2702272825631,4.62425676593705],[7.2698398852026,4.62365039175222],[7.26977028127351,4.62324411402471],[7.26923946902633,4.62244405015286],[7.2688905626494,4.62205691629367],[7.26836626778908,4.62132521438718],[7.26715658340964,4.61976405336844],[7.26441053232026,4.61724309359397],[7.25764356469881,4.60953405735091],[7.24721094063244,4.60689029425174],[7.24270543430839,4.61489354370212]]]},"properties":{"FID":3613,"globalid":"57795bb4-bf93-49c4-a92e-87cc7367fa3b","uniq_id":496438,"timestamp":1552694400000,"editor":"oluseye.abraham","wardname":"Goward 15","wardcode":"RVSKPR15","lganame":"Gokana","lgacode":"33012","statename":"Rivers","statecode":"RI","amapcode":"NIE RVS KPR","status":"Operational Placeholder","source":"INEC","urban":"No","Shape__Area":0.00024668810909389549,"Shape__Length":0.074806721151193356}},{"type":"Feature","id":3614,"geometry":{"type":"Polygon","coordinates":[[[7.2914689958975,4.60289653364816],[7.29027088129618,4.60946419081978],[7.29047850058237,4.61324341455202],[7.290781033418,4.61875025482044],[7.29110582987022,4.62701329772557],[7.28718087189975,4.62687159694667],[7.28730506737503,4.62801301109164],[7.28762414144103,4.63051238174108],[7.28814731484675,4.63224939979],[7.28866833977213,4.63570791988462],[7.28854141215652,4.64098727124559],[7.28844987196408,4.64276132337642],[7.29924799939573,4.6446529222946],[7.30095012015198,4.64277774679562],[7.30286004455547,4.64076377442871],[7.30302004833663,4.63831259664909],[7.30304291359965,4.63753212810525],[7.30306976106067,4.63693098977342],[7.30324929002279,4.63618498055246],[7.30342243110039,4.63558514713685],[7.30365672337911,4.63492896310123],[7.30387220543798,4.63379696305947],[7.30397612839568,4.63331180939252],[7.30423612509713,4.63209945042934],[7.30442175326135,4.63104265979098],[7.30458879693549,4.62987633082804],[7.30472676193057,4.62906618555604],[7.30476388414598,4.62884819888529],[7.30521120783101,4.62589965914202],[7.3052595589815,4.62484294494601],[7.30528773923783,4.62339002542939],[7.30528294315337,4.62278592473069],[7.30542006008773,4.62178433987543],[7.30556101083204,4.62094570587965],[7.30581831766131,4.61927498315401],[7.30586336200463,4.61849424301494],[7.30332993133129,4.61700682640395],[7.30181726895182,4.61607950396598],[7.29792263342284,4.61016504598012],[7.29351331408822,4.60891134068589],[7.29315268235047,4.60836291881373],[7.29300686177731,4.60764223630019],[7.29390743837763,4.60595470344686],[7.29420284588468,4.60430555815503],[7.2914689958975,4.60289653364816]]]},"properties":{"FID":3614,"globalid":"78846923-1f6f-4bdd-ba80-f5bceb539f02","uniq_id":496439,"timestamp":1552694400000,"editor":"oluseye.abraham","wardname":"Goward 16","wardcode":"RVSKPR16","lganame":"Gokana","lgacode":"33012","statename":"Rivers","statecode":"RI","amapcode":"NIE RVS KPR","status":"Operational Placeholder","source":"INEC","urban":"No","Shape__Area":0.00048698619876574867,"Shape__Length":0.10745470013028074}},{"type":"Feature","id":3615,"geometry":{"type":"Polygon","coordinates":[[[7.24574068938136,4.65860217614954],[7.24660777343007,4.66240433709055],[7.24771381094365,4.66321146693571],[7.25016483943585,4.66421440437131],[7.25725482734845,4.6705360897688],[7.25853759603331,4.67217165979429],[7.26327234314419,4.67586259798054],[7.26502880813302,4.67373129916018],[7.26934891292206,4.6698900671729],[7.2700342143076,4.66934338908618],[7.27085904460927,4.66855317099208],[7.2715591731174,4.66797632514732],[7.27220773629801,4.66791940165911],[7.27262489132573,4.66740284006909],[7.27350614059594,4.66740539684162],[7.27431248982958,4.66716857566928],[7.27580010429142,4.66680954922134],[7.27770674976676,4.66668977930993],[7.27747552237753,4.66397829726066],[7.27737130803951,4.66380863296212],[7.27518456061904,4.66171679639308],[7.27424242724629,4.66090161132036],[7.27187633792272,4.65887898387803],[7.27077570083799,4.65803803862462],[7.26936435608025,4.65677592826654],[7.26809565638951,4.65554055295422],[7.26477899265643,4.65397642687066],[7.26313564529386,4.65266043992739],[7.2631145849702,4.65171020636097],[7.26137482488832,4.65099238009429],[7.25786706960963,4.64954501389133],[7.25404724688298,4.65025860794844],[7.25149704295421,4.64824132517708],[7.24669450224951,4.64808732257194],[7.24646826429898,4.64811181920516],[7.24528739959385,4.65240647318024],[7.24574068938136,4.65860217614954]]]},"properties":{"FID":3615,"globalid":"a31d81ed-9d58-4235-95a0-4d0b62495b66","uniq_id":496440,"timestamp":1552694400000,"editor":"oluseye.abraham","wardname":"Goward 1","wardcode":"RVSKPR01","lganame":"Gokana","lgacode":"33012","statename":"Rivers","statecode":"RI","amapcode":"NIE RVS KPR","status":"Operational Placeholder","source":"INEC","urban":"No","Shape__Area":0.00050092687673242153,"Shape__Length":0.094034838724740055}},{"type":"Feature","id":3616,"geometry":{"type":"Polygon","coordinates":[[[7.33650551062084,4.65780907662764],[7.33402000032282,4.6579050001157],[7.33052300003646,4.65566000000905],[7.32815999988412,4.65224400076005],[7.32510100001122,4.64860800035899],[7.32334184964668,4.64856386163297],[7.32178035138213,4.64867367155273],[7.3132426681147,4.6509547533592],[7.31141646699638,4.65173015961921],[7.30661083891914,4.65320403423885],[7.30329379567218,4.65493796761314],[7.30114678569566,4.65552805957236],[7.29888909075896,4.65562888526489],[7.29852846981311,4.65828258227538],[7.29945692090024,4.65914017937581],[7.30150335159846,4.66099475410465],[7.30288179106185,4.66224836317144],[7.30440188094212,4.663744181249],[7.30480769282082,4.66411504097641],[7.3052553807313,4.66464137909639],[7.30637779939599,4.66623209543491],[7.30627464535866,4.66741434329737],[7.30930032624912,4.66920545916463],[7.31289183179263,4.67153966032708],[7.31416397228952,4.67250082425369],[7.31467541763647,4.67298032388288],[7.31566672503936,4.674144483681],[7.31851186612977,4.67805259285291],[7.31918103457713,4.67859425182331],[7.3209491286994,4.67864569664164],[7.32253011707127,4.67916721259684],[7.32599809803384,4.68061264615676],[7.32744630780093,4.67745151477561],[7.33305394588297,4.66402668168604],[7.33650551062084,4.65780907662764]]]},"properties":{"FID":3616,"globalid":"a87146e4-65e7-4280-8b3d-d8e5d030e326","uniq_id":496441,"timestamp":1552694400000,"editor":"oluseye.abraham","wardname":"Goward 5","wardcode":"RVSKPR05","lganame":"Gokana","lgacode":"33012","statename":"Rivers","statecode":"RI","amapcode":"NIE RVS KPR","status":"Operational Placeholder","source":"INEC","urban":"No","Shape__Area":0.00067110185788621379,"Shape__Length":0.10767161581438493}},{"type":"Feature","id":3617,"geometry":{"type":"Polygon","coordinates":[[[7.35530318139678,4.69361617834403],[7.3586403928399,4.69076067706362],[7.36095738367635,4.68811758036207],[7.3580507397499,4.6830907028737],[7.35683463780833,4.68198003115356],[7.35557425414856,4.67969313882736],[7.35639087184131,4.67541536602636],[7.35564690318211,4.66941901397638],[7.35518935240674,4.66719265771502],[7.35733976092126,4.65782304219971],[7.34825410004674,4.65751164384733],[7.34632078787411,4.65780907662764],[7.34453619209165,4.65780907662764],[7.3423054471387,4.65766036023746],[7.34293122509604,4.66292127369786],[7.33969643294409,4.67657187978847],[7.34062474733429,4.67759436758604],[7.34081782907958,4.67850133117156],[7.34033772600532,4.67927857834377],[7.3400041377808,4.68003858461304],[7.33974764393867,4.68105188043995],[7.34001862585893,4.68169400267612],[7.34074404240368,4.68135115143451],[7.34098776497342,4.68134997781925],[7.34135709495399,4.68142025983718],[7.34237358517288,4.68187538963758],[7.34326308122627,4.68229789922873],[7.34401575172564,4.68259838610669],[7.34402969301595,4.68295312458707],[7.34405282987427,4.68341286701025],[7.34428189619263,4.68362732204332],[7.34434345658531,4.68386041462651],[7.34436378486083,4.68404615880326],[7.34440011297488,4.68433944121227],[7.3444026463651,4.68452639227922],[7.34436775626699,4.68467648103484],[7.34442310774028,4.68506080001595],[7.34451373781877,4.68560963917355],[7.34466040555333,4.68587160359169],[7.34476465766289,4.68623017498265],[7.3450131232571,4.68674271570382],[7.34506587119307,4.68713379398946],[7.34510068574809,4.68743006394635],[7.34518181718715,4.68761487732479],[7.34518218860717,4.68761625958274],[7.34528727258959,4.68816817981769],[7.34547420926737,4.68843916263728],[7.3453003550274,4.68878250131144],[7.3457170280185,4.68911111628506],[7.34762879603215,4.68985283843779],[7.34927368123545,4.69039647681598],[7.35530318139678,4.69361617834403]]]},"properties":{"FID":3617,"globalid":"ab0dc3a0-6ac7-4a68-a998-01e24ee9c007","uniq_id":496442,"timestamp":1552694400000,"editor":"oluseye.abraham","wardname":"Goward 7","wardcode":"RVSKPR07","lganame":"Gokana","lgacode":"33012","statename":"Rivers","statecode":"RI","amapcode":"NIE RVS KPR","status":"Operational Placeholder","source":"INEC","urban":"No","Shape__Area":0.00049290063414630936,"Shape__Length":0.10247691578184995}},{"type":"Feature","id":3618,"geometry":{"type":"Polygon","coordinates":[[[7.27162960891934,4.64808963023228],[7.27611605681062,4.65513298290091],[7.27792915660535,4.65721340617381],[7.27958968641497,4.6593577586537],[7.28177122136481,4.66665060484161],[7.28815080421629,4.65729640280676],[7.28920830082245,4.65576506600502],[7.28959560465347,4.65519017438709],[7.28863978899511,4.65443034168698],[7.28786230440187,4.653580143309],[7.28785940139034,4.65310098991881],[7.28777720425461,4.652005457386],[7.28514519079795,4.65102714338798],[7.28291822659492,4.65035196567072],[7.28573941514196,4.64523243372986],[7.28639907056072,4.64444183702119],[7.28747219558539,4.64356288461948],[7.28844987196408,4.64276132337642],[7.28854141215652,4.64098727124559],[7.28866833977213,4.63570791988462],[7.28814731484675,4.63224939979],[7.28762414144103,4.63051238174108],[7.28730506737503,4.62801301109164],[7.28718087189975,4.62687159694667],[7.29110582987022,4.62701329772557],[7.290781033418,4.61875025482044],[7.29047850058237,4.61324341455202],[7.29027088129618,4.60946419081978],[7.2914689958975,4.60289653364816],[7.28417254702549,4.60840293684612],[7.28473083805778,4.61647582260116],[7.28066548062748,4.62707585816435],[7.28154478736212,4.63286688869601],[7.28129841628891,4.63896896594508],[7.28014178921222,4.64119612080435],[7.27435121823419,4.64648411195225],[7.27162960891934,4.64808963023228]]]},"properties":{"FID":3618,"globalid":"ae220b53-e517-4d3b-b789-baa6c4853a1e","uniq_id":496443,"timestamp":1552694400000,"editor":"oluseye.abraham","wardname":"Goward 3","wardcode":"RVSKPR03","lganame":"Gokana","lgacode":"33012","statename":"Rivers","statecode":"RI","amapcode":"NIE RVS KPR","status":"Operational Placeholder","source":"INEC","urban":"No","Shape__Area":0.0004769042585657246,"Shape__Length":0.15219543510738012}},{"type":"Feature","id":3619,"geometry":{"type":"Polygon","coordinates":[[[7.29351331408822,4.60891134068589],[7.29792263342284,4.61016504598012],[7.30181726895182,4.61607950396598],[7.30332993133129,4.61700682640395],[7.30586336200463,4.61849424301494],[7.30581831766131,4.61927498315401],[7.30556101083204,4.62094570587965],[7.30542006008773,4.62178433987543],[7.30528294315337,4.62278592473069],[7.30528773923783,4.62339002542939],[7.3052595589815,4.62484294494601],[7.30521120783101,4.62589965914202],[7.30476388414598,4.62884819888529],[7.30472676193057,4.62906618555604],[7.30458879693549,4.62987633082804],[7.30442175326135,4.63104265979098],[7.30423612509713,4.63209945042934],[7.30397612839568,4.63331180939252],[7.30387220543798,4.63379696305947],[7.30365672337911,4.63492896310123],[7.30342243110039,4.63558514713685],[7.30324929002279,4.63618498055246],[7.30306976106067,4.63693098977342],[7.30304291359965,4.63753212810525],[7.30302004833663,4.63831259664909],[7.30286004455547,4.64076377442871],[7.30335808910456,4.64021444693924],[7.30395905206865,4.63970988410392],[7.30456790298638,4.64028556712526],[7.30514018387242,4.64079406989049],[7.30788241644041,4.64162932693193],[7.32178035138213,4.64867367155273],[7.32334184964668,4.64856386163297],[7.32510100001122,4.64860800035899],[7.32316899994942,4.64311099957303],[7.32052899961371,4.63693500074976],[7.32069299998199,4.63278399998165],[7.3187219999204,4.62498500005773],[7.31560199993243,4.61743400077859],[7.31229500031407,4.61265300063553],[7.31188200015424,4.61225200012973],[7.30394993923835,4.59797498205984],[7.29351331408822,4.60891134068589]]]},"properties":{"FID":3619,"globalid":"dff8ee55-9fdf-4203-a4c3-3a533469e5cf","uniq_id":496444,"timestamp":1552694400000,"editor":"oluseye.abraham","wardname":"Goward 17","wardcode":"RVSKPR17","lganame":"Gokana","lgacode":"33012","statename":"Rivers","statecode":"RI","amapcode":"NIE RVS KPR","status":"Operational Placeholder","source":"INEC","urban":"No","Shape__Area":0.000622920360378032,"Shape__Length":0.13457181752849329}},{"type":"Feature","id":3620,"geometry":{"type":"Polygon","coordinates":[[[7.29476349943599,4.65480493270155],[7.29852846981311,4.65828258227538],[7.29888909075896,4.65562888526489],[7.30114678569566,4.65552805957236],[7.30329379567218,4.65493796761314],[7.30661083891914,4.65320403423885],[7.31141646699638,4.65173015961921],[7.3132426681147,4.6509547533592],[7.32178035138213,4.64867367155273],[7.30788241644041,4.64162932693193],[7.30514018387242,4.64079406989049],[7.30456790298638,4.64028556712526],[7.30395905206865,4.63970988410392],[7.30335808910456,4.64021444693924],[7.30286004455547,4.64076377442871],[7.30095012015198,4.64277774679562],[7.29924799939573,4.6446529222946],[7.28844987196408,4.64276132337642],[7.28747219558539,4.64356288461948],[7.28639907056072,4.64444183702119],[7.28573941514196,4.64523243372986],[7.28291822659492,4.65035196567072],[7.28514519079795,4.65102714338798],[7.28777720425461,4.652005457386],[7.28785940139034,4.65310098991881],[7.28786230440187,4.653580143309],[7.28863978899511,4.65443034168698],[7.28959560465347,4.65519017438709],[7.28920830082245,4.65576506600502],[7.29339626462598,4.65587203406716],[7.29476349943599,4.65480493270155]]]},"properties":{"FID":3620,"globalid":"e61157b2-84e0-4bbe-b8b3-1f468d791604","uniq_id":496445,"timestamp":1552694400000,"editor":"oluseye.abraham","wardname":"Goward 4","wardcode":"RVSKPR04","lganame":"Gokana","lgacode":"33012","statename":"Rivers","statecode":"RI","amapcode":"NIE RVS KPR","status":"Operational Placeholder","source":"INEC","urban":"Yes","Shape__Area":0.00035108174041553752,"Shape__Length":0.0949580443063373}},{"type":"Feature","id":3621,"geometry":{"type":"Polygon","coordinates":[[[7.24646826429898,4.64811181920516],[7.24669450224951,4.64808732257194],[7.25149704295421,4.64824132517708],[7.25526148542923,4.64799708729578],[7.26241665980103,4.64752687316673],[7.27162960891934,4.64808963023228],[7.27435121823419,4.64648411195225],[7.28014178921222,4.64119612080435],[7.28129841628891,4.63896896594508],[7.28154478736212,4.63286688869601],[7.28066548062748,4.62707585816435],[7.27703440761189,4.62810143693184],[7.2741860037811,4.62708099868917],[7.27117344669728,4.62768934238926],[7.27068691796694,4.62645086171796],[7.26886734215418,4.62684030413675],[7.2681047377435,4.62803272423088],[7.26694684711936,4.62775274279488],[7.26587699832487,4.62787814066371],[7.26496536635864,4.62648902085169],[7.26237507964623,4.62503977416628],[7.26214794057506,4.62343785677172],[7.24270543430839,4.61489354370212],[7.23552850263832,4.62496508816832],[7.23524289774161,4.62666368987743],[7.24646826429898,4.64811181920516]]]},"properties":{"FID":3621,"globalid":"fbffe9e4-f277-4421-8cd1-1eec4333dae2","uniq_id":496446,"timestamp":1552694400000,"editor":"oluseye.abraham","wardname":"Goward 13","wardcode":"RVSKPR13","lganame":"Gokana","lgacode":"33012","statename":"Rivers","statecode":"RI","amapcode":"NIE RVS KPR","status":"Operational Placeholder","source":"INEC","urban":"No","Shape__Area":0.0010106814582862,"Shape__Length":0.13321115790109023}},{"type":"Feature","id":3622,"geometry":{"type":"Polygon","coordinates":[[[7.07527474323484,4.7474111697897],[7.07547282880807,4.74267601798391],[7.07866479794211,4.74209526368554],[7.08002930420906,4.74216014437519],[7.08051607395771,4.74233125478361],[7.08134565897501,4.74251169385963],[7.08234972595915,4.74268754999048],[7.08274293923529,4.7427580271613],[7.08395728659957,4.74294647200213],[7.08423245756194,4.74286075491995],[7.08410801567243,4.74254198932141],[7.08441551186644,4.74230647576331],[7.08491090521414,4.74195526622259],[7.08531059360905,4.74165418938935],[7.08569089711727,4.74197860183108],[7.08596687387217,4.74206174325491],[7.08626098725483,4.74204823094118],[7.08637948282694,4.74194879829844],[7.08650990161073,4.74166145591153],[7.08655899020528,4.74148570410199],[7.08647558977668,4.74142911066497],[7.08651219757991,4.74082807305717],[7.08699684672712,4.74041005378103],[7.08791487736977,4.73994488215067],[7.08837071583594,4.73965014194056],[7.08922821940683,4.73934131115266],[7.08811522833514,4.73572102820293],[7.0871602292612,4.73573063206305],[7.08720187416719,4.73651098189634],[7.08629402025286,4.73727792823382],[7.08571489102945,4.73776200631158],[7.0852199653292,4.73821133098818],[7.08488449842093,4.7384458750771],[7.08398671601418,4.73882454901377],[7.08384802616553,4.73853916355159],[7.08324955702147,4.73805345410369],[7.0826151113983,4.73760048537417],[7.08206258142303,4.73712548685177],[7.08181741813939,4.73678171200646],[7.08185290089074,4.73669590769003],[7.07998929696851,4.7366335585919],[7.0799621644224,4.73698515304244],[7.07507858490879,4.73538217534718],[7.0749714100026,4.73183168068755],[7.06152848615079,4.72824477697492],[7.05977781099722,4.7367843766977],[7.06130875659392,4.74016824137129],[7.06043265774099,4.74539068902914],[7.06049107590246,4.74542131274342],[7.07437661998506,4.74735259334756],[7.07527474323484,4.7474111697897]]]},"properties":{"FID":3622,"globalid":"1231aaa8-7c49-40cb-bd45-e6bd0fbf6859","uniq_id":496447,"timestamp":1552694400000,"editor":"oluseye.abraham","wardname":"Okward 4","wardcode":"RVSKRK04","lganame":"Okrika","lgacode":"33018","statename":"Rivers","statecode":"RI","amapcode":"NIE RVS KRK","status":"Operational Placeholder","source":"INEC","urban":"No","Shape__Area":0.00030889324511562677,"Shape__Length":0.091214605916326227}},{"type":"Feature","id":3623,"geometry":{"type":"Polygon","coordinates":[[[7.05559889077625,4.76328787223758],[7.05581102825641,4.7660815343354],[7.05826434912046,4.76872502314137],[7.06334615000486,4.77034657093753],[7.06821885311763,4.77200519598307],[7.06912159618474,4.77472933599012],[7.06953269517777,4.77663677376813],[7.06811012867956,4.77993811035554],[7.0661535015829,4.78140108519199],[7.06138475560203,4.78595422230956],[7.06247889688365,4.79114467568627],[7.06948388897035,4.79505357086566],[7.06889790061769,4.80239633842035],[7.060908110421,4.80726014184211],[7.06202365376868,4.80874499358663],[7.06232163603471,4.80913122902302],[7.0625471958964,4.80925801994169],[7.06375863125589,4.80941181930007],[7.06646367325999,4.80968815128722],[7.06783267523781,4.80934968693856],[7.06801708931727,4.80941575203536],[7.06865802264969,4.81021747425706],[7.06950179087499,4.81129210294824],[7.07360826171197,4.81661938907359],[7.07814310302183,4.81476325312167],[7.07719549457647,4.81274621226794],[7.0753670100795,4.8068613006086],[7.08920649988011,4.7945609348393],[7.09207765476003,4.79253225316103],[7.09585880034342,4.78447513162206],[7.09470699543152,4.78245668782591],[7.09003578812116,4.77184523626869],[7.08933580080662,4.77226428077199],[7.0882160621216,4.77255902188142],[7.08737662143398,4.77265774495902],[7.08514160829861,4.77260970497395],[7.08376175330233,4.77215788737664],[7.08046177828851,4.77107734834101],[7.07814733703003,4.76870969419707],[7.07729623663204,4.76690061167392],[7.07722488891756,4.7645529728415],[7.07783341607933,4.76346926909156],[7.07789104013943,4.76108015982157],[7.07820323169386,4.76061238375456],[7.07598070834308,4.75950283079106],[7.07542691661894,4.75970491385073],[7.07511267101302,4.75985669962705],[7.0746024226637,4.76057208693231],[7.07156782319652,4.75643742234922],[7.07040668781843,4.75480250073485],[7.06796080344839,4.75195535775362],[7.06487704523948,4.74890016381158],[7.06049107590246,4.74542131274342],[7.06043265774099,4.74539068902914],[7.05765109961862,4.74754532255866],[7.05488139276213,4.75316087017808],[7.05396987141251,4.75702171817778],[7.05559889077625,4.76328787223758]]]},"properties":{"FID":3623,"globalid":"537c0169-299d-4ad2-a0ce-743462eef87d","uniq_id":496449,"timestamp":1552694400000,"editor":"oluseye.abraham","wardname":"Okward 8","wardcode":"RVSKRK08","lganame":"Okrika","lgacode":"33018","statename":"Rivers","statecode":"RI","amapcode":"NIE RVS KRK","status":"Operational Placeholder","source":"INEC","urban":"No","Shape__Area":0.0012985621052443719,"Shape__Length":0.20704590187844243}},{"type":"Feature","id":3624,"geometry":{"type":"Polygon","coordinates":[[[7.02293700064212,4.72766945727966],[7.02435187523889,4.7347286991702],[7.02751345718036,4.73608158709561],[7.02513529985424,4.73973240112946],[7.02172635578671,4.74158487863929],[7.02172163524534,4.74236440289491],[7.02329443978664,4.74407312467503],[7.02991800421256,4.7468061832588],[7.02761765533057,4.75060133578307],[7.02773397274467,4.75609864593582],[7.03074163302,4.75539380408082],[7.03326285989311,4.75475829186172],[7.03561406183951,4.7537618394374],[7.03612789308784,4.75253394558518],[7.03772049620397,4.75205886162723],[7.03853890804425,4.7513627018273],[7.0390504280349,4.75073678177711],[7.03894409039748,4.7501133690368],[7.03867401499383,4.74893139366895],[7.03992643155959,4.74873596739104],[7.04153050013252,4.74889947313221],[7.04277515734771,4.74889719964608],[7.04301038492139,4.74877176940169],[7.04310823385794,4.74726228162905],[7.0447484389893,4.7480005036204],[7.04352686377382,4.75044181044126],[7.04589951185307,4.7514625193798],[7.05488139276213,4.75316087017808],[7.05765109961862,4.74754532255866],[7.06043265774099,4.74539068902914],[7.06130875659392,4.74016824137129],[7.05977781099722,4.7367843766977],[7.06152848615079,4.72824477697492],[7.08178762719729,4.72191441132105],[7.08189326066548,4.71886433362215],[7.08136870230379,4.71398855572733],[7.07870821990849,4.70266624405195],[7.08353811529184,4.68414632978931],[7.06005234973622,4.70147516484701],[7.05597261664298,4.70509244136315],[7.04394315635165,4.70402629417816],[7.04095625063053,4.7053456328947],[7.04047042966664,4.70580676117316],[7.04005260284538,4.70591856938654],[7.03744206340053,4.71062463801667],[7.02646912215232,4.71294319996878],[7.01825029261698,4.72462689701371],[7.02293700064212,4.72766945727966]]]},"properties":{"FID":3624,"globalid":"90c18a54-a21e-43d5-9094-e4f1a25c418e","uniq_id":496451,"timestamp":1552694400000,"editor":"oluseye.abraham","wardname":"Okward 10","wardcode":"RVSKRK10","lganame":"Okrika","lgacode":"33018","statename":"Rivers","statecode":"RI","amapcode":"NIE RVS KRK","status":"Operational Placeholder","source":"INEC","urban":"No","Shape__Area":0.0022604477959760061,"Shape__Length":0.25120938886293209}},{"type":"Feature","id":3625,"geometry":{"type":"Polygon","coordinates":[[[6.98516796313106,4.70376182964475],[6.9866654413571,4.71723987022386],[6.98664122081573,4.71751453666656],[6.98563117513868,4.72893828467414],[6.98478317470381,4.7366315018424],[6.98306817025991,4.74562786093708],[6.98316814159648,4.74877238094069],[6.98825570803456,4.76110956855177],[6.98886889997982,4.76077091804348],[6.99797578395533,4.75465314942335],[7.00259737297046,4.74340684664872],[7.00660310894636,4.73576748088459],[7.01019075819698,4.73502798185592],[7.01220642668528,4.73858920992416],[7.01153509896568,4.74740945478254],[7.01279920761738,4.74989532570874],[7.02500403840571,4.75580431761523],[7.02773397274467,4.75609864593582],[7.02761765533057,4.75060133578307],[7.02991800421256,4.7468061832588],[7.02329443978664,4.74407312467503],[7.02172163524534,4.74236440289491],[7.02172635578671,4.74158487863929],[7.02513529985424,4.73973240112946],[7.02751345718036,4.73608158709561],[7.02435187523889,4.7347286991702],[7.02293700064212,4.72766945727966],[7.01825029261698,4.72462689701371],[7.02646912215232,4.71294319996878],[7.03744206340053,4.71062463801667],[7.04005260284538,4.70591856938654],[7.04047042966664,4.70580676117316],[7.04095625063053,4.7053456328947],[7.04394315635165,4.70402629417816],[7.05597261664298,4.70509244136315],[7.06005234973622,4.70147516484701],[7.08353811529184,4.68414632978931],[7.0921247621481,4.67623797859989],[7.09579313814288,4.66842244284152],[7.10480232156993,4.66649196263404],[7.12915640504411,4.65648959761688],[7.06573837002981,4.62908775579535],[7.05173485467986,4.62254683996474],[6.99825833925098,4.60665204855326],[6.98382424199519,4.61708100968087],[6.98455810137534,4.63691144930397],[6.9733731323642,4.66719108929738],[6.96415270178579,4.6854029273033],[6.97256337919663,4.70566417456206],[6.98516796313106,4.70376182964475]]]},"properties":{"FID":3625,"globalid":"9e8c2d78-a9b1-48b5-9507-2a00d543bcac","uniq_id":496452,"timestamp":1552694400000,"editor":"oluseye.abraham","wardname":"Okward 7","wardcode":"RVSKRK07","lganame":"Okrika","lgacode":"33018","statename":"Rivers","statecode":"RI","amapcode":"NIE RVS KRK","status":"Operational Placeholder","source":"INEC","urban":"No","Shape__Area":0.011795089473579878,"Shape__Length":0.57468507013777936}},{"type":"Feature","id":3626,"geometry":{"type":"Polygon","coordinates":[[[7.08395728659957,4.74294647200213],[7.08274293923529,4.7427580271613],[7.08234972595915,4.74268754999048],[7.08134565897501,4.74251169385963],[7.08051607395771,4.74233125478361],[7.08002930420906,4.74216014437519],[7.07866479794211,4.74209526368554],[7.07547282880807,4.74267601798391],[7.07527474323484,4.7474111697897],[7.07670901980549,4.74788699838632],[7.07678772397435,4.74786869538406],[7.07723947682047,4.74826187178797],[7.08279789500688,4.75127570231189],[7.08442788743713,4.75100718003739],[7.08426485294063,4.74951095366765],[7.08593587334195,4.74931658229451],[7.08686934084744,4.74947321181929],[7.0860457318251,4.74809945422646],[7.08567831470253,4.74742294641192],[7.08524923286586,4.74674653572407],[7.08549947821837,4.7467342977497],[7.08534235136847,4.74602279371703],[7.08530209231776,4.74534197994848],[7.08570531864558,4.74529330324339],[7.08550961627583,4.74491165884604],[7.08583969084913,4.74481110834603],[7.08623316492867,4.74454193226438],[7.08662138426951,4.74421815384477],[7.08674648266407,4.74428246256565],[7.08713240873374,4.74371917490004],[7.08733354121,4.74344519104278],[7.08770864573745,4.74297790870355],[7.08788026426282,4.74248174463685],[7.08743197830319,4.7421620212603],[7.08726181488089,4.7421327923945],[7.087137059128,4.74185421659888],[7.08686316070634,4.74154881132864],[7.08668879834943,4.74147934319717],[7.08655899020528,4.74148570410199],[7.08650990161073,4.74166145591153],[7.08637948282694,4.74194879829844],[7.08626098725483,4.74204823094118],[7.08596687387217,4.74206174325491],[7.08569089711727,4.74197860183108],[7.08531059360905,4.74165418938935],[7.08491090521414,4.74195526622259],[7.08441551186644,4.74230647576331],[7.08410801567243,4.74254198932141],[7.08423245756194,4.74286075491995],[7.08395728659957,4.74294647200213]]]},"properties":{"FID":3626,"globalid":"a4a35405-08ad-4d29-aa58-07580b86a9f8","uniq_id":496453,"timestamp":1552694400000,"editor":"oluseye.abraham","wardname":"Okward 3","wardcode":"RVSKRK03","lganame":"Okrika","lgacode":"33018","statename":"Rivers","statecode":"RI","amapcode":"NIE RVS KRK","status":"Operational Placeholder","source":"INEC","urban":"Yes","Shape__Area":7.8881120845863961E-05,"Shape__Length":0.042562731568507359}},{"type":"Feature","id":3627,"geometry":{"type":"Polygon","coordinates":[[[7.06049107590246,4.74542131274342],[7.06487704523948,4.74890016381158],[7.06796080344839,4.75195535775362],[7.07040668781843,4.75480250073485],[7.07156782319652,4.75643742234922],[7.0746024226637,4.76057208693231],[7.07511267101302,4.75985669962705],[7.07542691661894,4.75970491385073],[7.07598070834308,4.75950283079106],[7.07820323169386,4.76061238375456],[7.07995727480841,4.75758791065363],[7.08075636471449,4.75613390115865],[7.08376151408265,4.75520330608776],[7.08484093975761,4.75519338566625],[7.08442788743713,4.75100718003739],[7.08279789500688,4.75127570231189],[7.07723947682047,4.74826187178797],[7.07678772397435,4.74786869538406],[7.07670901980549,4.74788699838632],[7.07527474323484,4.7474111697897],[7.07437661998506,4.74735259334756],[7.06049107590246,4.74542131274342]]]},"properties":{"FID":3627,"globalid":"c3033509-a7ea-4358-82c8-d2c7230e0ab7","uniq_id":496454,"timestamp":1552694400000,"editor":"oluseye.abraham","wardname":"Okward 9","wardcode":"RVSKRK09","lganame":"Okrika","lgacode":"33018","statename":"Rivers","statecode":"RI","amapcode":"NIE RVS KRK","status":"Operational Placeholder","source":"INEC","urban":"No","Shape__Area":0.00016459022506509768,"Shape__Length":0.063800226929496787}},{"type":"Feature","id":3628,"geometry":{"type":"Polygon","coordinates":[[[7.08770864573745,4.74297790870355],[7.08733354121,4.74344519104278],[7.08713240873374,4.74371917490004],[7.08674648266407,4.74428246256565],[7.08662138426951,4.74421815384477],[7.08623316492867,4.74454193226438],[7.08583969084913,4.74481110834603],[7.08550961627583,4.74491165884604],[7.08570531864558,4.74529330324339],[7.08530209231776,4.74534197994848],[7.08534235136847,4.74602279371703],[7.08549947821837,4.7467342977497],[7.08524923286586,4.74674653572407],[7.08567831470253,4.74742294641192],[7.0860457318251,4.74809945422646],[7.08686934084744,4.74947321181929],[7.08726729265146,4.74914322987621],[7.08779451570439,4.74865571818691],[7.08920936062356,4.74797286295728],[7.08930161397836,4.74685283738859],[7.08982916978039,4.7464713647617],[7.09039626157823,4.74604613831866],[7.09228498986045,4.74456409965353],[7.09221507026933,4.74362561483031],[7.0897607592517,4.7431575132087],[7.08910054715255,4.74308452063417],[7.08871966178299,4.74303869298137],[7.0885723339461,4.74303577018469],[7.08832499969901,4.74302555388624],[7.08794746430408,4.74298589738129],[7.08770864573745,4.74297790870355]]]},"properties":{"FID":3628,"globalid":"e3220a55-f8e8-471c-8041-9480b8d6101f","uniq_id":496455,"timestamp":1552694400000,"editor":"oluseye.abraham","wardname":"Okward 1","wardcode":"RVSKRK01","lganame":"Okrika","lgacode":"33018","statename":"Rivers","statecode":"RI","amapcode":"NIE RVS KRK","status":"Operational Placeholder","source":"INEC","urban":"Yes","Shape__Area":2.5427119613397053E-05,"Shape__Length":0.02195017320473084}},{"type":"Feature","id":3629,"geometry":{"type":"Polygon","coordinates":[[[7.09159448319889,4.73274389271654],[7.09293319241294,4.73186989467996],[7.08570270701438,4.72316661474753],[7.08178762719729,4.72191441132105],[7.06152848615079,4.72824477697492],[7.0749714100026,4.73183168068755],[7.07507858490879,4.73538217534718],[7.0799621644224,4.73698515304244],[7.07998929696851,4.7366335585919],[7.08185290089074,4.73669590769003],[7.08181741813939,4.73678171200646],[7.08206258142303,4.73712548685177],[7.0826151113983,4.73760048537417],[7.08324955702147,4.73805345410369],[7.08384802616553,4.73853916355159],[7.08398671601418,4.73882454901377],[7.08488449842093,4.7384458750771],[7.0852199653292,4.73821133098818],[7.08571489102945,4.73776200631158],[7.08629402025286,4.73727792823382],[7.08720187416719,4.73651098189634],[7.0871602292612,4.73573063206305],[7.08811522833514,4.73572102820293],[7.09159448319889,4.73274389271654]]]},"properties":{"FID":3629,"globalid":"e4a6d457-6e19-4c5f-8561-b936fa419a21","uniq_id":496456,"timestamp":1552694400000,"editor":"oluseye.abraham","wardname":"Okward 11","wardcode":"RVSKRK11","lganame":"Okrika","lgacode":"33018","statename":"Rivers","statecode":"RI","amapcode":"NIE RVS KRK","status":"Operational Placeholder","source":"INEC","urban":"No","Shape__Area":0.00025534570352903074,"Shape__Length":0.076494221323123487}},{"type":"Feature","id":3630,"geometry":{"type":"Polygon","coordinates":[[[6.87777670343218,4.80173592487307],[6.88976795332843,4.80728187755665],[6.89164793300574,4.8104533628325],[6.89630750398817,4.81420614020124],[6.89870322327516,4.81580130818389],[6.90241508598746,4.81764648140006],[6.90548724294194,4.8191757704455],[6.90893338656656,4.82065838467673],[6.91053488038045,4.82156139664119],[6.9116000284186,4.82250189594578],[6.91202140396467,4.82360763758248],[6.91247156770874,4.82482769474234],[6.91403116390711,4.82729872415683],[6.91415872284682,4.82847822009381],[6.9138586379658,4.82944343996286],[6.91098022375837,4.83007020897304],[6.90841460994636,4.83092991498364],[6.90758678760022,4.83221018265385],[6.90774173089619,4.8338771390188],[6.90835327438413,4.83762712309328],[6.9131212343575,4.84811285122714],[6.92070633323073,4.84775763970333],[6.92409801661023,4.84299933395215],[6.92478696834394,4.83979637690135],[6.92362639774012,4.83485739015646],[6.92023633134164,4.82977359637442],[6.92154509313161,4.82487701805996],[6.93154128610155,4.8201442539542],[6.92884173355918,4.81125491328368],[6.92397904979339,4.80959188156015],[6.9203288679829,4.80742116005854],[6.91885674434332,4.8039761612709],[6.92130351814291,4.79953602396836],[6.92644362927012,4.78935523435661],[6.92873930257679,4.78380598026183],[6.92906327435065,4.78169849998585],[6.9046577145819,4.75177244194469],[6.9026803877897,4.75330701540651],[6.88636186460843,4.76634523084778],[6.88110091517513,4.77107011239582],[6.8767165277456,4.7757847974305],[6.87590588514854,4.777633610203],[6.87777670343218,4.80173592487307]]]},"properties":{"FID":3630,"globalid":"c8c01e0f-f687-4fe7-916c-b1098d22098d","uniq_id":496457,"timestamp":1552694400000,"editor":"oluseye.abraham","wardname":"Emward 6","wardcode":"RVSMHA06","lganame":"Emuoha","lgacode":"33010","statename":"Rivers","statecode":"RI","amapcode":"NIE RVS MHA","status":"Operational Placeholder","source":"INEC","urban":"No","Shape__Area":0.0028089207797883375,"Shape__Length":0.26488888622255108}},{"type":"Feature","id":3631,"geometry":{"type":"Polygon","coordinates":[[[6.98973793196006,4.7886343144221],[6.98901848331639,4.78771401029337],[6.98862201899101,4.78734889543523],[6.98844466638832,4.78717761775289],[6.98681840434591,4.78615864000926],[6.98535085196028,4.78570322782173],[6.98355515404717,4.78618921965682],[6.98280677601196,4.78761468556934],[6.98314079411239,4.78854763416604],[6.98290559981365,4.79029761504296],[6.98309677409691,4.79078550444751],[6.98322450210912,4.79092112221207],[6.9832188309843,4.79133345327631],[6.98323655482318,4.79143355681322],[6.98320756697569,4.7915303328586],[6.98321032339777,4.79152860526096],[6.98307764281901,4.79170019860533],[6.98305175133731,4.79181055441359],[6.98283558489436,4.79225907599562],[6.98286585967173,4.7929598879885],[6.9836519121061,4.79328565390983],[6.98452507017589,4.79384499175302],[6.98585017804334,4.79487754026633],[6.98714863180396,4.79614041235021],[6.9907589349769,4.79335285035381],[6.98765373333316,4.79151113323223],[6.98866275917902,4.78987112864974],[6.98973793196006,4.7886343144221]]]},"properties":{"FID":3631,"globalid":"04fa7e45-31b9-4c3f-933e-b11f9866c2eb","uniq_id":496458,"timestamp":1552694400000,"editor":"oluseye.abraham","wardname":"Phward 10","wardcode":"RVSPHC10","lganame":"Port-Harcourt","lgacode":"33022","statename":"Rivers","statecode":"RI","amapcode":"NIE RVS PHC","status":"Operational Placeholder","source":"INEC","urban":"Yes","Shape__Area":5.0810778578380678E-05,"Shape__Length":0.031609476367118319}},{"type":"Feature","id":3632,"geometry":{"type":"Polygon","coordinates":[[[6.9881123731875,4.76143122996734],[6.98503785191537,4.76482402311024],[6.99053402982167,4.77647207822389],[6.99594763197769,4.77915261190356],[7.00046325207745,4.78551876068229],[7.00086139543708,4.78554635997659],[7.00240937059601,4.78539990718002],[7.00204793126704,4.78612183615388],[7.00021723084058,4.78820190599322],[7.00113548991101,4.78900929933974],[7.00154606729723,4.78852374457517],[7.00164117420087,4.78825441201155],[7.0018091882435,4.78795982108892],[7.00281082256146,4.78716496159376],[7.00361362936553,4.78572261360779],[7.0043545691081,4.78417346573292],[7.005128179422,4.78260679906458],[7.00544512029609,4.78264808963769],[7.00578195417387,4.78254925234614],[7.00660115921619,4.7807654974298],[7.00715626484981,4.77962688737102],[7.00772847379011,4.77885641299309],[7.00944594417501,4.77713630579592],[7.01059904141266,4.77621309236036],[7.01024331997331,4.77578773731426],[7.00980629982092,4.77548162517689],[7.0091002969412,4.77485472396637],[7.00884908211947,4.77474427822591],[7.00834086713735,4.77469668880121],[7.00797472795136,4.77420616078575],[7.00518676126006,4.77312342560566],[7.00171990804739,4.77125164864469],[7.00007257039283,4.77077225243755],[6.99811389014394,4.7697476979979],[6.9881123731875,4.76143122996734]]]},"properties":{"FID":3632,"globalid":"0feaad39-4971-4ca0-baca-25ef7e2ef882","uniq_id":496459,"timestamp":1552694400000,"editor":"oluseye.abraham","wardname":"Phward 7","wardcode":"RVSPHC07","lganame":"Port-Harcourt","lgacode":"33022","statename":"Rivers","statecode":"RI","amapcode":"NIE RVS PHC","status":"Operational Placeholder","source":"INEC","urban":"No","Shape__Area":0.00025834446734052108,"Shape__Length":0.0817750902529348}},{"type":"Feature","id":3633,"geometry":{"type":"Polygon","coordinates":[[[6.97446218887899,4.78978902144621],[6.97178916363902,4.79368031959115],[6.97123395278476,4.79511345222409],[6.97339712627638,4.79490744632164],[6.9752061422497,4.79639605183638],[6.97556359938068,4.79713997642881],[6.97599714814993,4.79749697310689],[6.97599957542013,4.79789641508751],[6.9759776940154,4.79867408044453],[6.97601662476745,4.79997584371029],[6.97599096980747,4.80226609320567],[6.97614319535222,4.80486055097367],[6.9763103667301,4.80712189985582],[6.97744854871161,4.80832595627788],[6.97870749165747,4.80949771264937],[6.98077886775059,4.81148870643869],[6.98236832863552,4.81309092690481],[6.98293547709062,4.81358153585921],[6.98376494789409,4.81383893531864],[6.98392229867517,4.81377923022734],[6.98397488922978,4.81357946831787],[6.98448702255808,4.8116340998339],[6.98478084815764,4.80996584304927],[6.98507327980809,4.80931611524659],[6.98541289618828,4.80884328409036],[6.98839809589543,4.80598028786005],[6.98918917464073,4.80504108357917],[6.98949692534291,4.80463172657295],[6.98970547722604,4.80412001592606],[6.99047686711378,4.8018895020989],[6.9910592437891,4.8004462269119],[6.99119168514818,4.8002228488055],[6.99198861937936,4.79877076296037],[6.99183455292234,4.79869443030378],[6.99003501040744,4.79788294594124],[6.98718785663431,4.79614744055198],[6.98714863180396,4.79614041235021],[6.98585017804334,4.79487754026633],[6.98452507017589,4.79384499175302],[6.9836519121061,4.79328565390983],[6.98286585967173,4.7929598879885],[6.98283558489436,4.79225907599562],[6.98305175133731,4.79181055441359],[6.98307764281901,4.79170019860533],[6.98321032339777,4.79152860526096],[6.98320756697569,4.7915303328586],[6.98323655482318,4.79143355681322],[6.9832188309843,4.79133345327631],[6.98322450210912,4.79092112221207],[6.98309677409691,4.79078550444751],[6.98290559981365,4.79029761504296],[6.98314079411239,4.78854763416604],[6.98280677601196,4.78761468556934],[6.98355515404717,4.78618921965682],[6.98535085196028,4.78570322782173],[6.98681840434591,4.78615864000926],[6.99053402982167,4.77647207822389],[6.98503785191537,4.76482402311024],[6.97979437181283,4.7651216222651],[6.96589251762566,4.76452648600855],[6.96468182870348,4.76444247763828],[6.96502014826126,4.76874147533886],[6.96375158706616,4.77131671999069],[6.96035366688824,4.77425444178908],[6.95788024527712,4.7745094697363],[6.96043018210725,4.77719508908217],[6.96180195759433,4.7783521118605],[6.96820765495937,4.78020209015438],[6.97297901257144,4.78383841790873],[6.97424911880182,4.78933849167811],[6.97446218887899,4.78978902144621]]]},"properties":{"FID":3633,"globalid":"62cdfd2f-6d09-48fe-aff7-8032dcce0d68","uniq_id":496465,"timestamp":1552694400000,"editor":"oluseye.abraham","wardname":"Phward 15","wardcode":"RVSPHC15","lganame":"Port-Harcourt","lgacode":"33022","statename":"Rivers","statecode":"RI","amapcode":"NIE RVS PHC","status":"Operational Placeholder","source":"INEC","urban":"No","Shape__Area":0.00077827807969299556,"Shape__Length":0.15318331519027026}},{"type":"Feature","id":3634,"geometry":{"type":"Polygon","coordinates":[[[7.05581102825641,4.7660815343354],[7.05559889077625,4.76328787223758],[7.05396987141251,4.75702171817778],[7.05488139276213,4.75316087017808],[7.04589951185307,4.7514625193798],[7.04352686377382,4.75044181044126],[7.0447484389893,4.7480005036204],[7.04310823385794,4.74726228162905],[7.04301038492139,4.74877176940169],[7.04277515734771,4.74889719964608],[7.04153050013252,4.74889947313221],[7.03992643155959,4.74873596739104],[7.03867401499383,4.74893139366895],[7.03894409039748,4.7501133690368],[7.0390504280349,4.75073678177711],[7.03853890804425,4.7513627018273],[7.03772049620397,4.75205886162723],[7.03612789308784,4.75253394558518],[7.03561406183951,4.7537618394374],[7.03326285989311,4.75475829186172],[7.03074163302,4.75539380408082],[7.03153273784562,4.7555900802181],[7.03182721815165,4.75559220981268],[7.03196016403041,4.75599314466797],[7.03209297141353,4.75633030769757],[7.03185092607941,4.75649310926963],[7.03203066098627,4.75648552618611],[7.03224190004369,4.7566806502918],[7.03269115277453,4.7571926846947],[7.03313451314733,4.75770575871383],[7.03250018533532,4.75826220433731],[7.03157866981979,4.75910449317786],[7.03375646179131,4.75923085871722],[7.03371593024605,4.7600747852232],[7.03370587222827,4.7610293328375],[7.03315093656653,4.76101226190639],[7.03272739815094,4.7609890989678],[7.03271467004606,4.76137516802964],[7.03269689944239,4.76146031404232],[7.0317288817825,4.7614114763586],[7.0317051882439,4.76225450084456],[7.03266345635348,4.76236481078746],[7.03268199497813,4.7621642628705],[7.03340304081775,4.76220739255717],[7.03332527014516,4.76278501721481],[7.0336320711632,4.76290436444492],[7.03405504480452,4.76309030467388],[7.03405804404355,4.76331857239427],[7.03414785034306,4.76355966264833],[7.03436564006228,4.76374491399662],[7.03449312705624,4.76404187283418],[7.03443467292186,4.76433439891343],[7.03412372962646,4.76496963414132],[7.03420303004583,4.76568865021108],[7.03457743490077,4.76673407431815],[7.03435420788043,4.767588528288],[7.03517124465725,4.76946708433854],[7.04619292286515,4.76895149131832],[7.05294081766465,4.76696856894432],[7.05581102825641,4.7660815343354]]]},"properties":{"FID":3634,"globalid":"7b100bef-ca74-42cc-84bd-4f96be4c3f73","uniq_id":496466,"timestamp":1552694400000,"editor":"oluseye.abraham","wardname":"Phward 5","wardcode":"RVSPHC05","lganame":"Port-Harcourt","lgacode":"33022","statename":"Rivers","statecode":"RI","amapcode":"NIE RVS PHC","status":"Operational Placeholder","source":"INEC","urban":"No","Shape__Area":0.00036773134510070804,"Shape__Length":0.091824324109818445}},{"type":"Feature","id":3635,"geometry":{"type":"Polygon","coordinates":[[[6.9911913757814,4.79042590693012],[6.99281450098846,4.78934385433547],[6.99342612001948,4.7901664264395],[6.99546076780024,4.79293311786915],[6.99582023761394,4.79327381073784],[6.99830886676085,4.7915343015668],[6.99768463114088,4.79060631363052],[6.99691024741003,4.78955918440886],[6.99647877067878,4.78905049188671],[6.99677749308688,4.78875385320782],[6.99807000142948,4.78741310882793],[6.99922473992984,4.78613537095066],[6.99983333633946,4.78548259174823],[7.00046325207745,4.78551876068229],[6.99594763197769,4.77915261190356],[6.99053402982167,4.77647207822389],[6.98681840434591,4.78615864000926],[6.98844466638832,4.78717761775289],[6.98862201899101,4.78734889543523],[6.98901848331639,4.78771401029337],[6.98973793196006,4.7886343144221],[6.9911913757814,4.79042590693012]]]},"properties":{"FID":3635,"globalid":"e986c4fc-4b16-43c9-8c1a-090a05d4b432","uniq_id":496470,"timestamp":1552694400000,"editor":"oluseye.abraham","wardname":"Phward 8","wardcode":"RVSPHC08","lganame":"Port-Harcourt","lgacode":"33022","statename":"Rivers","statecode":"RI","amapcode":"NIE RVS PHC","status":"Operational Placeholder","source":"INEC","urban":"Yes","Shape__Area":0.00012154597728297745,"Shape__Length":0.048958878066233613}},{"type":"Feature","id":3636,"geometry":{"type":"Polygon","coordinates":[[[7.02103890682014,4.77580147895515],[7.0209014832169,4.77438010225995],[7.02083489561397,4.77369348426691],[7.02075375698035,4.7725650707215],[7.02080451201869,4.77192220834331],[7.02100192669758,4.77130508726003],[7.02132296038639,4.77068234721258],[7.0215132920049,4.77038891012018],[7.02176093292076,4.77014742596299],[7.02231862500457,4.76954338282093],[7.02223469487529,4.76929300526803],[7.02206514928724,4.76887164411113],[7.02200409701152,4.76827025576773],[7.02200552693358,4.76826174008727],[7.02211767239271,4.767593892744],[7.02221931107238,4.76693317162864],[7.02227054904665,4.76677106523255],[7.02247190815211,4.76651373861819],[7.02259377708117,4.76596832767621],[7.02260461211318,4.76531937059252],[7.02259367275985,4.76483247224087],[7.02264968793281,4.763785998625],[7.02271523412082,4.76272610172828],[7.02276041426177,4.76178721041146],[7.02278937602892,4.76122090641974],[7.02281470723301,4.76085079762623],[7.02287018461141,4.76013015468294],[7.02289447260188,4.75958441189113],[7.02289476038493,4.75958528783082],[7.02293254360205,4.75863489778237],[7.02276219222142,4.75862707907646],[7.02273613256654,4.75839088113429],[7.0226599150231,4.75818200909248],[7.02239860711006,4.75788052036978],[7.02239297375678,4.75769243705639],[7.02252428107079,4.75752619737614],[7.02271761102895,4.75749921771478],[7.02355005319242,4.75766325765329],[7.02429872260802,4.75786190170544],[7.02506966013675,4.75798992019872],[7.02524861623073,4.75794609263812],[7.02540325915311,4.75794045298954],[7.02552989179111,4.75789488703947],[7.02564245093839,4.75781928463232],[7.02556591593429,4.75711731970858],[7.02547623823784,4.75679301878284],[7.02500403840571,4.75580431761523],[7.01279920761738,4.74989532570874],[7.01153509896568,4.74740945478254],[7.01220642668528,4.73858920992416],[7.01019075819698,4.73502798185592],[7.00660310894636,4.73576748088459],[7.00259737297046,4.74340684664872],[6.99797578395533,4.75465314942335],[6.98886889997982,4.76077091804348],[6.98825570803456,4.76110956855177],[6.9881123731875,4.76143122996734],[6.99811389014394,4.7697476979979],[7.00007257039283,4.77077225243755],[7.00171990804739,4.77125164864469],[7.00518676126006,4.77312342560566],[7.00797472795136,4.77420616078575],[7.00834086713735,4.77469668880121],[7.00884908211947,4.77474427822591],[7.0091002969412,4.77485472396637],[7.00980629982092,4.77548162517689],[7.01024331997331,4.77578773731426],[7.01059904141266,4.77621309236036],[7.01258160855446,4.77498316604033],[7.01334127937662,4.77428231087998],[7.01610481508521,4.77829219003257],[7.01751671472465,4.77769071805227],[7.01830250365765,4.77648870758782],[7.01892651084984,4.77499694185542],[7.02103890682014,4.77580147895515]]]},"properties":{"FID":3636,"globalid":"fae4f3a4-bab1-4dec-833a-03ec3ddd3b38","uniq_id":496473,"timestamp":1552694400000,"editor":"oluseye.abraham","wardname":"Phward 3","wardcode":"RVSPHC03","lganame":"Port-Harcourt","lgacode":"33022","statename":"Rivers","statecode":"RI","amapcode":"NIE RVS PHC","status":"Operational Placeholder","source":"INEC","urban":"No","Shape__Area":0.00077034130087483277,"Shape__Length":0.13275119797980284}},{"type":"Feature","id":3637,"geometry":{"type":"Polygon","coordinates":[[[6.95379928371,4.83791082682325],[6.95761303961012,4.83920166512479],[6.95866717994647,4.84257565614166],[6.95906541233893,4.84936733623363],[6.96329377368875,4.84795139594024],[6.96482317514949,4.84749167779876],[6.96688051732207,4.84680349858263],[6.96899569309682,4.84611828802861],[6.96937060337069,4.8460025749589],[6.96902754258707,4.84503889832655],[6.96878424989325,4.84430674316172],[6.96918153799766,4.84414420958763],[6.96920439067014,4.84374465788972],[6.97006879294048,4.84345193755695],[6.97047888829013,4.84326440372928],[6.97099973604901,4.8431173304005],[6.97169861360021,4.84303579876314],[6.97218497955322,4.84304678578059],[6.97235552428805,4.84343403115565],[6.97332268309538,4.84323882521164],[6.9744000601147,4.84298661034381],[6.97482321092252,4.84266110522589],[6.97504559797602,4.84257418844811],[6.9753983993167,4.84257767332099],[6.97550920928262,4.84176637601746],[6.97564780740043,4.84080074066168],[6.97617605028455,4.83733157978861],[6.97630441231883,4.83688706468632],[6.97664605667023,4.83639963933194],[6.97717564943673,4.83588194729407],[6.97731695541319,4.83554307465323],[6.97640265965509,4.83430707161409],[6.97605266509845,4.83352592498147],[6.97507955997378,4.83373295431244],[6.97318620737764,4.8336630131376],[6.97206414574379,4.8335410461824],[6.97123502657524,4.83349505035636],[6.97018344031358,4.83352564439303],[6.96935852907291,4.83374806921807],[6.96853334803563,4.83420762458223],[6.96805168823488,4.83440513189134],[6.9660331823855,4.83408796438812],[6.96476680204631,4.83369944827098],[6.96313128418149,4.83323343037858],[6.96060488440793,4.83236363577322],[6.9595355302406,4.83202283228792],[6.95920576143681,4.83207461705001],[6.95832316228416,4.83206493135157],[6.95690121721742,4.83198419021824],[6.95503574900067,4.83187489471067],[6.95258421778749,4.83154673659266],[6.95242591462431,4.83252797608526],[6.95213041718506,4.83332117633125],[6.95106072397328,4.83438745391788],[6.94651198903711,4.82491773306697],[6.94699677398199,4.82142922238074],[6.94785298073054,4.81597852768698],[6.95018186060446,4.81614092366476],[6.95046510837813,4.81605099235946],[6.95106190838044,4.81593683511687],[6.95161372879062,4.81597819313913],[6.95354396168455,4.81570638024527],[6.95429121466788,4.81637211238314],[6.95462230997168,4.81660316530389],[6.95552365009644,4.81777533086688],[6.95879756275735,4.82223229628352],[6.96013841055924,4.82398397508041],[6.96100423016117,4.82492138971043],[6.96100608276458,4.82492356786844],[6.96211394770057,4.82423678889671],[6.9628935376067,4.82372458811932],[6.96313911188054,4.82345932498788],[6.96365083781598,4.82273816763239],[6.96424488499349,4.82161153744255],[6.96406292426457,4.82009232170333],[6.96406246291241,4.82008915519043],[6.96330602695161,4.81899362985217],[6.96318335133066,4.81820188560857],[6.96366423321786,4.81809353259052],[6.96340082179051,4.81752571503978],[6.96355063625293,4.80929238843305],[6.96377105918708,4.80697163483313],[6.96571242658729,4.80563537896961],[6.96641780803549,4.8037852037242],[6.96627721881862,4.80246550168158],[6.96901264082078,4.80163090204456],[6.97123395278476,4.79511345222409],[6.97178916363902,4.79368031959115],[6.97446218887899,4.78978902144621],[6.97424911880182,4.78933849167811],[6.97297901257144,4.78383841790873],[6.96820765495937,4.78020209015438],[6.96180195759433,4.7783521118605],[6.96043018210725,4.77719508908217],[6.95788024527712,4.7745094697363],[6.95514306240244,4.77424655743272],[6.94961038101434,4.77313398364646],[6.94737600100171,4.77485626090777],[6.94505224096821,4.78295500037302],[6.94299388615894,4.78907694184744],[6.94202036284952,4.7899507546237],[6.9370917659723,4.78506990814981],[6.93701961876047,4.78504773086814],[6.93527834961617,4.78550963795948],[6.93219701238229,4.78492372874712],[6.92906327435065,4.78169849998585],[6.92873930257679,4.78380598026183],[6.92644362927012,4.78935523435661],[6.92130351814291,4.79953602396836],[6.91885674434332,4.8039761612709],[6.9203288679829,4.80742116005854],[6.92397904979339,4.80959188156015],[6.92884173355918,4.81125491328368],[6.93154128610155,4.8201442539542],[6.93464981613613,4.82508201222515],[6.93863876806472,4.82756444504315],[6.94442340891322,4.82636148219672],[6.95052905197423,4.83568880529418],[6.95171075574683,4.83703394825818],[6.95379928371,4.83791082682325]]]},"properties":{"FID":3637,"globalid":"4f306b31-2a7a-433e-a59a-4194dc08406f","uniq_id":496479,"timestamp":1552694400000,"editor":"oluseye.abraham","wardname":"Obward 13","wardcode":"RVSRUM13","lganame":"Obio/Akpor","lgacode":"33015","statename":"Rivers","statecode":"RI","amapcode":"NIE RVS RUM","status":"Operational Placeholder","source":"INEC","urban":"Yes","Shape__Area":0.0020638437416771183,"Shape__Length":0.29764524565083}},{"type":"Feature","id":3640,"geometry":{"type":"Polygon","coordinates":[[[7.22464988228631,4.81824103039929],[7.23208744018325,4.82969250360622],[7.23216067107813,4.82975857769623],[7.23219859279089,4.82979279420215],[7.23892034070121,4.82629379202496],[7.2470933803553,4.82404189411818],[7.25055902487912,4.82266614812431],[7.25324516043588,4.80902849406982],[7.25416297434185,4.79698539196232],[7.25437966329088,4.7949358172342],[7.23140837289816,4.78565304475228],[7.22471329078581,4.78423378236323],[7.22090620875457,4.78448279564458],[7.18772755468297,4.79559631621709],[7.18473929098553,4.80754400295342],[7.20492606538568,4.82204625173318],[7.2169699822789,4.8239584784011],[7.22464988228631,4.81824103039929]]]},"properties":{"FID":3640,"globalid":"07d38ba2-4324-4540-8bf1-00d2df1856ee","uniq_id":496487,"timestamp":1552694400000,"editor":"oluseye.abraham","wardname":"Tward 10","wardcode":"RVSSKN10","lganame":"Tai","lgacode":"33023","statename":"Rivers","statecode":"RI","amapcode":"NIE RVS SKN","status":"Operational Placeholder","source":"INEC","urban":"No","Shape__Area":0.0021479815822011972,"Shape__Length":0.19099394641013215}},{"type":"Feature","id":3641,"geometry":{"type":"Polygon","coordinates":[[[7.26133539860979,4.74455947713818],[7.25188319385438,4.7389297885789],[7.24385264008731,4.74496240219315],[7.24316019718538,4.74268807339593],[7.24214903724834,4.73944665503916],[7.24021950672488,4.73010959138458],[7.2398740609392,4.72855948932903],[7.2383858727099,4.7274289605781],[7.23357837674075,4.73332329443451],[7.22624281095699,4.74183755396001],[7.22705880721821,4.74378847935486],[7.22814833857501,4.75092974031531],[7.22910926508058,4.76023624410743],[7.22521708020412,4.7742363672146],[7.22471329078581,4.78423378236323],[7.23140837289816,4.78565304475228],[7.25437966329088,4.7949358172342],[7.2560629819211,4.79333864106547],[7.25634222681236,4.79317251739781],[7.26013065510568,4.79074552238802],[7.26146212567659,4.78564488430402],[7.26507176964651,4.75044211441212],[7.26201367179357,4.74612653231367],[7.26133539860979,4.74455947713818]]]},"properties":{"FID":3641,"globalid":"0de24dfb-acc5-4ea7-b75e-7d84d95790f5","uniq_id":496488,"timestamp":1552694400000,"editor":"oluseye.abraham","wardname":"Tward 8","wardcode":"RVSSKN08","lganame":"Tai","lgacode":"33023","statename":"Rivers","statecode":"RI","amapcode":"NIE RVS SKN","status":"Operational Placeholder","source":"INEC","urban":"No","Shape__Area":0.0018548199664749632,"Shape__Length":0.18831059178268675}},{"type":"Feature","id":3642,"geometry":{"type":"Polygon","coordinates":[[[7.22590798526534,4.70193076319424],[7.21441442468603,4.71039937313259],[7.21545318841396,4.71119111737619],[7.21605536906009,4.71208665597442],[7.21584978763764,4.71313234178422],[7.21494936841867,4.71375427783772],[7.21481390533751,4.71448671269167],[7.21521164400224,4.71495119094476],[7.21693825779442,4.71525011390167],[7.21750833264349,4.71549967397084],[7.21865246094239,4.71572274181113],[7.2190466032182,4.71633289404787],[7.21976275584655,4.71503606086554],[7.22053710720178,4.71554354379953],[7.22190459921791,4.71662590216368],[7.22254284627536,4.71816597677844],[7.22252818822534,4.71917839126979],[7.22327415877544,4.72015492910674],[7.21486101092694,4.72784107760367],[7.22108147582952,4.7301720906695],[7.22817535600791,4.73083764384222],[7.22848560682536,4.73082083011724],[7.22994537917594,4.73126743974058],[7.23100688406049,4.73183454322964],[7.23170160584448,4.73215741063603],[7.23357837674075,4.73332329443451],[7.2383858727099,4.7274289605781],[7.24002048136015,4.72537372461773],[7.23441340175714,4.7212327234115],[7.23209843799259,4.71943230585629],[7.23106789586677,4.71771578785336],[7.23022277506107,4.71477432217728],[7.22976594913928,4.71401240934529],[7.23781537877676,4.70680592775142],[7.2442562558216,4.7010401681693],[7.25310695801977,4.69933453556041],[7.25324777116776,4.69885943631397],[7.23776386381132,4.69524102755145],[7.23400138725424,4.69541458591448],[7.23286891506842,4.69661790399311],[7.22870054209636,4.69910449797425],[7.22688959527864,4.70050039417788],[7.22590798526534,4.70193076319424]]]},"properties":{"FID":3642,"globalid":"3f87157b-938f-4f38-9ed3-6e6a985808fb","uniq_id":496489,"timestamp":1552694400000,"editor":"oluseye.abraham","wardname":"Tward 6","wardcode":"RVSSKN06","lganame":"Tai","lgacode":"33023","statename":"Rivers","statecode":"RI","amapcode":"NIE RVS SKN","status":"Operational Placeholder","source":"INEC","urban":"No","Shape__Area":0.00059161662793982828,"Shape__Length":0.14892327584437862}},{"type":"Feature","id":3643,"geometry":{"type":"Polygon","coordinates":[[[7.31631320898748,4.70365903533627],[7.31606907992415,4.70484025887089],[7.30963026232678,4.72206125892001],[7.30823985558493,4.72527216507842],[7.3069650908663,4.72796930743766],[7.30446016870189,4.73057860042212],[7.30394007187687,4.73118341698114],[7.3032202302295,4.73260753930651],[7.30281112503343,4.73298329404383],[7.301971958639,4.73769270185676],[7.30335176866924,4.7402492693883],[7.30785508514413,4.76308584133858],[7.32382812656681,4.76273468126055],[7.32722361138059,4.76259800859128],[7.32803581610005,4.75951174936779],[7.34120566710789,4.73322668206578],[7.34415004299012,4.72428125787383],[7.34305042303862,4.72260006883818],[7.34285918220553,4.72236013960878],[7.33190484343385,4.71008966640505],[7.33039492758388,4.70913880960842],[7.32276856601658,4.7046326395847],[7.31903903432402,4.70269472558118],[7.31631320898748,4.70365903533627]]]},"properties":{"FID":3643,"globalid":"658daac8-0f07-4d6f-9b9e-321edea38b0e","uniq_id":496490,"timestamp":1552694400000,"editor":"oluseye.abraham","wardname":"Tward 3","wardcode":"RVSSKN03","lganame":"Tai","lgacode":"33023","statename":"Rivers","statecode":"RI","amapcode":"NIE RVS SKN","status":"Operational Placeholder","source":"INEC","urban":"No","Shape__Area":0.0016419577882622605,"Shape__Length":0.16148997356675091}},{"type":"Feature","id":3644,"geometry":{"type":"Polygon","coordinates":[[[7.20744492164584,4.73330908244827],[7.20575571605349,4.73404378179515],[7.20310815331868,4.73429609558838],[7.1990313376262,4.7331402752036],[7.1968269697889,4.73346147526689],[7.19493720998429,4.73574439528767],[7.19272518711773,4.73801115179327],[7.1897025099629,4.74121133623424],[7.18773569084948,4.74443880071016],[7.18956165364744,4.74828689092732],[7.19010921306977,4.75038406767061],[7.189665478579,4.75315544366885],[7.1890687757035,4.75688220275151],[7.18755237843953,4.76761842804808],[7.1872132656797,4.7725804383366],[7.18798773844344,4.78519787718034],[7.20998338942195,4.7723615325587],[7.21105649735949,4.7690384485656],[7.21102048580684,4.76446204868466],[7.2102076956287,4.76223726533755],[7.20393083783796,4.75734752097134],[7.1990439029538,4.75266006471026],[7.20480097508499,4.7521372654225],[7.21087149332482,4.75130982888555],[7.21476727459009,4.74973687415746],[7.22092674927012,4.74567384237395],[7.2189186557714,4.74311170174371],[7.21591923418538,4.73443883418491],[7.21151142031584,4.73097506834478],[7.21060290809777,4.73040223797295],[7.20885610632428,4.73260546996653],[7.20744492164584,4.73330908244827]]]},"properties":{"FID":3644,"globalid":"8fe489b2-1498-4bb0-b8c2-f755e1c3c179","uniq_id":496492,"timestamp":1552694400000,"editor":"oluseye.abraham","wardname":"Tward 9","wardcode":"RVSSKN09","lganame":"Tai","lgacode":"33023","statename":"Rivers","statecode":"RI","amapcode":"NIE RVS SKN","status":"Operational Placeholder","source":"INEC","urban":"No","Shape__Area":0.0010276100277266664,"Shape__Length":0.16436539008104512}},{"type":"Feature","id":3645,"geometry":{"type":"Polygon","coordinates":[[[7.21151142031584,4.73097506834478],[7.21591923418538,4.73443883418491],[7.2189186557714,4.74311170174371],[7.22092674927012,4.74567384237395],[7.21476727459009,4.74973687415746],[7.21087149332482,4.75130982888555],[7.20480097508499,4.7521372654225],[7.1990439029538,4.75266006471026],[7.20393083783796,4.75734752097134],[7.2102076956287,4.76223726533755],[7.21102048580684,4.76446204868466],[7.21105649735949,4.7690384485656],[7.20998338942195,4.7723615325587],[7.18798773844344,4.78519787718034],[7.18772755468297,4.79559631621709],[7.22090620875457,4.78448279564458],[7.22471329078581,4.78423378236323],[7.22521708020412,4.7742363672146],[7.22910926508058,4.76023624410743],[7.22814833857501,4.75092974031531],[7.22705880721821,4.74378847935486],[7.22624281095699,4.74183755396001],[7.23357837674075,4.73332329443451],[7.23170160584448,4.73215741063603],[7.23100688406049,4.73183454322964],[7.22994537917594,4.73126743974058],[7.22848560682536,4.73082083011724],[7.22817535600791,4.73083764384222],[7.22108147582952,4.7301720906695],[7.21486101092694,4.72784107760367],[7.21151142031584,4.73097506834478]]]},"properties":{"FID":3645,"globalid":"b486cc15-0e42-4700-8143-3292df0c6efd","uniq_id":496493,"timestamp":1552694400000,"editor":"oluseye.abraham","wardname":"Tward 7","wardcode":"RVSSKN07","lganame":"Tai","lgacode":"33023","statename":"Rivers","statecode":"RI","amapcode":"NIE RVS SKN","status":"Operational Placeholder","source":"INEC","urban":"No","Shape__Area":0.0011876041334808463,"Shape__Length":0.22021133779272264}},{"type":"Feature","id":3646,"geometry":{"type":"Polygon","coordinates":[[[7.25310695801977,4.69933453556041],[7.2442562558216,4.7010401681693],[7.23781537877676,4.70680592775142],[7.22976594913928,4.71401240934529],[7.23022277506107,4.71477432217728],[7.23106789586677,4.71771578785336],[7.23209843799259,4.71943230585629],[7.23441340175714,4.7212327234115],[7.24002048136015,4.72537372461773],[7.2383858727099,4.7274289605781],[7.2398740609392,4.72855948932903],[7.24021950672488,4.73010959138458],[7.24214903724834,4.73944665503916],[7.24316019718538,4.74268807339593],[7.24385264008731,4.74496240219315],[7.25188319385438,4.7389297885789],[7.26133539860979,4.74455947713818],[7.26541915437053,4.73893299556136],[7.26390305028559,4.72522286334453],[7.26092698769037,4.71861634017199],[7.25904557719167,4.71320212737635],[7.25527542671961,4.70399858516663],[7.25310695801977,4.69933453556041]]]},"properties":{"FID":3646,"globalid":"cfc1fd36-b426-47ba-b4ae-863bc094b3bf","uniq_id":496494,"timestamp":1552694400000,"editor":"oluseye.abraham","wardname":"Tward 5","wardcode":"RVSSKN05","lganame":"Tai","lgacode":"33023","statename":"Rivers","statecode":"RI","amapcode":"NIE RVS SKN","status":"Operational Placeholder","source":"INEC","urban":"No","Shape__Area":0.0009761523882474421,"Shape__Length":0.13556522047559702}},{"type":"Feature","id":3649,"geometry":{"type":"Polygon","coordinates":[[[7.51634713910926,4.66327133840161],[7.51425368376056,4.6572539745913],[7.50572227686166,4.65456610334303],[7.50279901796034,4.65627730635265],[7.49994544032984,4.6547166237732],[7.49549173405632,4.65483266869273],[7.49403085194228,4.65601348303585],[7.49577793520359,4.65940485075333],[7.49351256275463,4.66294667414974],[7.48941096534384,4.66377048641885],[7.48681323494287,4.66119635242978],[7.48452755400348,4.66151728089784],[7.4804730073235,4.66123757555374],[7.4773913616221,4.66281275970113],[7.47520416364131,4.66087410285763],[7.47491969458827,4.65716497678233],[7.47249220225336,4.65254724855674],[7.47027161064636,4.65115093866495],[7.46693348818997,4.65160642639552],[7.4651992049794,4.65457923884082],[7.46644249972161,4.65909035243789],[7.46606993038301,4.66476928157715],[7.46606397057582,4.6678587909505],[7.46548236282081,4.6690476749103],[7.46149985273604,4.67108208257213],[7.45720645871114,4.67078307687757],[7.45558998219195,4.66929706860486],[7.45434309285952,4.67940880287398],[7.45575603841047,4.68768595883995],[7.45807245008353,4.6921828487595],[7.46000215777343,4.69472767114513],[7.46177966959613,4.70105837134679],[7.46394091763926,4.70297395518395],[7.47385952789494,4.70116189140822],[7.47811618191633,4.70083921915472],[7.48338215316386,4.69748749625097],[7.48666204721576,4.69615637371771],[7.48862264571858,4.69370057432212],[7.49092780417487,4.69616314561273],[7.49410714592807,4.70040304436503],[7.49897150962749,4.70897317067534],[7.50083499933578,4.71135602785847],[7.50547396325283,4.71386040593302],[7.5101988483982,4.71584896795554],[7.52244138865922,4.71463506755435],[7.52540590216068,4.71445408438854],[7.53547795474384,4.71400316341533],[7.53506420814676,4.7003665282927],[7.52777767160234,4.69694423558803],[7.52194404558128,4.68916606935863],[7.51749992338279,4.67972183259656],[7.51634713910926,4.66327133840161]]]},"properties":{"FID":3649,"globalid":"5d05dc3b-2977-46d9-bb36-222be1c0fec5","uniq_id":496497,"timestamp":1552694400000,"editor":"oluseye.abraham","wardname":"Kaani","wardcode":"RVSBRR13","lganame":"Khana","lgacode":"33014","statename":"Rivers","statecode":"RI","amapcode":"NIE RVS BRR","status":"Operational Placeholder","source":"INEC","urban":"No","Shape__Area":0.0030827709237044587,"Shape__Length":0.2802569228747836}},{"type":"Feature","id":3650,"geometry":{"type":"Polygon","coordinates":[[[7.50862853318029,4.58685429478993],[7.49732995461375,4.57952997502838],[7.49003139413355,4.58257180594416],[7.48778328417126,4.58462551755366],[7.47652775255381,4.58438953275078],[7.45302524162167,4.59023918019403],[7.45687145495373,4.60206053196805],[7.45846596193462,4.60745140735662],[7.45831451520274,4.60960476564748],[7.45706737675806,4.6127887290167],[7.45253994676119,4.62419455803246],[7.45142425862269,4.62735129172876],[7.45109753941995,4.63095276805586],[7.46788529826796,4.6239482813881],[7.48771903840293,4.63085000342494],[7.49278983428349,4.62871447779099],[7.4995674597705,4.62744628621721],[7.50169250740333,4.62606053886282],[7.50368882427989,4.62470826967098],[7.50921205199467,4.61662723695747],[7.51375030533239,4.61323650596],[7.52593235089734,4.60281983406816],[7.52772976471692,4.59927727412696],[7.5294437412357,4.5961103439173],[7.5181329300907,4.5941255941209],[7.50862853318029,4.58685429478993]]]},"properties":{"FID":3650,"globalid":"8efdcec2-c31d-4720-939a-98730c7399e8","uniq_id":496498,"timestamp":1552694400000,"editor":"oluseye.abraham","wardname":"Bori","wardcode":"RVSBRR08","lganame":"Khana","lgacode":"33014","statename":"Rivers","statecode":"RI","amapcode":"NIE RVS BRR","status":"Operational Placeholder","source":"INEC","urban":"No","Shape__Area":0.00256950122891908,"Shape__Length":0.22180341333633205}},{"type":"Feature","id":3651,"geometry":{"type":"Polygon","coordinates":[[[7.53463826224606,4.51690509979056],[7.53624665925599,4.51552257290848],[7.53674227563556,4.51467824800278],[7.5370857078392,4.51414546084442],[7.53727171102071,4.51370649455913],[7.53694806300274,4.51357132825422],[7.53670273874047,4.51344000834973],[7.53645337472352,4.51325610418593],[7.53621006044597,4.51308133533541],[7.53568284998357,4.51286136925683],[7.53509599468447,4.51264371893251],[7.53391137441042,4.51205948875446],[7.53327117042824,4.51186528555451],[7.53279535622079,4.51151806270849],[7.53229268106242,4.51194362999456],[7.53120348964939,4.51298948937347],[7.53012521510664,4.513725734655],[7.52958554813461,4.51373351109271],[7.52835748520982,4.51341131907714],[7.52725457823624,4.51258871639618],[7.52688740572921,4.51239864468175],[7.52646050115123,4.51223875691318],[7.52204121732836,4.51806875057241],[7.52467454829184,4.52160829688546],[7.53255861239012,4.52590355790295],[7.53161441777121,4.51914839388331],[7.53463826224606,4.51690509979056]]]},"properties":{"FID":3651,"globalid":"c75db11e-cb0f-4c14-b9d1-0ae81ea6be5f","uniq_id":496500,"timestamp":1552694400000,"editor":"oluseye.abraham","wardname":"Opward 10","wardcode":"RVSPBT10","lganame":"Opobo/Nkoro","lgacode":"33020","statename":"Rivers","statecode":"RI","amapcode":"NIE RVS PBT","status":"Operational Placeholder","source":"INEC","urban":"No","Shape__Area":0.00010833338728488684,"Shape__Length":0.048045391450430991}},{"type":"Feature","id":3652,"geometry":{"type":"Polygon","coordinates":[[[7.54103571012996,4.5146534339089],[7.54043237385503,4.51429818191559],[7.54015908157641,4.51412282131122],[7.53997766044074,4.51415499905403],[7.53989679430168,4.51420405887029],[7.5396147552168,4.51481194031885],[7.53941468124259,4.51506155614595],[7.5391811300052,4.51519798779697],[7.53926187113848,4.5153600015629],[7.53917450110237,4.51568593116082],[7.53897573923905,4.51672803766883],[7.53818222602894,4.51752285399658],[7.53896522256701,4.51882381596636],[7.54113085120787,4.51643064895535],[7.54062616606478,4.51600848110655],[7.54034636539251,4.51586952415926],[7.540438883148,4.51560769374009],[7.54052083297012,4.51547538368209],[7.54050045073524,4.51533928478023],[7.54061460438055,4.51501902270979],[7.54059453780775,4.51496870923859],[7.54077782233867,4.51482653091972],[7.54103571012996,4.5146534339089]]]},"properties":{"FID":3652,"globalid":"f5974ba9-bdce-48b9-9ede-3797dcac5482","uniq_id":496501,"timestamp":1552694400000,"editor":"oluseye.abraham","wardname":"Opward 11","wardcode":"RVSPBT11","lganame":"Opobo/Nkoro","lgacode":"33020","statename":"Rivers","statecode":"RI","amapcode":"NIE RVS PBT","status":"Operational Placeholder","source":"INEC","urban":"No","Shape__Area":6.2613244793396916E-06,"Shape__Length":0.012490717849447698}},{"type":"Feature","id":3921,"geometry":{"type":"Polygon","coordinates":[[[7.28302786114693,4.8740211889268],[7.27968685096744,4.826190524673],[7.2758055640756,4.82898847563769],[7.26968634664763,4.83348975514815],[7.26028359741014,4.82974115333161],[7.25604401881645,4.82771954841849],[7.25055902487912,4.82266614812431],[7.2470933803553,4.82404189411818],[7.23892034070121,4.82629379202496],[7.23219859279089,4.82979279420215],[7.23216067107813,4.82975857769623],[7.23208744018325,4.82969250360622],[7.22464988228631,4.81824103039929],[7.22456514816309,4.85788373794418],[7.24702231322919,4.86732448893406],[7.25735900031765,4.86738499981794],[7.26195198999238,4.86870270626491],[7.26376197993147,4.86922198290824],[7.27138996117782,4.87302398736716],[7.28152799612019,4.87387609500581],[7.28302786114693,4.8740211889268]]]},"properties":{"FID":3921,"globalid":"ae5fa8cf-ab88-461a-b89b-2772f7e3734f","uniq_id":496756,"timestamp":1552694400000,"editor":"oluseye.abraham","wardname":"Oyward 6","wardcode":"RVSAFM06","lganame":"Oyigbo","lgacode":"33021","statename":"Rivers","statecode":"RI","amapcode":"NIE RVS AFM","status":"Operational Placeholder","source":"INEC","urban":"No","Shape__Area":0.002254733447202284,"Shape__Length":0.21739988797632229}},{"type":"Feature","id":3936,"geometry":{"type":"Polygon","coordinates":[[[7.12292568876956,4.7984165056173],[7.12355439671808,4.79980511731236],[7.12419525540673,4.80147678882281],[7.12458480484491,4.80279039885789],[7.12466408008328,4.8042752344146],[7.12471695122639,4.80759869342501],[7.12540736166045,4.8271764541301],[7.12714920816944,4.83346535923897],[7.12923608497738,4.84276784486019],[7.13364581889948,4.84985262210085],[7.13461150102,4.85143831392708],[7.13534877692456,4.85384426030441],[7.14561876759211,4.85564737312779],[7.15011158628073,4.85654344412467],[7.15429893674656,4.85728798115548],[7.15545309788223,4.85744385435044],[7.1559909149488,4.85758603176998],[7.15679600872886,4.857830159934],[7.15733772435652,4.85819754198303],[7.15797383372552,4.85876524711853],[7.15851947039727,4.85928087701092],[7.15896733457487,4.85968396394384],[7.16041851030604,4.85816192343407],[7.16129727744743,4.85725170610141],[7.16180684231199,4.85695209965974],[7.16198262919505,4.85690334381434],[7.16246168815644,4.8567906048026],[7.16299689718909,4.85679105716162],[7.1641387043378,4.85686897712162],[7.16582009302294,4.85719773688612],[7.16567622217997,4.85670233814244],[7.16534638412838,4.85579306689658],[7.16462587968067,4.85465735625206],[7.16536049718923,4.85423372790427],[7.16652407062941,4.85356038120665],[7.16717884632675,4.85318610225687],[7.16849840177986,4.85238681809722],[7.16945903960305,4.85187596900084],[7.17102442923408,4.85092135933331],[7.17161800067026,4.85078214517989],[7.17131111601526,4.84902106487027],[7.1705304217416,4.83525660730663],[7.16931782265942,4.82616899580256],[7.16826614916351,4.82042189895151],[7.14844902130534,4.79394314286179],[7.14082239713599,4.7971068481026],[7.139313039765,4.79789862562114],[7.13809939117402,4.79809040784608],[7.13655339002696,4.79821606202171],[7.13493600069592,4.79866274898671],[7.13387914440705,4.79697569727068],[7.13230223985653,4.79469745822115],[7.13062175319141,4.7923620861414],[7.13010790035935,4.79280406335687],[7.12835496700819,4.79462655836903],[7.12710469622482,4.79585384877618],[7.12457086805119,4.79708174982295],[7.12271879343763,4.79793286281142],[7.12292568876956,4.7984165056173]]]},"properties":{"FID":3936,"globalid":"73bc20ec-9046-4e1e-9841-0bceaceeb15d","uniq_id":496773,"timestamp":1552694400000,"editor":"oluseye.abraham","wardname":"Eleward 4","wardcode":"RVSNCH04","lganame":"Eleme","lgacode":"33009","statename":"Rivers","statecode":"RI","amapcode":"NIE RVS NCH","status":"Operational Placeholder","source":"INEC","urban":"No","Shape__Area":0.0023036074302424936,"Shape__Length":0.19747655069815084}},{"type":"Feature","id":3982,"geometry":{"type":"Polygon","coordinates":[[[7.36310020461082,4.65778693172155],[7.36302365162027,4.65692164092104],[7.36297947242474,4.65492567657878],[7.36280515593324,4.65382243865469],[7.36273920774829,4.65219933593067],[7.36273920774829,4.65138823737732],[7.36256489215612,4.65064757462591],[7.36567392131445,4.64793363742746],[7.36597135409477,4.64507828273662],[7.36614981376295,4.64418598529505],[7.36632827343112,4.64198498362015],[7.36632827343112,4.64121165929072],[7.36614981376295,4.63960552317639],[7.36603084065081,4.63877271139154],[7.36579289442659,4.63811835927493],[7.36555494820237,4.63770195428179],[7.36507905575388,4.6372855483894],[7.36472213731685,4.63657170971669],[7.36365137930778,4.63526300638267],[7.36275908186616,4.6346681408221],[7.36174781041319,4.63425173582897],[7.36002270118678,4.63371635682444],[7.35841656507245,4.63300251815173],[7.35767774233398,4.63285618136774],[7.35674975259906,4.63249926293071],[7.35532207615296,4.63164265688317],[7.35453685379281,4.63078605083564],[7.35368024774527,4.62971529282657],[7.3503252081419,4.62664578887211],[7.34961136856987,4.62614610126161],[7.34882614800836,4.62586056741128],[7.34832646039786,4.62550364717561],[7.34725570328811,4.62507534415187],[7.34618494617837,4.62414735441695],[7.34539972381828,4.62321936468197],[7.34340097697356,4.62057816285198],[7.34225883527705,4.61836526404574],[7.34183053225331,4.61722312324861],[7.34118807816731,4.61586682959057],[7.33954624975968,4.61294009301093],[7.33790442135199,4.61051304314248],[7.33711919989122,4.60908536669638],[7.33562013885836,4.6066583159286],[7.33497768477235,4.60530202316988],[7.33392271436185,4.60347520421737],[7.33109100014957,4.60518899997243],[7.32698399961197,4.60802400030741],[7.32426500012969,4.61106700034185],[7.32105799972697,4.61250199996738],[7.31575499979346,4.61259099957499],[7.31188200015424,4.61225200012973],[7.31229500031407,4.61265300063553],[7.31560199993243,4.61743400077859],[7.3187219999204,4.62498500005773],[7.32069299998199,4.63278399998165],[7.32052899961371,4.63693500074976],[7.32316899994942,4.64311099957303],[7.32510100001122,4.64860800035899],[7.32815999988412,4.65224400076005],[7.33052300003646,4.65566000000905],[7.33402000032282,4.6579050001157],[7.33650551062084,4.65780907662764],[7.33858753918361,4.65780907662764],[7.34037213496612,4.65766036023746],[7.3423054471387,4.65766036023746],[7.34453619209165,4.65780907662764],[7.34632078787411,4.65780907662764],[7.34825410004674,4.65751164384733],[7.35733976092126,4.65782304219971],[7.35940782301265,4.65810650940796],[7.36089498601484,4.65810650940796],[7.36297701457761,4.65855265767908],[7.36318104916614,4.65858180470656],[7.36310020461082,4.65778693172155]]]},"properties":{"FID":3982,"globalid":"dd437b6f-6645-4b2a-8570-0d7f105b04da","uniq_id":496823,"timestamp":1552694400000,"editor":"oluseye.abraham","wardname":"Uegwere","wardcode":"RVSBRR17","lganame":"Khana","lgacode":"33014","statename":"Rivers","statecode":"RI","amapcode":"NIE RVS BRR","status":"Operational Placeholder","source":"INEC","urban":"No","Shape__Area":0.0016616556095883084,"Shape__Length":0.17757096172296644}},{"type":"Feature","id":4207,"geometry":{"type":"Polygon","coordinates":[[[7.44097299970423,4.49125000038725],[7.44152900016326,4.49097200015774],[7.44180400025448,4.49069399992823],[7.44236099986028,4.49041600059797],[7.44347299987908,4.49013999956139],[7.44458299980562,4.4898620002312],[7.4451390002647,4.48958400000163],[7.44597300005398,4.48902800044192],[7.4462510002835,4.48875000021241],[7.44652700042076,4.48847199998283],[7.44680499975101,4.48847199998283],[7.44874900036615,4.48875000021241],[7.44930499992586,4.48847199998283],[7.45013899971514,4.48819400065264],[7.45097100031148,4.48791600042313],[7.45152699987119,4.48764000028581],[7.45180500010071,4.48736200005629],[7.45236099966047,4.4870840007261],[7.4529180001656,4.48680599959727],[7.45374899981653,4.48652800026707],[7.45402700004604,4.4862500000375],[7.4554180003405,4.48597200070731],[7.45763800019358,4.48569399957847],[7.45847199998286,4.48541800034047],[7.45875000021238,4.48514000011096],[7.4606939999282,4.48514000011096],[7.46319400010304,4.48514000011096],[7.46402799989232,4.48486200078077],[7.46485999958935,4.48430600032168],[7.46484006791485,4.48107215785387],[7.46480199691467,4.47888305420963],[7.46492493513767,4.47705840442188],[7.4648868641375,4.4763160122742],[7.46469650733798,4.47507869262762],[7.46467747138826,4.47372715818187],[7.46473457833815,4.47068144759078],[7.4648868641375,4.46942509289374],[7.46477265023765,4.4680545233976],[7.46489400205661,4.4652895901425],[7.46470364525709,4.46321945871108],[7.46482261836917,4.46255320856375],[7.4647274404191,4.46088758679275],[7.46460846730696,4.46041169434426],[7.46453708361958,4.45796085021311],[7.46455413656417,4.45357748621205],[7.46461362312027,4.45298262065148],[7.46461362312027,4.45128725470312],[7.46491105500121,4.44991906481306],[7.4650002848353,4.44807498157519],[7.46552013434678,4.44387773856681],[7.44737942282217,4.43990405892521],[7.44556724213459,4.43937947987916],[7.43002763706585,4.43488117442672],[7.4281716863743,4.43434392483232],[7.42826599827725,4.43899656923634],[7.42862291671429,4.44107859779911],[7.42862291671429,4.4427442195701],[7.42849204557149,4.44362462167902],[7.42855153302685,4.44457640567663],[7.42884896580716,4.4451712712372],[7.4289679389193,4.44802662412945],[7.4289679389193,4.45367784425713],[7.42878947925112,4.45653319714938],[7.42884896580716,4.45790138703944],[7.42908691203144,4.45873419882429],[7.42914639858748,4.45944803659768],[7.42914639858748,4.46325517438686],[7.42926537169961,4.46408798617165],[7.42920469534045,4.46467452311077],[7.42920469534045,4.46854114655673],[7.42910317177399,4.46948579443392],[7.42919834972412,4.46998548024578],[7.42910317177399,4.47238873585155],[7.42922214488613,4.4734594929613],[7.42919834972412,4.47436368843353],[7.42934111799826,4.47631484585349],[7.42962665274786,4.47907502079562],[7.42962665274786,4.48000301142986],[7.42955526906047,4.48038372502896],[7.42958399970189,4.48097100031146],[7.43097199985795,4.48124900144029],[7.43152800031703,4.48152700077054],[7.43208399987674,4.48180500010074],[7.43236200010625,4.48208300033025],[7.43264000033582,4.48236100055976],[7.43319399980328,4.48291800016563],[7.43347200003285,4.48374900071587],[7.43375000026236,4.48430600032168],[7.43402799959256,4.48486200078077],[7.43430599982207,4.48486200078077],[7.43458400005159,4.48458400055125],[7.43474097671475,4.48430600032168],[7.4359720002077,4.48402800009217],[7.43736000036375,4.48430600032168],[7.43847200038255,4.48458400055125],[7.43874999971274,4.48486200078077],[7.43958200030909,4.48569399957847],[7.43985999963934,4.4862500000375],[7.43958200030909,4.48791600042313],[7.43958200030909,4.48900438874159],[7.43985999963934,4.49069399992823],[7.44013799986885,4.49097200015774],[7.44041600009837,4.49125000038725],[7.44097299970423,4.49125000038725]]]},"properties":{"FID":4207,"globalid":"59300a6d-b291-4b7d-999a-f79b78cc0f4b","uniq_id":497058,"timestamp":1552694400000,"editor":"oluseye.abraham","wardname":"Ekede","wardcode":"RVSNDN03","lganame":"Andoni","lgacode":"33005","statename":"Rivers","statecode":"RI","amapcode":"NIE RVS NDN","status":"Operational Placeholder","source":"INEC","urban":"No","Shape__Area":0.0016751901643381473,"Shape__Length":0.17090930866870369}},{"type":"Feature","id":4211,"geometry":{"type":"Polygon","coordinates":[[[7.42958399970189,4.48097100031146],[7.42955526906047,4.48038372502896],[7.42962665274786,4.48000301142986],[7.42962665274786,4.47907502079562],[7.42934111799826,4.47631484585349],[7.42919834972412,4.47436368843353],[7.42922214488613,4.4734594929613],[7.42910317177399,4.47238873585155],[7.42919834972412,4.46998548024578],[7.42910317177399,4.46948579443392],[7.42920469534045,4.46854114655673],[7.42920469534045,4.46467452311077],[7.42926537169961,4.46408798617165],[7.42914639858748,4.46325517438686],[7.42914639858748,4.45944803659768],[7.42908691203144,4.45873419882429],[7.42884896580716,4.45790138703944],[7.42878947925112,4.45653319714938],[7.4289679389193,4.45367784425713],[7.4289679389193,4.44802662412945],[7.42884896580716,4.4451712712372],[7.42855153302685,4.44457640567663],[7.42849204557149,4.44362462167902],[7.42862291671429,4.4427442195701],[7.42862291671429,4.44107859779911],[7.42826599827725,4.43899656923634],[7.4281716863743,4.43434392483232],[7.41844517670359,4.43152835614876],[7.40667202139673,4.43362494473547],[7.40736000006399,4.43625000013742],[7.40778510959518,4.43766388098339],[7.40814202803222,4.44188742466497],[7.40814202803222,4.44545661622988],[7.40849894736857,4.44884734812666],[7.4086555157395,4.45590006993234],[7.40894105138847,4.45824146027525],[7.40888394443851,4.46583669900451],[7.4086555157395,4.46720726940003],[7.4086555157395,4.46903469539495],[7.40894105138847,4.47189004828715],[7.40911237223821,4.47274665433468],[7.40911237223821,4.47634439937457],[7.40877829658115,4.47860726631234],[7.40881398797524,4.48756593841739],[7.40888537166262,4.48931484100717],[7.40884968026859,4.48977883632426],[7.40985594069917,4.49024317158512],[7.41152799981739,4.49125000038725],[7.41180600004691,4.49041600059797],[7.41208200018423,4.49013999956139],[7.41236000041374,4.48930600067143],[7.41263799974394,4.48819400065264],[7.41291599997345,4.48791600042313],[7.41319400020302,4.48764000028581],[7.41347299957931,4.48736200005629],[7.41375099980883,4.4870840007261],[7.4140290000384,4.48680599959727],[7.41430700026791,4.48652800026707],[7.41458200035908,4.4862500000375],[7.41486099973542,4.48597200070731],[7.41541076429536,4.48569399957847],[7.4159667629558,4.48569399957847],[7.41597299975416,4.48569399957847],[7.41625099998373,4.48569399957847],[7.41736099991027,4.48541800034047],[7.41930499962609,4.48541800034047],[7.42013900031463,4.48569399957847],[7.42041699964489,4.48597200070731],[7.42097300010391,4.4862500000375],[7.42124900024123,4.48652800026707],[7.42152699957143,4.48680599959727],[7.42180499980094,4.48736200005629],[7.42208300003045,4.48764000028581],[7.42236100026003,4.48847199998283],[7.42263899959022,4.48902800044192],[7.42291699981973,4.48930600067143],[7.42319500004925,4.4898620002312],[7.42347300027876,4.49013999956139],[7.42374900041608,4.49041600059797],[7.42402699974627,4.49069399992823],[7.42430499997579,4.49125000038725],[7.42486100043487,4.49152800061677],[7.42541699999458,4.49152800061677],[7.42569600027025,4.49125000038725],[7.42597100036141,4.49097200015774],[7.42652699992118,4.49069399992823],[7.42680500015069,4.49041600059797],[7.42736199975656,4.49013999956139],[7.43014000016092,4.49013999956139],[7.43125000008746,4.49041600059797],[7.43152800031703,4.49069399992823],[7.43236200010625,4.49097200015774],[7.43375000026236,4.49097200015774],[7.43402799959256,4.49069399992823],[7.43458400005159,4.49041600059797],[7.43513800041842,4.49013999956139],[7.43569399997818,4.4898620002312],[7.43680599999698,4.48958400000163],[7.43708400022649,4.48847199998283],[7.43680599999698,4.48819400065264],[7.43569399997818,4.48791600042313],[7.43402799959256,4.48764000028581],[7.43291599957377,4.48736200005629],[7.43180599964722,4.4870840007261],[7.43125000008746,4.48680599959727],[7.43097199985795,4.48652800026707],[7.43069399962843,4.48597200070731],[7.43041600029824,4.48541800034047],[7.43014000016092,4.48514000011096],[7.4298619999314,4.48458400055125],[7.42958399970189,4.48402800009217],[7.4293060003717,4.48347099958698],[7.42902800014213,4.48263999993611],[7.42902800014213,4.48180500010074],[7.4293060003717,4.48152700077054],[7.42958399970189,4.48097100031146]]]},"properties":{"FID":4211,"globalid":"d4915b5c-80fa-4f25-a5b4-7aea6008c5de","uniq_id":497062,"timestamp":1552694400000,"editor":"oluseye.abraham","wardname":"Ngo","wardcode":"RVSNDN05","lganame":"Andoni","lgacode":"33005","statename":"Rivers","statecode":"RI","amapcode":"NIE RVS NDN","status":"Operational Placeholder","source":"INEC","urban":"No","Shape__Area":0.0011640058960189492,"Shape__Length":0.17490124264199611}},{"type":"Feature","id":6477,"geometry":{"type":"Polygon","coordinates":[[[7.24191091026034,4.99626462811017],[7.2378922348388,4.99956260932703],[7.22890175281367,5.01178660017149],[7.21973100887902,5.02002571121767],[7.21661377520559,5.02177929387938],[7.21446661504228,5.01993337782318],[7.21194766075598,5.0177535605784],[7.20736032242098,5.01681477178431],[7.20448459988444,5.01638905431145],[7.18805714002502,5.01583772403177],[7.18691062942207,5.01528404292429],[7.17759463868168,5.03688892858122],[7.18144600063249,5.04043921819539],[7.18714029289026,5.04942662813642],[7.18918608956642,5.05351052868798],[7.19090401500836,5.05338410019613],[7.20057874441358,5.04946804821191],[7.20637853524124,5.04736010928167],[7.21366639109112,5.04466188863529],[7.21715908272552,5.04394031579301],[7.22500416570972,5.04089809367213],[7.22841131383109,5.03803338063608],[7.23306588008637,5.033449155754],[7.23314056428563,5.03342447925638],[7.23705012226537,5.03138273222737],[7.24916767025184,5.0212584443218],[7.24831676500673,5.01726198215482],[7.2454648016593,5.00749492565035],[7.24191091026034,4.99626462811017]]]},"properties":{"FID":6477,"globalid":"475ecb44-5855-4336-9fb5-02634e370628","uniq_id":494479,"timestamp":1552694400000,"editor":"oluseye.abraham","wardname":"Omward 11","wardcode":"RVSBER011","lganame":"Omumma","lgacode":"33019","statename":"Rivers","statecode":"RI","amapcode":"NIE RVS BER","status":"Operational Placeholder","source":"INEC","urban":"No","Shape__Area":0.0018951126270856378,"Shape__Length":0.20709996099713035}},{"type":"Feature","id":6513,"geometry":{"type":"Polygon","coordinates":[[[7.2460504725513,5.07432850395736],[7.25344367318701,5.06849613608784],[7.25289392481483,5.06431198091326],[7.25137615158815,5.04940605164802],[7.25150334630246,5.04270898922852],[7.25168609573677,5.03308677663347],[7.24916767025184,5.0212584443218],[7.23705012226537,5.03138273222737],[7.23314056428563,5.03342447925638],[7.23461924398299,5.04792993681718],[7.23336175074422,5.04810061914833],[7.23313120414178,5.04976104643521],[7.23206555068464,5.04998919184777],[7.23142212802884,5.05007696927674],[7.22898855987421,5.05040392769916],[7.2276179544051,5.05152213483871],[7.22550321300292,5.05347383275125],[7.22152928155117,5.05694443613686],[7.22088916929977,5.05938082096816],[7.22010479230238,5.06280312086739],[7.21997219266262,5.06763336698634],[7.2167944993667,5.0757109795781],[7.21979208093984,5.07560728414887],[7.2460504725513,5.07432850395736]]]},"properties":{"FID":6513,"globalid":"9da0c261-b0bb-4d3d-a466-44be09e223f1","uniq_id":494480,"timestamp":1552694400000,"editor":"oluseye.abraham","wardname":"Omward 8","wardcode":"RVSBER08","lganame":"Omumma","lgacode":"33019","statename":"Rivers","statecode":"RI","amapcode":"NIE RVS BER","status":"Operational Placeholder","source":"INEC","urban":"No","Shape__Area":0.0011582850999332095,"Shape__Length":0.15771114156050645}},{"type":"Feature","id":6560,"geometry":{"type":"Polygon","coordinates":[[[7.29068517288249,5.15855253167405],[7.2771434351215,5.15853913986945],[7.27565553827253,5.1590556196212],[7.23264788599118,5.17182008323033],[7.22102172936934,5.18367279975996],[7.22785572885886,5.19482944012663],[7.23153400369137,5.19455194531605],[7.2421350482939,5.19586706171555],[7.25139808695218,5.20185422898953],[7.25256061627948,5.20472002031272],[7.25610923765123,5.21347093643459],[7.26010894816949,5.21332740823334],[7.26434365423631,5.21561050362192],[7.27104893106338,5.21180556197714],[7.27495002732195,5.20959186637157],[7.2813220019089,5.20161581062121],[7.2816214608618,5.20107403563827],[7.28675699174181,5.19178295072265],[7.29081392342385,5.18242692935934],[7.29256486927335,5.17262315803237],[7.29216942837644,5.16929878081413],[7.29175555587426,5.16581945940055],[7.2910690314107,5.1600480080092],[7.29068517288249,5.15855253167405]]]},"properties":{"FID":6560,"globalid":"c8b91d52-a922-45e7-8c1b-e60e1f41c4a8","uniq_id":494481,"timestamp":1552694400000,"editor":"oluseye.abraham","wardname":"Omward 3","wardcode":"RVSBER03","lganame":"Omumma","lgacode":"33019","statename":"Rivers","statecode":"RI","amapcode":"NIE RVS BER","status":"Operational Placeholder","source":"INEC","urban":"No","Shape__Area":0.00249019837049147,"Shape__Length":0.20441746561158272}},{"type":"Feature","id":6940,"geometry":{"type":"Polygon","coordinates":[[[6.61403823407727,4.93361636420389],[6.6136083320589,4.93578621516173],[6.61309211940585,4.94443139079607],[6.61209616700455,4.95133243024753],[6.61152665872839,4.96757023028198],[6.60878468156784,4.97734751387674],[6.61817891512487,4.99248712837834],[6.61900282092347,4.99381597922411],[6.63612094302715,4.99443048417953],[6.65301605934371,4.98293147190992],[6.65287777508928,4.98192797239807],[6.65807379167222,4.97501428937801],[6.66128123184342,4.96994749727924],[6.65455510333538,4.96019285591564],[6.65302732155368,4.95182944507286],[6.64940950634372,4.9483512568051],[6.6466524196735,4.94802112107794],[6.64363107621324,4.94695165539463],[6.63852394862135,4.94494637137797],[6.62612597583319,4.94012455730251],[6.61403823407727,4.93361636420389]]]},"properties":{"FID":6940,"globalid":"3975bb9b-4b7e-46e3-8013-25e030d18835","uniq_id":494463,"timestamp":1552694400000,"editor":"oluseye.abraham","wardname":"Aheward 11","wardcode":"RVSAHD11","lganame":"Ahoada East","lgacode":"33002","statename":"Rivers","statecode":"RI","amapcode":"NIE RVS AHD","status":"Operational Placeholder","source":"INEC","urban":"No","Shape__Area":0.0021084482141624505,"Shape__Length":0.18072152948850839}},{"type":"Feature","id":6946,"geometry":{"type":"Polygon","coordinates":[[[6.64894853005069,5.1281110191083],[6.66207206687244,5.12688466399612],[6.66349649316868,5.12730569959842],[6.6720498956862,5.12716407885921],[6.67296875640301,5.12886224979303],[6.6940745839749,5.12287699537706],[6.69655908523367,5.11894772515745],[6.69840294004371,5.11562970075016],[6.7219096921786,5.10546412676808],[6.72477627400588,5.09592044477273],[6.71039701291187,5.07854186821271],[6.70981621184876,5.07688055059697],[6.70586439742402,5.06935929099853],[6.70232594108938,5.06175663376166],[6.69932114785274,5.05606337212697],[6.69046539686065,5.05688926632661],[6.68094320236696,5.05818727312419],[6.67337020836845,5.07309062673107],[6.66221317589742,5.07851150710042],[6.66174911403044,5.08138788074615],[6.66042436499248,5.08328039067754],[6.66046046557807,5.08330885422032],[6.66018890719238,5.08729652641364],[6.66137239162265,5.09096132310663],[6.66190014527552,5.09727626358875],[6.66041607324325,5.10019139441738],[6.65561949324507,5.10673303420219],[6.64976800039295,5.10861287268597],[6.64660107378057,5.10908269021405],[6.64389829896737,5.11844850609373],[6.64894853005069,5.1281110191083]]]},"properties":{"FID":6946,"globalid":"3ccd7580-3f0d-4190-b21f-3c124ef3c372","uniq_id":494464,"timestamp":1552694400000,"editor":"oluseye.abraham","wardname":"Aheward 5","wardcode":"RVSAHD05","lganame":"Ahoada East","lgacode":"33002","statename":"Rivers","statecode":"RI","amapcode":"NIE RVS AHD","status":"Operational Placeholder","source":"INEC","urban":"No","Shape__Area":0.0034188240439192441,"Shape__Length":0.24720709181084113}},{"type":"Feature","id":6964,"geometry":{"type":"Polygon","coordinates":[[[7.23422129577625,5.11232710780985],[7.23320474800079,5.11227785014273],[7.227060683204,5.11240581557598],[7.22579604035502,5.11263909521813],[7.21108700865858,5.12003244424193],[7.20943793711115,5.12594788608612],[7.21449314684128,5.14361424660024],[7.21501003128799,5.1481157059751],[7.23043444489377,5.14000577084971],[7.23538783607984,5.13576924725299],[7.24016750072963,5.13380969106441],[7.24390991970705,5.1298042401736],[7.25245974741944,5.13251277784246],[7.25682796863589,5.13027600203594],[7.25640226555214,5.12873156570924],[7.25519932608807,5.12744723670068],[7.25265134078677,5.12503180517371],[7.24861147913651,5.12018419044807],[7.24649656506449,5.11948998487497],[7.24461834715902,5.11899628405132],[7.24283492768978,5.11828054241317],[7.24142136070731,5.11759379671639],[7.23927679598739,5.11552597744196],[7.2365826177936,5.1140919113127],[7.23426316731138,5.11236751974531],[7.23422129577625,5.11232710780985]]]},"properties":{"FID":6964,"globalid":"347ca954-4364-45e6-9ecb-9bcf8a20b1cc","uniq_id":494476,"timestamp":1552694400000,"editor":"oluseye.abraham","wardname":"Omward 4","wardcode":"RVSBER04","lganame":"Omumma","lgacode":"33019","statename":"Rivers","statecode":"RI","amapcode":"NIE RVS BER","status":"Operational Placeholder","source":"INEC","urban":"No","Shape__Area":0.00092545521301445888,"Shape__Length":0.1322510834772774}},{"type":"Feature","id":6971,"geometry":{"type":"Polygon","coordinates":[[[7.24191091026034,4.99626462811017],[7.24119710935918,4.994009017802],[7.23871789701337,4.98872779225388],[7.23509216327278,4.98100423825503],[7.23082627231469,4.97464779136254],[7.22835016262997,4.97095823273628],[7.22503099068774,4.96797941102108],[7.22286106238818,4.96603198758623],[7.21787786497151,4.96155977236566],[7.20908403410095,4.95650100671611],[7.19939422576294,4.95424699810053],[7.18369210330798,4.94989876881317],[7.18078350965129,4.96539167028942],[7.18054175839546,4.98051830037929],[7.18442921913322,5.00204484159622],[7.18691062942207,5.01528404292429],[7.18805714002502,5.01583772403177],[7.20448459988444,5.01638905431145],[7.20736032242098,5.01681477178431],[7.21194766075598,5.0177535605784],[7.21446661504228,5.01993337782318],[7.21661377520559,5.02177929387938],[7.21973100887902,5.02002571121767],[7.22890175281367,5.01178660017149],[7.2378922348388,4.99956260932703],[7.24191091026034,4.99626462811017]]]},"properties":{"FID":6971,"globalid":"3d0036a8-ca6e-481e-a901-daad66ae97e6","uniq_id":494477,"timestamp":1552694400000,"editor":"oluseye.abraham","wardname":"Omward 7","wardcode":"RVSBER07","lganame":"Omumma","lgacode":"33019","statename":"Rivers","statecode":"RI","amapcode":"NIE RVS BER","status":"Operational Placeholder","source":"INEC","urban":"No","Shape__Area":0.0030130996624180284,"Shape__Length":0.21326525334535146}},{"type":"Feature","id":6974,"geometry":{"type":"Polygon","coordinates":[[[6.56759221011248,4.92232740568528],[6.56118927906203,4.92752108762812],[6.54976567764396,4.92974706257695],[6.54654727563633,4.93418341193495],[6.54835042263397,4.93747634165987],[6.55505877604173,4.94094452227193],[6.55740521427924,4.94269111270472],[6.5561842362136,4.95095622315125],[6.55813579293255,4.96333957925822],[6.5529775649627,4.97249254809265],[6.60878468156784,4.97734751387674],[6.61152665872839,4.96757023028198],[6.61209616700455,4.95133243024753],[6.61309211940585,4.94443139079607],[6.6136083320589,4.93578621516173],[6.61403823407727,4.93361636420389],[6.61403624207895,4.93023995760802],[6.61384178706885,4.92598833259552],[6.59529701824283,4.92593609187719],[6.5890414474049,4.92296874191396],[6.56759221011248,4.92232740568528]]]},"properties":{"FID":6974,"globalid":"7daabc5f-4286-4d66-9f58-107180fb3e8a","uniq_id":494298,"timestamp":1552694400000,"editor":"oluseye.abraham","wardname":"Aboward 11","wardcode":"RVSABU11","lganame":"Abua/Odual","lgacode":"33001","statename":"Rivers","statecode":"RI","amapcode":"NIE RVS ABU","status":"Operational Placeholder","source":"INEC","urban":"No","Shape__Area":0.0029114065133768463,"Shape__Length":0.22581755171637338}},{"type":"Feature","id":6983,"geometry":{"type":"Polygon","coordinates":[[[7.2460504725513,5.07432850395736],[7.21979208093984,5.07560728414887],[7.2167944993667,5.0757109795781],[7.21665430315363,5.07740415837526],[7.21673793740592,5.07810812788784],[7.21747552717386,5.0810068703708],[7.21807363479047,5.08237286681441],[7.21791371284763,5.08318052096433],[7.21676177033947,5.08473064010701],[7.21541578561005,5.0867623875742],[7.21472279232307,5.08839094918301],[7.21514979672577,5.09093594603712],[7.21560582944551,5.09338664897473],[7.2162226069878,5.09694519796255],[7.21896417675538,5.09600501431999],[7.22375224826772,5.09534673306536],[7.22702026767126,5.09490209565524],[7.22936407179452,5.0945709940562],[7.23132494009394,5.09438232528413],[7.23592388597859,5.09380286511021],[7.23577400136912,5.0930995197271],[7.23561835480331,5.09183203681908],[7.23594963806539,5.0904884721653],[7.23530102182474,5.08896757829115],[7.23480047266372,5.08833711216806],[7.23432878994174,5.08794556173831],[7.23399236165824,5.08786344734028],[7.23347093023926,5.08798731096567],[7.23175477016656,5.08885275375161],[7.23145524106656,5.08840796075884],[7.23102899389301,5.0871762411906],[7.23077167537258,5.08612880080358],[7.23302597896583,5.08465725093146],[7.23562445310608,5.082953842346],[7.24087063297338,5.07946835697913],[7.24376131393353,5.07755331813115],[7.24496188098607,5.07558833363476],[7.2460504725513,5.07432850395736]]]},"properties":{"FID":6983,"globalid":"e774fd97-b975-4473-a10d-5fcad3aee000","uniq_id":494309,"timestamp":1552694400000,"editor":"oluseye.abraham","wardname":"Omward 10","wardcode":"RVSBER10","lganame":"Omumma","lgacode":"33019","statename":"Rivers","statecode":"RI","amapcode":"NIE RVS BER","status":"Operational Placeholder","source":"INEC","urban":"No","Shape__Area":0.0004154456930791639,"Shape__Length":0.1035342236055877}},{"type":"Feature","id":6992,"geometry":{"type":"Polygon","coordinates":[[[6.79313415461758,5.27847441596157],[6.77159426116629,5.267502962192],[6.75407263844158,5.2589104076892],[6.74315830870904,5.25452174488265],[6.7200006329229,5.24246728613639],[6.71686243875058,5.26795687970628],[6.71678542530719,5.26994312327656],[6.71717812327182,5.27922322297343],[6.71825118624332,5.28312017155872],[6.72007320731274,5.28712530768684],[6.72435807756329,5.29340737884752],[6.73271843161035,5.30123159935886],[6.75092100210259,5.31269328886424],[6.76145372610864,5.31589989986054],[6.76369476290301,5.31290864861529],[6.76562404611286,5.30851030280826],[6.77072477322974,5.30076789901938],[6.77392058876421,5.29747607635989],[6.77756595560442,5.29372119907413],[6.78623199461089,5.28479385395326],[6.79313415461758,5.27847441596157]]]},"properties":{"FID":6992,"globalid":"d25855b4-5ea7-4d2e-af78-3f84ba8f0cee","uniq_id":494320,"timestamp":1552694400000,"editor":"oluseye.abraham","wardname":"Emward 10","wardcode":"RVSMHA10","lganame":"Emuoha","lgacode":"33010","statename":"Rivers","statecode":"RI","amapcode":"NIE RVS MHA","status":"Operational Placeholder","source":"INEC","urban":"No","Shape__Area":0.0030284088614784821,"Shape__Length":0.22796799088718259}},{"type":"Feature","id":6993,"geometry":{"type":"Polygon","coordinates":[[[6.81656072589681,5.25944200864183],[6.8100721955754,5.22752871058157],[6.80547978596343,5.2248436218357],[6.7906374567533,5.21577658412212],[6.77800634191919,5.20824096504856],[6.75764481755431,5.19526663384812],[6.74795914519842,5.19578813721279],[6.73908518473354,5.19721236116158],[6.72696294678263,5.20448072600476],[6.70339988899372,5.21722435232203],[6.71275248124209,5.23144695241496],[6.71999186813025,5.24245074310738],[6.7200006329229,5.24246728613639],[6.74315830870904,5.25452174488265],[6.75407263844158,5.2589104076892],[6.77159426116629,5.267502962192],[6.79313415461758,5.27847441596157],[6.79444980611373,5.27726983973139],[6.80358409872724,5.26927185131495],[6.81136322003664,5.26408195461858],[6.81656072589681,5.25944200864183]]]},"properties":{"FID":6993,"globalid":"e28a6fd1-f1ca-4b42-86ab-d654f95cd5d4","uniq_id":494321,"timestamp":1552694400000,"editor":"oluseye.abraham","wardname":"Emward 11","wardcode":"RVSMHA11","lganame":"Emuoha","lgacode":"33010","statename":"Rivers","statecode":"RI","amapcode":"NIE RVS MHA","status":"Operational Placeholder","source":"INEC","urban":"No","Shape__Area":0.0054457157502483255,"Shape__Length":0.29575572586643062}},{"type":"Feature","id":6994,"geometry":{"type":"Polygon","coordinates":[[[6.76682950188007,5.01684473000034],[6.77361636070651,5.03220135271033],[6.77851940874376,5.04375489986876],[6.78251522160025,5.05177283614751],[6.79794504822547,5.05364383519486],[6.80595695904645,5.05477959889942],[6.8286340182454,5.0377267513885],[6.84641915402079,5.02627228164056],[6.84598668713596,5.02177172878231],[6.84602792824631,5.0169372711382],[6.84601857979368,5.00690529414408],[6.84683890539122,4.99906920617894],[6.84701379924746,4.98396345744766],[6.84662136568352,4.98235740676898],[6.80875990844305,4.99298321870066],[6.80865643334778,4.99312935763379],[6.79918078416591,4.99584677790654],[6.7946146626366,4.99708641960262],[6.77750671995921,4.99787900741029],[6.76682950188007,5.01684473000034]]]},"properties":{"FID":6994,"globalid":"f320a40a-9d51-4512-814d-c7fdaab11118","uniq_id":494322,"timestamp":1552694400000,"editor":"oluseye.abraham","wardname":"Emward 2","wardcode":"RVSMHA02","lganame":"Emuoha","lgacode":"33010","statename":"Rivers","statecode":"RI","amapcode":"NIE RVS MHA","status":"Operational Placeholder","source":"INEC","urban":"No","Shape__Area":0.0039073561766507225,"Shape__Length":0.24847181588719452}},{"type":"Feature","id":6995,"geometry":{"type":"Polygon","coordinates":[[[6.72572332667022,4.86762587243612],[6.73672841058772,4.88739269311833],[6.73600450130675,4.89437802422651],[6.73379827636938,4.90819689976718],[6.7401059413362,4.92679470521153],[6.74833677592153,4.93330711073463],[6.75051731712051,4.93193091238174],[6.75452903808468,4.92916875173654],[6.76363586900021,4.92298619235896],[6.76374050691891,4.92207841398766],[6.76412229790577,4.92092767297379],[6.76494524682573,4.91848639493122],[6.76506324057613,4.9181076283644],[6.76524814028949,4.91755791326716],[6.76546636617991,4.91720996916479],[6.76613984237986,4.91613616605127],[6.76637622288445,4.91578950797947],[6.76689895742101,4.91499967029858],[6.76711324697879,4.91493949306323],[6.76719989575861,4.91552455421487],[6.76727183073046,4.91578257600514],[6.76741116359437,4.91595381591594],[6.76766733727783,4.91619626594496],[6.76872303344129,4.91698996171743],[6.76963778695438,4.91794559031678],[6.76999842768532,4.91852285704425],[6.77049289383206,4.91933258143354],[6.77165211185553,4.92135560187955],[6.77197742271994,4.92192567492998],[6.7724734743714,4.92320294426054],[6.77308374262066,4.92437737881301],[6.78062705899163,4.92667618715637],[6.78435470210786,4.92844463201419],[6.79234998356492,4.93285369324337],[6.7946393787044,4.93417972471457],[6.7965628747769,4.93453900836857],[6.79946503468364,4.93594089405707],[6.80116884526603,4.93697446509952],[6.81051778806551,4.94201769406141],[6.8363446121142,4.9467643751758],[6.83451151859174,4.94136973972178],[6.83346684991523,4.9388905192821],[6.83053744774509,4.93148403116317],[6.82661967625711,4.92158126426398],[6.81430927315449,4.89054448773794],[6.81491928779496,4.88294232512823],[6.81305798164061,4.87998309604308],[6.80996763230041,4.87759187696361],[6.81321084210674,4.84275567793225],[6.79940059286309,4.82228923056357],[6.79568782813084,4.82149401044029],[6.78901834881782,4.82097011308031],[6.78490544333158,4.82070482117064],[6.7841854416049,4.82078310715474],[6.77569799896355,4.82199636993658],[6.7506702720155,4.8271929027303],[6.74094828143808,4.82523297242381],[6.72572332667022,4.86762587243612]]]},"properties":{"FID":6995,"globalid":"f795ff29-6598-4544-bdca-0c1c75056b2a","uniq_id":494323,"timestamp":1552694400000,"editor":"oluseye.abraham","wardname":"Emward 4","wardcode":"RVSMHA04","lganame":"Emuoha","lgacode":"33010","statename":"Rivers","statecode":"RI","amapcode":"NIE RVS MHA","status":"Operational Placeholder","source":"INEC","urban":"No","Shape__Area":0.00886093311028091,"Shape__Length":0.41993494706080442}},{"type":"Feature","id":7004,"geometry":{"type":"Polygon","coordinates":[[[6.98913287438268,5.12056869828683],[6.98865698193424,5.12675529741909],[6.98794314416079,5.12984859743489],[6.98675341303965,5.13246600320355],[6.98627752059116,5.13508341077085],[6.99485393316252,5.13303110480172],[7.00009727476947,5.14101430026977],[7.03527577016069,5.13785910441419],[7.035935223232,5.13514887961713],[7.03669665132946,5.12582139194376],[7.0371725437779,5.12410817984869],[7.03726772172803,5.12249014660301],[7.03764843532707,5.12058657770842],[7.03860022022405,5.11677943991924],[7.04050378911865,5.11144944773389],[7.04097968066776,5.1095458788393],[7.04231217916379,5.10564356309999],[7.04250253596331,5.10459660025293],[7.0402674913517,5.10469769304416],[7.03779285205854,5.10450733624464],[7.03132071817663,5.10450733624464],[7.02656179638984,5.10412662264559],[7.02427751389621,5.10355555224697],[7.0200896634073,5.10336519544745],[6.99229755718659,5.10317483864793],[6.99056055082883,5.10272273956281],[6.99056055082883,5.11128880003815],[6.98913287438268,5.11771334539463],[6.98913287438268,5.12056869828683]]]},"properties":{"FID":7004,"globalid":"a2ca19ed-bc57-4844-966a-3d731acbf109","uniq_id":494336,"timestamp":1552694400000,"editor":"oluseye.abraham","wardname":"Akwa / Odogwa","wardcode":"RVSKHE05","lganame":"Etche","lgacode":"33011","statename":"Rivers","statecode":"RI","amapcode":"NIE RVS KHE","status":"Operational Placeholder","source":"INEC","urban":"No","Shape__Area":0.0017077898438238037,"Shape__Length":0.17292874471001032}},{"type":"Feature","id":7008,"geometry":{"type":"Polygon","coordinates":[[[7.04146531457263,5.03065507277341],[7.04141209988853,5.02822097581742],[7.04192721267077,5.02777674580022],[7.04272278173102,5.02749150692756],[7.04295010696194,5.02685468979217],[7.04230053294327,5.02633823162415],[7.04220820944136,5.02567303368363],[7.04190406771858,5.02532788197624],[7.04167669482365,5.02462638290132],[7.04166772588491,5.02386063536011],[7.04118024207457,5.02341036189875],[7.04090407466339,5.02240381458444],[7.04153847172313,5.02109510495518],[7.04099769858499,5.02083583310724],[7.04071212786243,5.02054407325045],[7.04083460293464,5.02003165123978],[7.04085010185076,5.01999730343283],[7.04278383040952,5.01951014787505],[7.04273555929865,5.01868798855986],[7.04328970085908,5.01847146958272],[7.04420464862568,5.01898562009035],[7.04476687239327,5.01846732370808],[7.04429064899432,5.01807884356384],[7.04411259761832,5.01714735186886],[7.04591163921083,5.0158454132353],[7.04668154341852,5.01609537260339],[7.04769294976984,5.01539712098042],[7.0489333585877,5.01411451237487],[7.0508938257895,5.0126352427223],[7.05109599428476,5.01133409189487],[7.05127966012827,5.01032853383481],[7.05225170315362,5.01047945266464],[7.0527789334011,5.01057336796663],[7.05329595724265,5.01080621863213],[7.05601951988496,5.01206491156648],[7.05612338078942,5.01210656456635],[7.05763833374215,5.01271413305085],[7.06068875228414,5.01343562315554],[7.06166277471732,5.01359234710918],[7.06235856309723,5.01383057032461],[7.06290353966665,5.01421771497559],[7.06358679509458,5.01507374725566],[7.06423765964036,5.01575821676835],[7.0652846872386,5.01628647404158],[7.06638871656605,5.01655126592823],[7.09220392317258,5.01703932890194],[7.09695935379119,5.0096748562097],[7.10011304687964,5.00296653427819],[7.09767226796083,4.995452396411],[7.0959725007304,4.99549222558579],[7.05835209687183,4.99596318615215],[7.05341512730632,4.99171769091873],[7.05249694557762,4.9929856010047],[7.0500605103843,4.99521814100444],[7.04956102961785,4.99587696994627],[7.04874643090312,4.99705621137508],[7.04813073074865,4.99800914830359],[7.04723949990307,4.99936101459917],[7.04630088827543,5.00080907417947],[7.04587678238767,5.00149146985552],[7.04463898879834,5.00363588438859],[7.04338888259093,5.00564168371676],[7.04247215776394,5.00711701703676],[7.04203869712819,5.00761316491565],[7.04174850658836,5.00787920056473],[7.04126712108081,5.0084171678181],[7.04085296799013,5.00882598882839],[7.03959061121776,5.0101400853967],[7.03876000816791,5.01081874618825],[7.03702804880544,5.00970085291209],[7.03629867434438,5.00931289797194],[7.03611703917005,5.00923013066603],[7.03518606998119,5.00890981643494],[7.03471263807785,5.00866183107871],[7.03451752296536,5.00844777174734],[7.03399324968876,5.00793092597149],[7.03319653489223,5.00683464160545],[7.03238909657961,5.00545841807161],[7.03227300219731,5.00509154234084],[7.03221419642807,5.00390998965435],[7.03205541302691,5.00386634195814],[7.03190621010356,5.00410741602445],[7.0299333844182,5.00667735827352],[7.02697503127274,5.01021379383155],[7.02475097367852,5.0129460870923],[7.02040559794006,5.00941898379909],[7.01778792867003,5.00729563408629],[7.01622289966713,5.00463829482152],[7.01469651992852,5.00541161015775],[7.0128939943624,5.00637946324167],[7.00761259074852,5.02605979882071],[7.0120859768864,5.02729711756797],[7.01779668357011,5.02815372541414],[7.02322185460497,5.02977175776044],[7.02831321618203,5.03051216960097],[7.02921779206747,5.03081369519595],[7.03208228207171,5.03111522079087],[7.03313762030496,5.03156750873359],[7.03539906001868,5.03156750873359],[7.04146531457263,5.03065507277341]]]},"properties":{"FID":7008,"globalid":"d0cd379b-bd4a-44d0-b51b-a4ec2cf5bf07","uniq_id":494340,"timestamp":1552694400000,"editor":"oluseye.abraham","wardname":"Egbu / Ihie","wardcode":"RVSKHE03","lganame":"Etche","lgacode":"33011","statename":"Rivers","statecode":"RI","amapcode":"NIE RVS KHE","status":"Operational Placeholder","source":"INEC","urban":"No","Shape__Area":0.0017498232675343672,"Shape__Length":0.25989932231621821}},{"type":"Feature","id":7010,"geometry":{"type":"Polygon","coordinates":[[[6.64894853005069,5.1281110191083],[6.64750451022502,5.13504473812424],[6.64730740221489,5.13970008678962],[6.64854321909434,5.14390311603603],[6.65188852623453,5.15128920843028],[6.65586258089343,5.15716424823154],[6.66288028669589,5.16813389256515],[6.67514311476299,5.17743940620369],[6.67600287563226,5.1789948754132],[6.69397401818645,5.16914065571672],[6.69663111283563,5.16478420662588],[6.70469482100924,5.15761325095082],[6.71130515460925,5.15681744177158],[6.71345786808621,5.16248788310935],[6.72527451370792,5.15826798617866],[6.72201309802608,5.1467227532525],[6.71278700441678,5.14667397132678],[6.7114981895898,5.14620546501027],[6.70433216579687,5.14483872662601],[6.69758356772752,5.14049981791231],[6.69464992165661,5.14134038095386],[6.6940745839749,5.12287699537706],[6.67296875640301,5.12886224979303],[6.6720498956862,5.12716407885921],[6.66349649316868,5.12730569959842],[6.66207206687244,5.12688466399612],[6.64894853005069,5.1281110191083]]]},"properties":{"FID":7010,"globalid":"8c3a3f49-0554-47ce-bf0f-1c6281b2bd7b","uniq_id":494342,"timestamp":1552694400000,"editor":"oluseye.abraham","wardname":"Aheward 6","wardcode":"RVSAHD06","lganame":"Ahoada East","lgacode":"33002","statename":"Rivers","statecode":"RI","amapcode":"NIE RVS AHD","status":"Operational Placeholder","source":"INEC","urban":"No","Shape__Area":0.0023767287230569423,"Shape__Length":0.22970438398739151}},{"type":"Feature","id":7011,"geometry":{"type":"Polygon","coordinates":[[[7.17620731571509,5.12456626392196],[7.18650275359926,5.12232611116116],[7.20943793711115,5.12594788608612],[7.21108700865858,5.12003244424193],[7.20771449073123,5.10891810078977],[7.20365241672567,5.1028295862165],[7.20190308425998,5.09948362167182],[7.20073062371938,5.0958456859297],[7.19571764885046,5.08934651393054],[7.19766818663754,5.07793201634951],[7.18835215003173,5.06602066312314],[7.16984610601304,5.07378279713845],[7.15306662092786,5.07317312513965],[7.15111626570314,5.07870779492885],[7.14363128295741,5.08501231226842],[7.12823938883679,5.09077425782579],[7.12077699975879,5.09424300141342],[7.1198009997164,5.105320001417],[7.12064736788176,5.1080301857445],[7.12101800008071,5.10921700036431],[7.12203300012288,5.11495800071123],[7.12304833920956,5.11682106593946],[7.12440032961155,5.12748966221818],[7.12847446892164,5.12735637729503],[7.13916418218133,5.12573826131177],[7.14610200570303,5.12260078389909],[7.15484850435502,5.1227088608253],[7.16810752584172,5.11957635756289],[7.17620731571509,5.12456626392196]]]},"properties":{"FID":7011,"globalid":"8576bb66-2a95-488e-9c24-a33f7956b91b","uniq_id":494343,"timestamp":1552694400000,"editor":"oluseye.abraham","wardname":"Okomoko","wardcode":"RVSKHE12","lganame":"Etche","lgacode":"33011","statename":"Rivers","statecode":"RI","amapcode":"NIE RVS KHE","status":"Operational Placeholder","source":"INEC","urban":"No","Shape__Area":0.0037420347907506368,"Shape__Length":0.26681047740880309}},{"type":"Feature","id":7012,"geometry":{"type":"Polygon","coordinates":[[[7.06638871656605,5.01655126592823],[7.0652846872386,5.01628647404158],[7.06423765964036,5.01575821676835],[7.06358679509458,5.01507374725566],[7.06290353966665,5.01421771497559],[7.06235856309723,5.01383057032461],[7.06166277471732,5.01359234710918],[7.06068875228414,5.01343562315554],[7.05763833374215,5.01271413305085],[7.05612338078942,5.01210656456635],[7.05601951988496,5.01206491156648],[7.05329595724265,5.01080621863213],[7.0527789334011,5.01057336796663],[7.05225170315362,5.01047945266464],[7.05127966012827,5.01032853383481],[7.05109599428476,5.01133409189487],[7.0508938257895,5.0126352427223],[7.0489333585877,5.01411451237487],[7.04769294976984,5.01539712098042],[7.04668154341852,5.01609537260339],[7.04591163921083,5.0158454132353],[7.04411259761832,5.01714735186886],[7.04429064899432,5.01807884356384],[7.04476687239327,5.01846732370808],[7.04420464862568,5.01898562009035],[7.04328970085908,5.01847146958272],[7.04273555929865,5.01868798855986],[7.04278383040952,5.01951014787505],[7.04085010185076,5.01999730343283],[7.04083460293464,5.02003165123978],[7.04071212786243,5.02054407325045],[7.04099769858499,5.02083583310724],[7.04153847172313,5.02109510495518],[7.04090407466339,5.02240381458444],[7.04118024207457,5.02341036189875],[7.04166772588491,5.02386063536011],[7.04167669482365,5.02462638290132],[7.04190406771858,5.02532788197624],[7.04220820944136,5.02567303368363],[7.04230053294327,5.02633823162415],[7.04295010696194,5.02685468979217],[7.04272278173102,5.02749150692756],[7.04192721267077,5.02777674580022],[7.04141209988853,5.02822097581742],[7.04146531457263,5.03065507277341],[7.04182966500707,5.03247228157056],[7.04168918910483,5.03411978470035],[7.04123690116211,5.03638122531333],[7.04088097467729,5.03958916011169],[7.04057944998169,5.04094602393991],[7.04268410278917,5.04739565858284],[7.04290389170131,5.05299632781833],[7.04396131096576,5.05731404131001],[7.0452938103611,5.05769475490905],[7.0460345963196,5.06156982568695],[7.04728976121356,5.06184941232056],[7.05109689900274,5.06194459117],[7.0521438618498,5.06213494796953],[7.05400272364682,5.0627366546729],[7.05769129391814,5.06394533091236],[7.06127434763306,5.06529951566017],[7.06299187467533,5.06194459117],[7.06756276980605,5.06194459117],[7.06946633780132,5.0622301259196],[7.0751057732129,5.06216007143018],[7.0789622945743,5.06211216364551],[7.07827447958363,5.06075663710914],[7.07801177232545,5.05933046432949],[7.0773659089096,5.05437239576952],[7.07695382336033,5.05109226609522],[7.07667236613685,5.05015286756083],[7.076229513881,5.04910099441543],[7.0746873492418,5.04645586614538],[7.07334083121441,5.04496776784828],[7.07213068728146,5.0439774101294],[7.07131977129046,5.04313720861535],[7.07086261891476,5.04200754411289],[7.07067734778144,5.04061324960185],[7.07039086064975,5.04003847759373],[7.07010777385472,5.03834334816702],[7.0701059572242,5.03833246637026],[7.06990911721203,5.03685914393441],[7.07007095111356,5.03538078889233],[7.07008527641443,5.03443647556293],[7.06999363909523,5.03352492633434],[7.06978917463073,5.03242634330115],[7.06950394924792,5.03154587014586],[7.06939276426471,5.03078282866466],[7.06941899119352,5.02998361375285],[7.06940746818015,5.02969416155634],[7.06954741618034,5.0283459267232],[7.06956065060359,5.02725239338332],[7.06947872596248,5.02642045394083],[7.06910688057815,5.02556325524006],[7.06789817376176,5.02409271530661],[7.06722563285672,5.02306053461604],[7.06674376980919,5.02232118937144],[7.06611788932918,5.02127087295247],[7.06568829397963,5.02047425887997],[7.06538038319815,5.01993308824149],[7.06532300555233,5.01947654830411],[7.06594721509197,5.01786978176506],[7.06638871656605,5.01655126592823]]]},"properties":{"FID":7012,"globalid":"87de471c-7a35-47a0-b9c1-a429f6fee6f1","uniq_id":494344,"timestamp":1552694400000,"editor":"oluseye.abraham","wardname":"Ulakwo","wardcode":"RVSKHE15","lganame":"Etche","lgacode":"33011","statename":"Rivers","statecode":"RI","amapcode":"NIE RVS KHE","status":"Operational Placeholder","source":"INEC","urban":"No","Shape__Area":0.001426734090532733,"Shape__Length":0.16484400576462205}},{"type":"Feature","id":7013,"geometry":{"type":"Polygon","coordinates":[[[6.84662136568352,4.98235740676898],[6.84701379924746,4.98396345744766],[6.84683890539122,4.99906920617894],[6.84601857979368,5.00690529414408],[6.84602792824631,5.0169372711382],[6.84598668713596,5.02177172878231],[6.84641915402079,5.02627228164056],[6.8697079986253,5.0387504559688],[6.87309521237421,5.03785530317975],[6.89503126528069,5.02871502557804],[6.89139298419889,5.01033071828806],[6.8926961072396,5.0060270917769],[6.89441174210828,4.99354465915872],[6.89495798042651,4.99158119271794],[6.89386454511271,4.99099496334691],[6.88921125139819,4.98629551102908],[6.88515848717446,4.98210507139197],[6.88252908624838,4.97875641067986],[6.87919889401377,4.978020644737],[6.87643682869674,4.97667446575406],[6.87115870221237,4.9764518493734],[6.86045529227795,4.9798087820497],[6.84674369956213,4.98086748734471],[6.84662136568352,4.98235740676898]]]},"properties":{"FID":7013,"globalid":"0df5ed7e-bed9-438b-b710-d7921fe1ca6a","uniq_id":494345,"timestamp":1552694400000,"editor":"oluseye.abraham","wardname":"Ikward 2","wardcode":"RVSSPK02","lganame":"Ikwerre","lgacode":"33013","statename":"Rivers","statecode":"RI","amapcode":"NIE RVS SKP","status":"Operational Placeholder","source":"INEC","urban":"No","Shape__Area":0.002496379316532682,"Shape__Length":0.19176309721900639}},{"type":"Feature","id":7014,"geometry":{"type":"Polygon","coordinates":[[[6.89916869617844,5.0299625678183],[6.90430208487339,5.04802411921776],[6.90556533287383,5.05701517770831],[6.90727916190383,5.0649239245995],[6.90840305995329,5.07553089933157],[6.90916074327373,5.08256923738043],[6.90948465299437,5.08388614343085],[6.92503051014995,5.08901317481821],[6.93801263487524,5.07293428678793],[6.939814977879,5.07081903277219],[6.94147209566074,5.06830207228285],[6.94175975820633,5.06250461609523],[6.94159417503118,5.05741130208997],[6.94216366532095,5.03057874011682],[6.94039161777897,5.02607687874502],[6.93471858099775,5.02276623597305],[6.93035329606784,5.02342937266747],[6.92862756181256,5.02343137815564],[6.89916869617844,5.0299625678183]]]},"properties":{"FID":7014,"globalid":"1ba2ba19-8a63-4a2b-a166-f43cffcbc8da","uniq_id":494346,"timestamp":1552694400000,"editor":"oluseye.abraham","wardname":"Ikward 6","wardcode":"RVSSPK06","lganame":"Ikwerre","lgacode":"33013","statename":"Rivers","statecode":"RI","amapcode":"NIE RVS SKP","status":"Operational Placeholder","source":"INEC","urban":"No","Shape__Area":0.0020942204357048411,"Shape__Length":0.18333854939692054}},{"type":"Feature","id":7015,"geometry":{"type":"Polygon","coordinates":[[[6.8697079986253,5.0387504559688],[6.86625438073514,5.05761566583038],[6.86367377972118,5.07036659913928],[6.85786232108927,5.08664554855329],[6.86283985907227,5.09827133555376],[6.887695724678,5.09383665713608],[6.9043707211319,5.08599135112001],[6.90948465299437,5.08388614343085],[6.90916074327373,5.08256923738043],[6.90840305995329,5.07553089933157],[6.90727916190383,5.0649239245995],[6.90556533287383,5.05701517770831],[6.90430208487339,5.04802411921776],[6.89916869617844,5.0299625678183],[6.89503126528069,5.02871502557804],[6.87309521237421,5.03785530317975],[6.8697079986253,5.0387504559688]]]},"properties":{"FID":7015,"globalid":"3408ed60-f3bf-4acc-a8a6-9a40bec9216a","uniq_id":494347,"timestamp":1552694400000,"editor":"oluseye.abraham","wardname":"Ikward 8","wardcode":"RVSSPK08","lganame":"Ikwerre","lgacode":"33013","statename":"Rivers","statecode":"RI","amapcode":"NIE RVS SKP","status":"Operational Placeholder","source":"INEC","urban":"No","Shape__Area":0.0024755722791844903,"Shape__Length":0.19796606728679458}},{"type":"Feature","id":7031,"geometry":{"type":"Polygon","coordinates":[[[7.29068517288249,5.15855253167405],[7.28982810188546,5.15521346223153],[7.28919457267142,5.15274529356049],[7.28772497163021,5.14701986317618],[7.28131254823558,5.13392903829453],[7.28130429875443,5.13391219758989],[7.28053810874678,5.13234803733212],[7.28021812366751,5.13169479407952],[7.27931666393295,5.1228505616042],[7.25989661103984,5.13219125941913],[7.25682796863589,5.13027600203594],[7.25245974741944,5.13251277784246],[7.24390991970705,5.1298042401736],[7.24016750072963,5.13380969106441],[7.23538783607984,5.13576924725299],[7.23043444489377,5.14000577084971],[7.21501003128799,5.1481157059751],[7.21430313268348,5.15301680428212],[7.21459739805152,5.15786703873289],[7.2079938282526,5.16279013715513],[7.22102172936934,5.18367279975996],[7.23264788599118,5.17182008323033],[7.27565553827253,5.1590556196212],[7.2771434351215,5.15853913986945],[7.29068517288249,5.15855253167405]]]},"properties":{"FID":7031,"globalid":"45d23917-0c89-483c-b044-88818a3379a7","uniq_id":494478,"timestamp":1552694400000,"editor":"oluseye.abraham","wardname":"Omward 6","wardcode":"RVSBER06","lganame":"Omumma","lgacode":"33019","statename":"Rivers","statecode":"RI","amapcode":"NIE RVS BER","status":"Operational Placeholder","source":"INEC","urban":"No","Shape__Area":0.0024720230955637135,"Shape__Length":0.2307390227685851}},{"type":"Feature","id":7105,"geometry":{"type":"Polygon","coordinates":[[[6.41353375437933,4.80103969312739],[6.41281223279833,4.80288696266325],[6.40886497523849,4.81225013723412],[6.40285049825195,4.82592851528881],[6.40227508502721,4.82723712869057],[6.39927911773714,4.83844184861249],[6.39904265719292,4.8430221668396],[6.39860677738091,4.85146522524002],[6.39839410840142,4.86448001873794],[6.40088415128258,4.87512397808916],[6.40430689364825,4.88229006573397],[6.40660619661872,4.88710403412392],[6.41456604029059,4.89625692381804],[6.42071914687119,4.90683698723723],[6.42555999779569,4.92069101278008],[6.43398618671318,4.93030118884883],[6.44412699966136,4.93427300059852],[6.45379500033903,4.93295800021161],[6.46592400029243,4.92699300032677],[6.47662199990543,4.91805500003829],[6.4871000001649,4.9098130003697],[6.49069799971295,4.90399000073802],[6.49472099997422,4.89608800056084],[6.49830799991429,4.88957700067806],[6.49379799518135,4.88859617667225],[6.48265093799046,4.87250506235881],[6.48671257042884,4.85484292775897],[6.48683949894377,4.8476379138587],[6.48849764824791,4.84313478804006],[6.48927322088247,4.84060623978621],[6.49139233119121,4.83206913208483],[6.49189013292334,4.82891775295201],[6.49050556907679,4.82755005678973],[6.45861416231378,4.82751674140457],[6.41987911982557,4.80487470630271],[6.41353375437933,4.80103969312739]]]},"properties":{"FID":7105,"globalid":"e5306969-05dc-40ba-ba60-17e706e9d285","uniq_id":494458,"timestamp":1552694400000,"editor":"oluseye.abraham","wardname":"Aboward 7","wardcode":"RVSABU07","lganame":"Abua/Odual","lgacode":"33001","statename":"Rivers","statecode":"RI","amapcode":"NIE RVS ABU","status":"Operational Placeholder","source":"INEC","urban":"No","Shape__Area":0.0087348540568648048,"Shape__Length":0.38185569971617705}},{"type":"Feature","id":7106,"geometry":{"type":"Polygon","coordinates":[[[6.57415484097316,4.85533965390198],[6.5794950530543,4.86563714044172],[6.5764417773662,4.87042128911128],[6.57306195244718,4.87564509744334],[6.57512493876499,4.88053525459839],[6.57311754943538,4.88489349244077],[6.56949006201683,4.88947015132646],[6.57113182387462,4.89361605833449],[6.57711822222819,4.89904140383777],[6.57458194789865,4.90373668240204],[6.57104008133473,4.90607902242897],[6.56575490326622,4.9072059979585],[6.56139147093967,4.90892096912745],[6.55898460905252,4.91505983404414],[6.56284082284577,4.91395230005867],[6.5680814736811,4.91424169469849],[6.56759221011248,4.92232740568528],[6.5890414474049,4.92296874191396],[6.59529701824283,4.92593609187719],[6.61384178706885,4.92598833259552],[6.61907358767598,4.91640513259085],[6.63156421581596,4.91171515103343],[6.64323869031335,4.90678024990865],[6.64601389382619,4.90268934183968],[6.62827119795747,4.87223586109616],[6.62627039436325,4.87084117268205],[6.61534768204996,4.87239847740784],[6.60854792874397,4.87041037314026],[6.59847954719339,4.87390927279478],[6.57938744017827,4.85213794061349],[6.57415484097316,4.85533965390198]]]},"properties":{"FID":7106,"globalid":"ef93284c-776d-4bc6-abb9-88adce10dbd5","uniq_id":494459,"timestamp":1552694400000,"editor":"oluseye.abraham","wardname":"Aboward 10","wardcode":"RVSABU10","lganame":"Abua/Odual","lgacode":"33001","statename":"Rivers","statecode":"RI","amapcode":"NIE RVS ABU","status":"Operational Placeholder","source":"INEC","urban":"No","Shape__Area":0.0035186906905657622,"Shape__Length":0.28596905457944871}},{"type":"Feature","id":7107,"geometry":{"type":"Polygon","coordinates":[[[6.64634243865265,4.85271226475925],[6.64416684012764,4.85138876398031],[6.64229728089487,4.85237840763745],[6.64055620510482,4.85353042029271],[6.63920160487021,4.85479079495929],[6.63904596909623,4.85483394712901],[6.64044235722906,4.86105431400546],[6.64118179510382,4.86225353207487],[6.64010515013263,4.86399755404392],[6.64152132784704,4.8645817878193],[6.62827119795747,4.87223586109616],[6.64601389382619,4.90268934183968],[6.66795709724227,4.88848399074362],[6.66935976713961,4.88483921026142],[6.66882160203534,4.88413156791756],[6.65627111681863,4.87256619917082],[6.65368958320772,4.86856561541089],[6.65116980064585,4.8649335153695],[6.64992611379915,4.86196721761303],[6.64898564327285,4.85975211816577],[6.64919615657743,4.85827060110739],[6.64876600184954,4.85564611227829],[6.65162498980146,4.85371149518937],[6.65136856520718,4.85072109110553],[6.65123475687858,4.84862281539068],[6.65012321011812,4.84804619977234],[6.64634243865265,4.85271226475925]]]},"properties":{"FID":7107,"globalid":"fac26da9-5cdb-41bb-8be1-472b9f5f282e","uniq_id":494460,"timestamp":1552694400000,"editor":"oluseye.abraham","wardname":"Aboward 4","wardcode":"RVSABU04","lganame":"Abua/Odual","lgacode":"33001","statename":"Rivers","statecode":"RI","amapcode":"NIE RVS ABU","status":"Operational Placeholder","source":"INEC","urban":"No","Shape__Area":0.00099439847034688,"Shape__Length":0.15344937374934381}},{"type":"Feature","id":7108,"geometry":{"type":"Polygon","coordinates":[[[6.57660386577584,5.06340068799142],[6.57638249855353,5.09362526159657],[6.57367665075685,5.10567283693194],[6.57299697732867,5.11807358233],[6.59461408297358,5.12059707459537],[6.60677993624512,5.10645120196148],[6.61478347887447,5.10102739429885],[6.62576266411571,5.09792302812531],[6.63171819683737,5.09610467269255],[6.63592476221805,5.09580631900644],[6.63653499809175,5.08787551444351],[6.63741324812293,5.08236864539674],[6.6405318388733,5.07623661532756],[6.64393076988915,5.069480867648],[6.64462511036061,5.06694729218384],[6.64723783605734,5.06388771584545],[6.65399888434109,5.05475879398318],[6.62757980366507,5.05651082711302],[6.62663937990351,5.05737750197017],[6.61538506506872,5.05734980195183],[6.60464515165245,5.06160839131428],[6.59704551523839,5.04700243541413],[6.58367330238104,5.04943731388096],[6.57786649864005,5.05148238120699],[6.57660386577584,5.06340068799142]]]},"properties":{"FID":7108,"globalid":"166242bd-e700-494a-8e9a-a60316cba6fa","uniq_id":494461,"timestamp":1552694400000,"editor":"oluseye.abraham","wardname":"Aheward 10","wardcode":"RVSAHD10","lganame":"Ahoada East","lgacode":"33002","statename":"Rivers","statecode":"RI","amapcode":"NIE RVS AHD","status":"Operational Placeholder","source":"INEC","urban":"No","Shape__Area":0.0035159202892245389,"Shape__Length":0.27168117335320158}},{"type":"Feature","id":7109,"geometry":{"type":"Polygon","coordinates":[[[6.57786649864005,5.05148238120699],[6.58367330238104,5.04943731388096],[6.59704551523839,5.04700243541413],[6.61190006623514,5.03552933171335],[6.61089405131946,5.03453930044839],[6.61321296490644,5.02732168434829],[6.61385181181174,5.02348117181867],[6.61507402374724,5.01622590560112],[6.61516310519318,5.01008204405116],[6.61586085859182,5.00217577209423],[6.61657966691814,4.99815660384422],[6.61900282092347,4.99381597922411],[6.61817891512487,4.99248712837834],[6.60878468156784,4.97734751387674],[6.5529775649627,4.97249254809265],[6.54555329095166,4.97701488073221],[6.54414532584616,4.98347807175566],[6.56007259987064,4.99568838121388],[6.56661733242402,5.01473160378055],[6.57626337795256,5.02663702058209],[6.57786649864005,5.05148238120699]]]},"properties":{"FID":7109,"globalid":"239afc1f-ae66-4c12-bcdd-d368eb393db9","uniq_id":494462,"timestamp":1552694400000,"editor":"oluseye.abraham","wardname":"Aheward 9","wardcode":"RVSAHD09","lganame":"Ahoada East","lgacode":"33002","statename":"Rivers","statecode":"RI","amapcode":"NIE RVS AHD","status":"Operational Placeholder","source":"INEC","urban":"No","Shape__Area":0.0035161653311668317,"Shape__Length":0.25302884447509794}},{"type":"Feature","id":7110,"geometry":{"type":"Polygon","coordinates":[[[6.57299697732867,5.11807358233],[6.57434097725434,5.13391182527056],[6.57755206957239,5.14376665111013],[6.57859192957392,5.15211876826658],[6.58587137226607,5.17230497609381],[6.57872774429001,5.17715339481339],[6.58275131382214,5.18512860610036],[6.58959658181686,5.19150956761251],[6.62259101606259,5.2013852316432],[6.62605899972311,5.20032100001418],[6.63403499971554,5.19419500079869],[6.63582321436991,5.19450559155985],[6.64034418993248,5.19414867402213],[6.64855333017209,5.19426764713427],[6.6506948452909,5.19438662024635],[6.65224149484914,5.19486251179552],[6.66056960820089,5.1946245655713],[6.66031396691608,5.19577870961979],[6.66025448036004,5.1985150893999],[6.66031396691608,5.20755704142437],[6.66049242658426,5.20856831287739],[6.66049242658426,5.21707488589732],[6.66025448036004,5.2180861555517],[6.66033860294419,5.22281143010349],[6.66078475121532,5.22682676993952],[6.66078475121532,5.23262670555806],[6.67105116977569,5.22665513702498],[6.68443531214001,5.21471723221453],[6.67898145003392,5.19456747930576],[6.67600287563226,5.1789948754132],[6.67514311476299,5.17743940620369],[6.66288028669589,5.16813389256515],[6.65586258089343,5.15716424823154],[6.65188852623453,5.15128920843028],[6.64854321909434,5.14390311603603],[6.64730740221489,5.13970008678962],[6.64750451022502,5.13504473812424],[6.64894853005069,5.1281110191083],[6.64389829896737,5.11844850609373],[6.64660107378057,5.10908269021405],[6.64058910410392,5.10719137188437],[6.63793082055099,5.10476565301252],[6.63592476221805,5.09580631900644],[6.63171819683737,5.09610467269255],[6.62576266411571,5.09792302812531],[6.61478347887447,5.10102739429885],[6.60677993624512,5.10645120196148],[6.59461408297358,5.12059707459537],[6.57299697732867,5.11807358233]]]},"properties":{"FID":7110,"globalid":"3cf8f39b-f58b-41fc-82ae-12ae56a5e186","uniq_id":494465,"timestamp":1552694400000,"editor":"oluseye.abraham","wardname":"Aheward 7","wardcode":"RVSAHD07","lganame":"Ahoada East","lgacode":"33002","statename":"Rivers","statecode":"RI","amapcode":"NIE RVS AHD","status":"Operational Placeholder","source":"INEC","urban":"No","Shape__Area":0.0075328872602717922,"Shape__Length":0.435674522517819}},{"type":"Feature","id":7111,"geometry":{"type":"Polygon","coordinates":[[[6.66221317589742,5.07851150710042],[6.67337020836845,5.07309062673107],[6.68094320236696,5.05818727312419],[6.65933725281201,5.05040193660017],[6.65730374806958,5.05286821039965],[6.66173879790722,5.06230954055292],[6.66381508699669,5.06594280161903],[6.66625959810204,5.07022040804543],[6.66114977614131,5.07208067278486],[6.65746043515099,5.0742494175766],[6.66059135740528,5.07455775283807],[6.66221317589742,5.07851150710042]]]},"properties":{"FID":7111,"globalid":"64fdeed1-3703-4c30-8372-aa72c77e8585","uniq_id":494467,"timestamp":1552694400000,"editor":"oluseye.abraham","wardname":"Aheward 1","wardcode":"RVSAHD01","lganame":"Ahoada East","lgacode":"33002","statename":"Rivers","statecode":"RI","amapcode":"NIE RVS AHD","status":"Operational Placeholder","source":"INEC","urban":"No","Shape__Area":0.00034327164420844269,"Shape__Length":0.091963259121432661}},{"type":"Feature","id":7112,"geometry":{"type":"Polygon","coordinates":[[[6.65268043775205,5.07681891556058],[6.65229386237189,5.07637415224536],[6.65205908805649,5.07546697192328],[6.65198618811212,5.07456707700902],[6.65188843360437,5.07336036758693],[6.65195164874962,5.072288166166],[6.65214906612653,5.07104077770975],[6.65225673026396,5.07024209969319],[6.65221580121829,5.07000763384525],[6.65209697199771,5.06976072587685],[6.65155708469177,5.06935162787539],[6.65068297513926,5.06907926099916],[6.65127734877069,5.06871799074275],[6.65306682337524,5.0675639672034],[6.65720043575158,5.06489821837812],[6.66173879790722,5.06230954055292],[6.65730374806958,5.05286821039965],[6.65399888434109,5.05475879398318],[6.64723783605734,5.06388771584545],[6.64462511036061,5.06694729218384],[6.64393076988915,5.069480867648],[6.6405318388733,5.07623661532756],[6.63741324812293,5.08236864539674],[6.63653499809175,5.08787551444351],[6.63592476221805,5.09580631900644],[6.63793082055099,5.10476565301252],[6.64058910410392,5.10719137188437],[6.64660107378057,5.10908269021405],[6.64976800039295,5.10861287268597],[6.65561949324507,5.10673303420219],[6.66041607324325,5.10019139441738],[6.66190014527552,5.09727626358875],[6.66137239162265,5.09096132310663],[6.66018890719238,5.08729652641364],[6.66046046557807,5.08330885422032],[6.66042436499248,5.08328039067754],[6.66174911403044,5.08138788074615],[6.66221317589742,5.07851150710042],[6.66059135740528,5.07455775283807],[6.65746043515099,5.0742494175766],[6.65671718774809,5.07469741755182],[6.65568202130828,5.07534985501184],[6.65428894178126,5.07600112335319],[6.65391248917007,5.07625191459425],[6.65353872373316,5.07647422880268],[6.65268043775205,5.07681891556058]]]},"properties":{"FID":7112,"globalid":"7bc8ab16-0911-4a7c-a166-5a7db4137bc5","uniq_id":494468,"timestamp":1552694400000,"editor":"oluseye.abraham","wardname":"Aheward 4","wardcode":"RVSAHD04","lganame":"Ahoada East","lgacode":"33002","statename":"Rivers","statecode":"RI","amapcode":"NIE RVS AHD","status":"Operational Placeholder","source":"INEC","urban":"Yes","Shape__Area":0.00094718109379599014,"Shape__Length":0.154206000185341}},{"type":"Feature","id":7113,"geometry":{"type":"Polygon","coordinates":[[[7.23314056428563,5.03342447925638],[7.23306588008637,5.033449155754],[7.22841131383109,5.03803338063608],[7.22500416570972,5.04089809367213],[7.21715908272552,5.04394031579301],[7.21366639109112,5.04466188863529],[7.20637853524124,5.04736010928167],[7.20057874441358,5.04946804821191],[7.19090401500836,5.05338410019613],[7.18918608956642,5.05351052868798],[7.18835215003173,5.06602066312314],[7.19766818663754,5.07793201634951],[7.21140822131241,5.07509303741381],[7.21139462985832,5.07497541957997],[7.21418395092866,5.07418878618358],[7.2167944993667,5.0757109795781],[7.21997219266262,5.06763336698634],[7.22010479230238,5.06280312086739],[7.22088916929977,5.05938082096816],[7.22152928155117,5.05694443613686],[7.22550321300292,5.05347383275125],[7.2276179544051,5.05152213483871],[7.22898855987421,5.05040392769916],[7.23142212802884,5.05007696927674],[7.23206555068464,5.04998919184777],[7.23313120414178,5.04976104643521],[7.23336175074422,5.04810061914833],[7.23461924398299,5.04792993681718],[7.23314056428563,5.03342447925638]]]},"properties":{"FID":7113,"globalid":"d5bb22a0-d059-4224-b4ee-a6528369f8d6","uniq_id":494469,"timestamp":1552694400000,"editor":"oluseye.abraham","wardname":"Omward 9","wardcode":"RVSBER09","lganame":"Omumma","lgacode":"33019","statename":"Rivers","statecode":"RI","amapcode":"NIE RVS BER","status":"Operational Placeholder","source":"INEC","urban":"No","Shape__Area":0.0010192856669455352,"Shape__Length":0.14806002655173342}},{"type":"Feature","id":7114,"geometry":{"type":"Polygon","coordinates":[[[6.61403823407727,4.93361636420389],[6.62612597583319,4.94012455730251],[6.63852394862135,4.94494637137797],[6.64363107621324,4.94695165539463],[6.6466524196735,4.94802112107794],[6.64940950634372,4.9483512568051],[6.65302732155368,4.95182944507286],[6.65455510333538,4.96019285591564],[6.66128123184342,4.96994749727924],[6.67124910426281,4.96083803135014],[6.67134689834074,4.959948061354],[6.6697168879241,4.9512786678763],[6.6704040347185,4.94418600537989],[6.66377403384462,4.93167841872412],[6.67281163944563,4.92836104902324],[6.67894974983113,4.92603638786903],[6.69929659726023,4.9281315294466],[6.70252432433813,4.92115406201037],[6.69338851816565,4.91306240920289],[6.68731046720433,4.90643712617248],[6.68350090124562,4.9029675291282],[6.67766977174261,4.89773039194409],[6.67597761997121,4.8962907149446],[6.66795709724227,4.88848399074362],[6.64601389382619,4.90268934183968],[6.64323869031335,4.90678024990865],[6.63156421581596,4.91171515103343],[6.61907358767598,4.91640513259085],[6.61384178706885,4.92598833259552],[6.61403624207895,4.93023995760802],[6.61403823407727,4.93361636420389]]]},"properties":{"FID":7114,"globalid":"7c0bbcbc-7379-4b12-a067-e97b19c5c7f9","uniq_id":494470,"timestamp":1552694400000,"editor":"oluseye.abraham","wardname":"Aheward 12","wardcode":"RVSAHD12","lganame":"Ahoada East","lgacode":"33002","statename":"Rivers","statecode":"RI","amapcode":"NIE RVS AHD","status":"Operational Placeholder","source":"INEC","urban":"No","Shape__Area":0.0031311125419826169,"Shape__Length":0.27595446774032611}},{"type":"Feature","id":7115,"geometry":{"type":"Polygon","coordinates":[[[6.59704551523839,5.04700243541413],[6.60464515165245,5.06160839131428],[6.61538506506872,5.05734980195183],[6.62663937990351,5.05737750197017],[6.62757980366507,5.05651082711302],[6.65399888434109,5.05475879398318],[6.65730374806958,5.05286821039965],[6.65933725281201,5.05040193660017],[6.65767485960714,5.0465669998672],[6.65091132020132,5.03918182658009],[6.64986529534713,5.0376196115559],[6.64896711633941,5.03600485004387],[6.64892197307063,5.03451636503826],[6.64897621927713,5.03153804514471],[6.64906640868787,5.02772300771068],[6.64949506064858,5.02145531940749],[6.64821161837153,5.0176155587111],[6.64783084271926,5.01479799802922],[6.63612094302715,4.99443048417953],[6.61900282092347,4.99381597922411],[6.61657966691814,4.99815660384422],[6.61586085859182,5.00217577209423],[6.61516310519318,5.01008204405116],[6.61507402374724,5.01622590560112],[6.61385181181174,5.02348117181867],[6.61321296490644,5.02732168434829],[6.61089405131946,5.03453930044839],[6.61190006623514,5.03552933171335],[6.59704551523839,5.04700243541413]]]},"properties":{"FID":7115,"globalid":"cf932656-026e-448b-82e5-8c14b79d2802","uniq_id":494471,"timestamp":1552694400000,"editor":"oluseye.abraham","wardname":"Aheward 8","wardcode":"RVSAHD08","lganame":"Ahoada East","lgacode":"33002","statename":"Rivers","statecode":"RI","amapcode":"NIE RVS AHD","status":"Operational Placeholder","source":"INEC","urban":"No","Shape__Area":0.0024024284517629724,"Shape__Length":0.21618364414066496}},{"type":"Feature","id":7116,"geometry":{"type":"Polygon","coordinates":[[[6.63612094302715,4.99443048417953],[6.64783084271926,5.01479799802922],[6.64821161837153,5.0176155587111],[6.64949506064858,5.02145531940749],[6.64906640868787,5.02772300771068],[6.64897621927713,5.03153804514471],[6.64892197307063,5.03451636503826],[6.64896711633941,5.03600485004387],[6.64986529534713,5.0376196115559],[6.65091132020132,5.03918182658009],[6.65767485960714,5.0465669998672],[6.65933725281201,5.05040193660017],[6.68094320236696,5.05818727312419],[6.69046539686065,5.05688926632661],[6.69932114785274,5.05606337212697],[6.70112076680999,5.05144316177257],[6.70400153004664,5.0428791724359],[6.707678195992,5.03309207184168],[6.71195214937222,5.01795968968798],[6.6866245057164,5.01335971407957],[6.68342765416298,5.00717135407479],[6.6731027553879,4.99729015831423],[6.67237330178648,4.99328233141449],[6.67164207112472,4.98823286925159],[6.67980554918677,4.97952035058375],[6.68204205609607,4.97267569772532],[6.67578359034047,4.96352181158238],[6.67124910426281,4.96083803135014],[6.66128123184342,4.96994749727924],[6.65807379167222,4.97501428937801],[6.65287777508928,4.98192797239807],[6.65301605934371,4.98293147190992],[6.63612094302715,4.99443048417953]]]},"properties":{"FID":7116,"globalid":"e40b04b9-87b0-4c91-888e-f2e81c035d95","uniq_id":494472,"timestamp":1552694400000,"editor":"oluseye.abraham","wardname":"Aheward 13","wardcode":"RVSAHD13","lganame":"Ahoada East","lgacode":"33002","statename":"Rivers","statecode":"RI","amapcode":"NIE RVS AHD","status":"Operational Placeholder","source":"INEC","urban":"No","Shape__Area":0.003695837102618782,"Shape__Length":0.28578843495368972}},{"type":"Feature","id":7117,"geometry":{"type":"Polygon","coordinates":[[[6.65470776595066,5.0729720430254],[6.65567299391358,5.07307995717434],[6.65746043515099,5.0742494175766],[6.66114977614131,5.07208067278486],[6.66625959810204,5.07022040804543],[6.66381508699669,5.06594280161903],[6.66173879790722,5.06230954055292],[6.65720043575158,5.06489821837812],[6.65306682337524,5.0675639672034],[6.65127734877069,5.06871799074275],[6.65068297513926,5.06907926099916],[6.65155708469177,5.06935162787539],[6.65209697199771,5.06976072587685],[6.65221580121829,5.07000763384525],[6.65225673026396,5.07024209969319],[6.65214906612653,5.07104077770975],[6.65195164874962,5.072288166166],[6.65188843360437,5.07336036758693],[6.65241095590096,5.0730753751285],[6.6527892467264,5.0729298783113],[6.65305165181235,5.07291201327882],[6.65357272799906,5.07291925192197],[6.65470776595066,5.0729720430254]]]},"properties":{"FID":7117,"globalid":"fe48933f-1a9b-4c23-b191-07d87e0d5d1a","uniq_id":494473,"timestamp":1552694400000,"editor":"oluseye.abraham","wardname":"Aheward 3","wardcode":"RVSAHD03","lganame":"Ahoada East","lgacode":"33002","statename":"Rivers","statecode":"RI","amapcode":"NIE RVS AHD","status":"Operational Placeholder","source":"INEC","urban":"No","Shape__Area":9.9437086443998624E-05,"Shape__Length":0.04307323608728917}},{"type":"Feature","id":7118,"geometry":{"type":"Polygon","coordinates":[[[7.27135419783804,5.10350990265994],[7.26512159388648,5.09549428573274],[7.26499817362685,5.0955033607915],[7.25082446157967,5.09654552665478],[7.24887400832887,5.09599328266393],[7.24593208040125,5.09483627427471],[7.24453468772572,5.0960647868605],[7.24358744890168,5.09683561377261],[7.24244985777477,5.09897308194223],[7.24177561984902,5.10075940262436],[7.24133053277791,5.10302404122655],[7.23965152190027,5.10730735834795],[7.23776792964628,5.10979728701523],[7.23422129577625,5.11232710780985],[7.23426316731138,5.11236751974531],[7.2365826177936,5.1140919113127],[7.23927679598739,5.11552597744196],[7.24142136070731,5.11759379671639],[7.24283492768978,5.11828054241317],[7.24461834715902,5.11899628405132],[7.24649656506449,5.11948998487497],[7.24861147913651,5.12018419044807],[7.25265134078677,5.12503180517371],[7.25519932608807,5.12744723670068],[7.25640226555214,5.12873156570924],[7.25682796863589,5.13027600203594],[7.25989661103984,5.13219125941913],[7.27931666393295,5.1228505616042],[7.2789793012538,5.11954069134987],[7.27869892141814,5.11678886391496],[7.27815097258934,5.11579819682936],[7.27764052908719,5.11487533412941],[7.27135419783804,5.10350990265994]]]},"properties":{"FID":7118,"globalid":"2ef7765f-8383-4c23-9f25-7ea2448bad8e","uniq_id":494474,"timestamp":1552694400000,"editor":"oluseye.abraham","wardname":"Omward 2","wardcode":"RVSBER02","lganame":"Omumma","lgacode":"33019","statename":"Rivers","statecode":"RI","amapcode":"NIE RVS BER","status":"Operational Placeholder","source":"INEC","urban":"No","Shape__Area":0.00101947060457519,"Shape__Length":0.12773602654616731}},{"type":"Feature","id":7119,"geometry":{"type":"Polygon","coordinates":[[[7.227060683204,5.11240581557598],[7.23320474800079,5.11227785014273],[7.23422129577625,5.11232710780985],[7.23776792964628,5.10979728701523],[7.23965152190027,5.10730735834795],[7.24133053277791,5.10302404122655],[7.24177561984902,5.10075940262436],[7.24244985777477,5.09897308194223],[7.24358744890168,5.09683561377261],[7.24453468772572,5.0960647868605],[7.24593208040125,5.09483627427471],[7.24887400832887,5.09599328266393],[7.25082446157967,5.09654552665478],[7.26499817362685,5.0955033607915],[7.26512159388648,5.09549428573274],[7.25693082769561,5.07969236371167],[7.25607781533898,5.07795710473664],[7.25577592821656,5.07734298738899],[7.25344367318701,5.06849613608784],[7.2460504725513,5.07432850395736],[7.24496188098607,5.07558833363476],[7.24376131393353,5.07755331813115],[7.24087063297338,5.07946835697913],[7.23562445310608,5.082953842346],[7.23302597896583,5.08465725093146],[7.23077167537258,5.08612880080358],[7.23102899389301,5.0871762411906],[7.23145524106656,5.08840796075884],[7.23175477016656,5.08885275375161],[7.23347093023926,5.08798731096567],[7.23399236165824,5.08786344734028],[7.23432878994174,5.08794556173831],[7.23480047266372,5.08833711216806],[7.23530102182474,5.08896757829115],[7.23594963806539,5.0904884721653],[7.23561835480331,5.09183203681908],[7.23577400136912,5.0930995197271],[7.23592388597859,5.09380286511021],[7.23132494009394,5.09438232528413],[7.22936407179452,5.0945709940562],[7.22702026767126,5.09490209565524],[7.22375224826772,5.09534673306536],[7.21896417675538,5.09600501431999],[7.2162226069878,5.09694519796255],[7.21560582944551,5.09338664897473],[7.21514979672577,5.09093594603712],[7.21472279232307,5.08839094918301],[7.21541578561005,5.0867623875742],[7.21676177033947,5.08473064010701],[7.21791371284763,5.08318052096433],[7.21807363479047,5.08237286681441],[7.21747552717386,5.0810068703708],[7.21673793740592,5.07810812788784],[7.21665430315363,5.07740415837526],[7.2167944993667,5.0757109795781],[7.21418395092866,5.07418878618358],[7.21139462985832,5.07497541957997],[7.21140822131241,5.07509303741381],[7.19766818663754,5.07793201634951],[7.19571764885046,5.08934651393054],[7.20073062371938,5.0958456859297],[7.20190308425998,5.09948362167182],[7.20365241672567,5.1028295862165],[7.20771449073123,5.10891810078977],[7.21108700865858,5.12003244424193],[7.22579604035502,5.11263909521813],[7.227060683204,5.11240581557598]]]},"properties":{"FID":7119,"globalid":"31aafa4a-a7d3-4a2b-8c2c-7c89218f762a","uniq_id":494475,"timestamp":1552694400000,"editor":"oluseye.abraham","wardname":"Omward 1","wardcode":"RVSBER01","lganame":"Omumma","lgacode":"33019","statename":"Rivers","statecode":"RI","amapcode":"NIE RVS BER","status":"Operational Placeholder","source":"INEC","urban":"No","Shape__Area":0.0015606454921659463,"Shape__Length":0.24585160504936626}},{"type":"Feature","id":7120,"geometry":{"type":"Polygon","coordinates":[[[7.0711630212565,5.23548051881096],[7.07003482174969,5.23241258507278],[7.06908365378763,5.22756598658106],[7.06797619534518,5.22246252102855],[7.06677153278008,5.21839477230094],[7.06550065942793,5.21476336293892],[7.06096323166787,5.20269035477611],[7.06240872458301,5.19763823241851],[7.06030741275697,5.18562053885682],[7.06042433271682,5.18167185767015],[7.05967051917918,5.17549058881968],[7.05967051917918,5.1718722852778],[7.05876594329368,5.16870626967864],[7.05891670744012,5.16448491584623],[7.0598212824263,5.16086661230435],[7.0598212824263,5.15800212140084],[7.06027357036902,5.15061475196927],[7.0601228071219,5.14217204340514],[7.05975218301688,5.13874072960101],[7.05648597844521,5.13741976670889],[7.04905016343434,5.13741976670889],[7.046373269311,5.13756848309907],[7.04488610630881,5.13786591498007],[7.03970732523294,5.13811028955826],[7.03650176914141,5.13789537227365],[7.03527577016069,5.13785910441419],[7.00009727476947,5.14101430026977],[7.00379300274494,5.15831888330985],[7.0021483693518,5.18086422060736],[7.00502813883759,5.19334889883265],[7.00480343423118,5.20357840202166],[7.00518213604681,5.20810606404365],[7.00518225835458,5.21192331021263],[7.00520632960848,5.2193304161658],[7.00513958282556,5.22404516325372],[7.00390860429872,5.23688011032885],[7.00358138327425,5.2399582207953],[7.00373268071871,5.23998069755118],[7.00687360793069,5.24062109039107],[7.00883340783554,5.24129056910454],[7.01202297218248,5.24238014183015],[7.01499033023958,5.2418632510882],[7.01930999795809,5.24387884133552],[7.02124452601413,5.24456930213165],[7.02333545696581,5.24531602901158],[7.02879238126343,5.24675035504492],[7.03223800687857,5.24761056917248],[7.03568792315917,5.24875974806395],[7.03999233208049,5.24961805293083],[7.04269361491845,5.24907779690284],[7.04513215992131,5.24873781269997],[7.04713392309213,5.24786090895384],[7.04911613500167,5.24699258833732],[7.05122905617606,5.24624685161098],[7.05314493229287,5.24557066035771],[7.05596637714666,5.24406671510684],[7.05780506085495,5.24217653262093],[7.05990028427073,5.24002313565921],[7.06216335265663,5.24046945570086],[7.06442069955568,5.23926639572761],[7.06647396060487,5.23778152509738],[7.07006263688123,5.23625898366521],[7.0711630212565,5.23548051881096]]]},"properties":{"FID":7120,"globalid":"05082ec6-ae6a-45d5-9098-319740dc2f8b","uniq_id":494482,"timestamp":1552694400000,"editor":"oluseye.abraham","wardname":"Igbodo","wardcode":"RVSKHE19","lganame":"Etche","lgacode":"33011","statename":"Rivers","statecode":"RI","amapcode":"NIE RVS KHE","status":"Operational Placeholder","source":"INEC","urban":"No","Shape__Area":0.0062640295361831022,"Shape__Length":0.33238697981418097}},{"type":"Feature","id":7121,"geometry":{"type":"Polygon","coordinates":[[[7.18369210330798,4.94989876881317],[7.18139314657651,4.94926214233408],[7.18101139156249,4.94912843023292],[7.16479852433247,4.95018727312419],[7.15151983467268,4.95510172996092],[7.13282524598839,4.96220789667711],[7.11900808185754,4.96770576530889],[7.11123428993056,4.97316663043568],[7.10675615717099,4.97802113936416],[7.10268435609822,4.98458999533204],[7.10091962094378,4.98712601515354],[7.09767226796083,4.995452396411],[7.10011304687964,5.00296653427819],[7.12555718961266,5.02131854781277],[7.13067893928167,5.02820144883782],[7.13398908832579,5.04178516155599],[7.1384098659226,5.04952102907231],[7.14119018118197,5.05630062407459],[7.15106532540449,5.06774489101394],[7.15306662092786,5.07317312513965],[7.16984610601304,5.07378279713845],[7.18835215003173,5.06602066312314],[7.18918608956642,5.05351052868798],[7.18714029289026,5.04942662813642],[7.18144600063249,5.04043921819539],[7.17759463868168,5.03688892858122],[7.18691062942207,5.01528404292429],[7.18442921913322,5.00204484159622],[7.18054175839546,4.98051830037929],[7.18078350965129,4.96539167028942],[7.18369210330798,4.94989876881317]]]},"properties":{"FID":7121,"globalid":"134480bd-d02d-4ede-9f54-e592e8cd6ec6","uniq_id":494483,"timestamp":1552694400000,"editor":"oluseye.abraham","wardname":"Igbo","wardcode":"RVSKHE06","lganame":"Etche","lgacode":"33011","statename":"Rivers","statecode":"RI","amapcode":"NIE RVS KHE","status":"Operational Placeholder","source":"INEC","urban":"No","Shape__Area":0.00715001034410534,"Shape__Length":0.36250485723508424}},{"type":"Feature","id":7122,"geometry":{"type":"Polygon","coordinates":[[[7.00358138327425,5.2399582207953],[7.00390860429872,5.23688011032885],[7.00513958282556,5.22404516325372],[7.00520632960848,5.2193304161658],[7.00518225835458,5.21192331021263],[7.00518213604681,5.20810606404365],[7.00480343423118,5.20357840202166],[7.00502813883759,5.19334889883265],[7.0021483693518,5.18086422060736],[7.00379300274494,5.15831888330985],[7.00009727476947,5.14101430026977],[6.99485393316252,5.13303110480172],[6.98627752059116,5.13508341077085],[6.98627752059116,5.13746287121461],[6.9853257365935,5.14245973922561],[6.9853257365935,5.14817044590939],[6.98461189882011,5.15221552992284],[6.98461189882011,5.15459499036655],[6.98413600637167,5.15649855926114],[6.9834221676989,5.16078158859949],[6.98366011392318,5.17196505574276],[6.9838980601474,5.17363067841313],[6.9838980601474,5.17553424730772],[6.98461189882011,5.18100700776722],[6.98461189882011,5.18243468421338],[6.98413600637167,5.18410030688369],[6.98366011392318,5.18838333712137],[6.98412838281865,5.19098585281489],[6.98090899965064,5.19161700062415],[6.95976999968576,5.19797400059969],[6.94437773864178,5.19826305259784],[6.94352759242452,5.20462404736196],[6.94384293520335,5.21708846476088],[6.94356924992098,5.2286389461305],[6.94473362016049,5.22885847064197],[6.94778490115232,5.22943401336909],[6.95150661503828,5.23012781065],[6.95438766515866,5.23066520683386],[6.9569320675609,5.23113966036709],[6.95977592531875,5.2316699033434],[6.9631433485867,5.2329506872245],[6.96533870701575,5.23378562860393],[6.96778297440477,5.23471498530836],[6.97178792976916,5.23623800338117],[6.97548294098499,5.23574018456191],[6.97850084273978,5.23533392032419],[6.98070144691428,5.2350373266114],[6.98293113696246,5.23473691887375],[6.98650312362031,5.23425579057232],[6.99074363660958,5.23601055134594],[6.99314737335266,5.2370047581631],[6.9984402658057,5.23919439330666],[7.00100755685332,5.23957586323553],[7.00358138327425,5.2399582207953]]]},"properties":{"FID":7122,"globalid":"20bfc5b0-982d-4973-bfeb-62b9d4537580","uniq_id":494484,"timestamp":1552694400000,"editor":"oluseye.abraham","wardname":"Egwi / Opiro","wardcode":"RVSKHE02","lganame":"Etche","lgacode":"33011","statename":"Rivers","statecode":"RI","amapcode":"NIE RVS KHE","status":"Operational Placeholder","source":"INEC","urban":"No","Shape__Area":0.0034606158865315706,"Shape__Length":0.30805216291329968}},{"type":"Feature","id":7123,"geometry":{"type":"Polygon","coordinates":[[[7.12687773791731,5.1646724478752],[7.13084511421073,5.16862168484295],[7.13342755074092,5.16992433304159],[7.14417364969421,5.17799146313558],[7.14427900257397,5.21436500464131],[7.14829731017278,5.21367692884724],[7.1511325839017,5.21319150898103],[7.15471390732102,5.21292445619872],[7.15827989640013,5.21259641589194],[7.16543102292343,5.21229076420747],[7.16856765677198,5.21141529128272],[7.17141437527323,5.21025133113409],[7.17427635167235,5.21024465636583],[7.17858902985989,5.20901893077905],[7.17940854966486,5.20878601086577],[7.18254184702869,5.20762157407643],[7.18538474970649,5.20616817522114],[7.1882238392588,5.20442533496129],[7.19078063971477,5.20297241184738],[7.19390964461445,5.20151853635144],[7.19836219885644,5.19976310288496],[7.20028400420347,5.19944524829964],[7.21008777642976,5.19657659533368],[7.21773099938616,5.19559288000744],[7.22785572885886,5.19482944012663],[7.22102172936934,5.18367279975996],[7.2079938282526,5.16279013715513],[7.21459739805152,5.15786703873289],[7.21430313268348,5.15301680428212],[7.21501003128799,5.1481157059751],[7.21449314684128,5.14361424660024],[7.20943793711115,5.12594788608612],[7.18650275359926,5.12232611116116],[7.17620731571509,5.12456626392196],[7.16810752584172,5.11957635756289],[7.15484850435502,5.1227088608253],[7.14610200570303,5.12260078389909],[7.13916418218133,5.12573826131177],[7.12847446892164,5.12735637729503],[7.12440032961155,5.12748966221818],[7.12282795494622,5.12962441803251],[7.13070148798334,5.15288231516678],[7.12687773791731,5.1646724478752]]]},"properties":{"FID":7123,"globalid":"2fdf1496-b944-4db2-934c-ebfcbfe800c1","uniq_id":494485,"timestamp":1552694400000,"editor":"oluseye.abraham","wardname":"Afara","wardcode":"RVSKHE14","lganame":"Etche","lgacode":"33011","statename":"Rivers","statecode":"RI","amapcode":"NIE RVS KHE","status":"Operational Placeholder","source":"INEC","urban":"No","Shape__Area":0.0067027705025779483,"Shape__Length":0.35157414684409954}},{"type":"Feature","id":7124,"geometry":{"type":"Polygon","coordinates":[[[7.09308348621397,4.90229544328014],[7.09126594466767,4.90228161440501],[7.08890327996244,4.90185151183783],[7.08764760335424,4.90172424967443],[7.08293670356608,4.90225311938599],[7.07986791007602,4.90362252965605],[7.0802994938266,4.90442490118829],[7.08191073809013,4.90781061666667],[7.08205935015894,4.9082350517063],[7.08210521828124,4.90852361717123],[7.08202990005987,4.90940237711806],[7.08195380212629,4.90988973682192],[7.08187668975745,4.91053188513843],[7.08182387976831,4.91117935114619],[7.08168692740981,4.91234863618064],[7.08157956814262,4.91363799959407],[7.08153452559793,4.91458751100487],[7.08158345860977,4.91576361739709],[7.08157321533167,4.91746200596685],[7.0815845971515,4.91843347612405],[7.08169334587126,4.92025523189346],[7.08186797262886,4.92120199767407],[7.08205103232933,4.92181975188009],[7.08113502785932,4.92200284575478],[7.07716907429341,4.92264434655937],[7.0729220268301,4.92339560332448],[7.0634475827398,4.92495250785203],[7.06118501617561,4.92465026729604],[7.05447310325115,4.92398539131278],[7.0487122908396,4.92343293238395],[7.04292857989009,4.92275716291277],[7.03886075202212,4.92233076285447],[7.0356880841378,4.92084712069811],[7.03313463455578,4.91978994604921],[7.03108571183617,4.9189965092815],[7.03181566725931,4.92436408503454],[7.03208362026294,4.92611744016779],[7.03211638076641,4.92650857331205],[7.03215862821816,4.92806335543958],[7.03197655417466,4.92903119683234],[7.03148586338193,4.93120009990474],[7.03148034873914,4.93122991962514],[7.03112804022692,4.93229191284155],[7.03059628638954,4.933509854796],[7.02905266664732,4.93653119286029],[7.02800443755478,4.9386602802478],[7.02734043391393,4.93990941608672],[7.02653107734739,4.94159914778248],[7.02549852613612,4.94363790996164],[7.02431549766214,4.94602190478713],[7.02313222097524,4.94836164757203],[7.02194868888091,4.95079448997376],[7.02082978206886,4.95306883316016],[7.01940455357732,4.95567651635821],[7.01930721275772,4.95584507988656],[7.01933941658086,4.95606223378513],[7.01981198423573,4.95690866490298],[7.02090972910077,4.95848884658307],[7.02242637008095,4.96068069495817],[7.02345660643726,4.96249762496547],[7.02400185640062,4.96311482968571],[7.02483930688857,4.96376411861922],[7.02618080490026,4.96479713477999],[7.02691573177566,4.96535634581875],[7.02759602573605,4.96587830783767],[7.02934413062718,4.96659637961926],[7.02975193630289,4.9667025922509],[7.0310217493543,4.96708732312152],[7.03224807029227,4.96757083282773],[7.03412217290003,4.96827445160471],[7.03506920487996,4.96859654919143],[7.03645660069162,4.96906742612089],[7.03712008362498,4.96938888878623],[7.03769871012742,4.9698164849429],[7.0378460694406,4.97020342364914],[7.03826725433038,4.97123974661707],[7.03863872919402,4.97242847499416],[7.03899320327378,4.97359294685708],[7.03933773265027,4.97435240364058],[7.03976016669839,4.97487719043005],[7.04045617900948,4.97557441232931],[7.04084455303376,4.97600249232119],[7.04134736039242,4.97662973527412],[7.04258879803467,4.97866174174601],[7.04545902481419,4.98341229803918],[7.04567890455786,4.98376671815959],[7.04650042805235,4.98506764955243],[7.04736867672312,4.98610794302721],[7.04895633626597,4.98759451337617],[7.04953374508631,4.98812671057925],[7.05113186464388,4.98968400271463],[7.0521367311253,4.99038735169495],[7.0528721076617,4.9911469568666],[7.05341512730632,4.99171769091873],[7.05835209687183,4.99596318615215],[7.0959725007304,4.99549222558579],[7.09767226796083,4.995452396411],[7.10091962094378,4.98712601515354],[7.10268435609822,4.98458999533204],[7.10675615717099,4.97802113936416],[7.11123428993056,4.97316663043568],[7.11900808185754,4.96770576530889],[7.13282524598839,4.96220789667711],[7.15151983467268,4.95510172996092],[7.16479852433247,4.95018727312419],[7.18101139156249,4.94912843023292],[7.16851711307436,4.94475221584213],[7.15962600703466,4.9354481698972],[7.15031623780419,4.92433309619548],[7.14376783421824,4.91319608802911],[7.14163638341239,4.90455552411817],[7.14185551042351,4.90129802768189],[7.14401134634659,4.89905381268335],[7.14436975226232,4.89868071364407],[7.14609943633997,4.89757716275591],[7.14633831066453,4.89585007502097],[7.14587977603088,4.8941760625753],[7.14482418328947,4.89379262672838],[7.14366369902052,4.89400936963676],[7.14282836373803,4.89396214893407],[7.1415011100882,4.8937984075705],[7.14049002029827,4.89368843127613],[7.13936727877694,4.89359285402702],[7.13813431274838,4.8934274830919],[7.13657656016017,4.8933054307011],[7.13604619397671,4.89319037233787],[7.13167757525991,4.89241723416808],[7.12920619421055,4.89197037183521],[7.1256071226706,4.89133444682733],[7.12531171786156,4.89111464802266],[7.12452715200652,4.89032143968274],[7.12379516321624,4.89103576758663],[7.12283133279982,4.89204535910608],[7.12216738221895,4.89275310397261],[7.12183494422732,4.89324626430368],[7.12173071729882,4.89355889023062],[7.12122568231945,4.89373795963917],[7.12029895343403,4.89408232803703],[7.11936114220299,4.89437328030272],[7.11820383613815,4.8948275017878],[7.11730577224364,4.89520235810238],[7.11647782489177,4.89543666027367],[7.11539022617802,4.89559533395754],[7.11459223164621,4.89597860522849],[7.11403233532405,4.89627390121962],[7.11163025063559,4.89753985887745],[7.11056082182449,4.89813162987087],[7.10997239181251,4.8984400523666],[7.10913007059634,4.89892712428741],[7.10809051006902,4.89947860835116],[7.10728556827439,4.8999036189569],[7.10650912959272,4.90032969256129],[7.1057544607998,4.90071811155167],[7.10501482777215,4.90111772620213],[7.10501303182599,4.90111831885537],[7.10455746225711,4.90137091143845],[7.10430180028789,4.90140278521039],[7.10375961971073,4.90128951020279],[7.10084433509803,4.9008329001183],[7.09818535277185,4.90042737062669],[7.09682291044902,4.90019833758328],[7.09668530878002,4.9002115441275],[7.09659743602288,4.90031427368484],[7.09651829478355,4.900484073781],[7.09643520102378,4.90071623916316],[7.09625340936742,4.90083671144515],[7.09590745366609,4.90096581542008],[7.09557626843008,4.90109998527618],[7.09538827594821,4.90115012607748],[7.09527913872131,4.90125702489183],[7.09510128519622,4.90168119912806],[7.09480470497323,4.9025542600711],[7.0944736627294,4.90340790555047],[7.09421227207872,4.90418326414635],[7.0940948817734,4.90412189440997],[7.09326905862019,4.9031872595844],[7.09308348621397,4.90229544328014]]]},"properties":{"FID":7124,"globalid":"316d37ec-94eb-468a-a67a-9dbc856b5c64","uniq_id":494486,"timestamp":1552694400000,"editor":"oluseye.abraham","wardname":"Elele / Ozuzu","wardcode":"RVSKHE07","lganame":"Etche","lgacode":"33011","statename":"Rivers","statecode":"RI","amapcode":"NIE RVS KHE","status":"Operational Placeholder","source":"INEC","urban":"No","Shape__Area":0.0090135621815541356,"Shape__Length":0.45814225438980571}},{"type":"Feature","id":7125,"geometry":{"type":"Polygon","coordinates":[[[7.09946868623092,5.15898943941113],[7.09961944857872,5.17451799271123],[7.10767307805014,5.16862480009451],[7.11343443455155,5.16594099468119],[7.11707776982325,5.16512538782644],[7.12244927561363,5.16457492898985],[7.12687773791731,5.1646724478752],[7.13070148798334,5.15288231516678],[7.12282795494622,5.12962441803251],[7.12440032961155,5.12748966221818],[7.12304833920956,5.11682106593946],[7.12203300012288,5.11495800071123],[7.11918800022607,5.12445600074386],[7.1192450001567,5.12791099999271],[7.11756020394029,5.12898767194355],[7.11590181541652,5.13079682371449],[7.11424342599338,5.13426436490857],[7.11409266364558,5.13501817844622],[7.11183122393192,5.13712885491276],[7.11062512155218,5.1386364819881],[7.11017283540809,5.14029487141124],[7.10926825862327,5.14195325993506],[7.10836368273783,5.14300859906763],[7.10700681890961,5.14391317495313],[7.10580071742919,5.14542080112909],[7.10203165243888,5.1493406302659],[7.1005240235649,5.15416503438888],[7.09946868623092,5.15898943941113]]]},"properties":{"FID":7125,"globalid":"59abb936-55e5-4b3d-ac29-d434464f1593","uniq_id":494487,"timestamp":1552694400000,"editor":"oluseye.abraham","wardname":"Obite","wardcode":"RVSKHE09","lganame":"Etche","lgacode":"33011","statename":"Rivers","statecode":"RI","amapcode":"NIE RVS KHE","status":"Operational Placeholder","source":"INEC","urban":"No","Shape__Area":0.00088500456348938883,"Shape__Length":0.14935439807268658}},{"type":"Feature","id":7126,"geometry":{"type":"Polygon","coordinates":[[[7.10486209590903,5.22131426664015],[7.10828971889543,5.22043466582721],[7.11028718870284,5.22010421803526],[7.11227607717927,5.21948480637877],[7.11506986608151,5.21871662077547],[7.11727094689672,5.21814107894767],[7.12266492764434,5.21629238128844],[7.12479829760338,5.21633386701438],[7.12711524976902,5.21597814557498],[7.12971258177026,5.2155795102862],[7.13563013072599,5.21496391265447],[7.13617478443882,5.2149626598989],[7.13770389631782,5.2149591453483],[7.14141702707417,5.21437168120815],[7.14427900257397,5.21436500464131],[7.14417364969421,5.17799146313558],[7.13342755074092,5.16992433304159],[7.13084511421073,5.16862168484295],[7.12687773791731,5.1646724478752],[7.12244927561363,5.16457492898985],[7.11707776982325,5.16512538782644],[7.11343443455155,5.16594099468119],[7.10767307805014,5.16862480009451],[7.09961944857872,5.17451799271123],[7.1005240235649,5.1791916335871],[7.10142860034966,5.18597595362741],[7.10173012594458,5.18703129186071],[7.10188088829238,5.19125264659243],[7.10233317623516,5.19381561190102],[7.10233317623516,5.19532323807704],[7.10246101936059,5.19800772337777],[7.10163933758542,5.20151236520354],[7.10234093918302,5.20576060157055],[7.10305970074467,5.21201984973635],[7.1047946881244,5.21824553160604],[7.10490438742761,5.22116674365037],[7.10486209590903,5.22131426664015]]]},"properties":{"FID":7126,"globalid":"6c911f0a-ab05-4f02-b8d9-5a3c03bb1bcf","uniq_id":494488,"timestamp":1552694400000,"editor":"oluseye.abraham","wardname":"Akpoku / Umuoye","wardcode":"RVSKHE18","lganame":"Etche","lgacode":"33011","statename":"Rivers","statecode":"RI","amapcode":"NIE RVS KHE","status":"Operational Placeholder","source":"INEC","urban":"No","Shape__Area":0.0020392687605621518,"Shape__Length":0.175939825544816}},{"type":"Feature","id":7127,"geometry":{"type":"Polygon","coordinates":[[[7.10486209590903,5.22131426664015],[7.10490438742761,5.22116674365037],[7.1047946881244,5.21824553160604],[7.10305970074467,5.21201984973635],[7.10234093918302,5.20576060157055],[7.10163933758542,5.20151236520354],[7.10246101936059,5.19800772337777],[7.09446238523094,5.19395634770734],[7.07977637527955,5.19324352976514],[7.0668670093051,5.1888249528094],[7.06030741275697,5.18562053885682],[7.06240872458301,5.19763823241851],[7.06096323166787,5.20269035477611],[7.06550065942793,5.21476336293892],[7.06677153278008,5.21839477230094],[7.06797619534518,5.22246252102855],[7.06908365378763,5.22756598658106],[7.07003482174969,5.23241258507278],[7.0711630212565,5.23548051881096],[7.07174634941452,5.23506784420567],[7.07486343380049,5.23384714133255],[7.07683372519631,5.2326498028462],[7.08111953703707,5.23034048142813],[7.08379602376755,5.22897243542963],[7.08732223493325,5.22867441179471],[7.08957004542128,5.22718238795687],[7.0921225552118,5.22626256856273],[7.09495305983592,5.22504758807577],[7.09686327022376,5.22384357482116],[7.09949397966346,5.22350788128375],[7.10176944700243,5.22288227060034],[7.10405874321646,5.2215204236287],[7.10486209590903,5.22131426664015]]]},"properties":{"FID":7127,"globalid":"76aa1a48-6340-4b3c-91aa-74f7564241ed","uniq_id":494489,"timestamp":1552694400000,"editor":"oluseye.abraham","wardname":"Chokocho","wardcode":"RVSKHE10","lganame":"Etche","lgacode":"33011","statename":"Rivers","statecode":"RI","amapcode":"NIE RVS KHE","status":"Operational Placeholder","source":"INEC","urban":"No","Shape__Area":0.0013938866150802198,"Shape__Length":0.15726736251995826}},{"type":"Feature","id":7128,"geometry":{"type":"Polygon","coordinates":[[[6.49568999969375,4.94169600027027],[6.49065300033573,4.94408500072228],[6.48869700006657,4.95149200055545],[6.49385000027735,4.95624200016823],[6.49897600014236,4.95938000008698],[6.50385600035418,4.96160200003231],[6.51037126392276,4.96745718100414],[6.51154203733518,4.97658173665786],[6.51324554934268,4.9810169321857],[6.51721743393745,4.97636651720103],[6.54414532584616,4.98347807175566],[6.54555329095166,4.97701488073221],[6.5529775649627,4.97249254809265],[6.55813579293255,4.96333957925822],[6.5561842362136,4.95095622315125],[6.55740521427924,4.94269111270472],[6.55505877604173,4.94094452227193],[6.54835042263397,4.93747634165987],[6.54654727563633,4.93418341193495],[6.54976567764396,4.92974706257695],[6.56118927906203,4.92752108762812],[6.56759221011248,4.92232740568528],[6.5680814736811,4.91424169469849],[6.56284082284577,4.91395230005867],[6.55898460905252,4.91505983404414],[6.56139147093967,4.90892096912745],[6.56575490326622,4.9072059979585],[6.57104008133473,4.90607902242897],[6.57458194789865,4.90373668240204],[6.57711822222819,4.89904140383777],[6.57113182387462,4.89361605833449],[6.56949006201683,4.88947015132646],[6.57311754943538,4.88489349244077],[6.57512493876499,4.88053525459839],[6.57306195244718,4.87564509744334],[6.5764417773662,4.87042128911128],[6.5794950530543,4.86563714044172],[6.57415484097316,4.85533965390198],[6.56307729058454,4.85197720208623],[6.56009629880521,4.85108721140574],[6.53881799655335,4.86497042624421],[6.53663947972825,4.86812572462253],[6.53514599988802,4.87097900008087],[6.53351209180965,4.89566190897],[6.51291811607825,4.92370946491991],[6.50992581442483,4.93113132604992],[6.50015000032232,4.93217199993791],[6.49857699972881,4.93473600036617],[6.49568999969375,4.94169600027027]]]},"properties":{"FID":7128,"globalid":"05627973-eaef-4952-aa3a-d289b2c95ac0","uniq_id":494490,"timestamp":1552694400000,"editor":"oluseye.abraham","wardname":"Akinima","wardcode":"RVSKNM11","lganame":"Ahoada West","lgacode":"33003","statename":"Rivers","statecode":"RI","amapcode":"NIE RVS KNM","status":"Operational Placeholder","source":"INEC","urban":"No","Shape__Area":0.0057549341985225766,"Shape__Length":0.40526395073317384}},{"type":"Feature","id":7129,"geometry":{"type":"Polygon","coordinates":[[[6.55901408792988,5.1045742512008],[6.57367665075685,5.10567283693194],[6.57638249855353,5.09362526159657],[6.57660386577584,5.06340068799142],[6.57786649864005,5.05148238120699],[6.57626337795256,5.02663702058209],[6.55511754673745,5.03299206992813],[6.54811515369141,5.03997005537383],[6.5410293089555,5.04373912216283],[6.53962268743715,5.04618490311083],[6.53997960497486,5.05225252913095],[6.54140728142096,5.05665453158144],[6.54503113737712,5.05773645107638],[6.54591482740739,5.07139577609422],[6.55274358115139,5.08152272779171],[6.55552523190397,5.09545164707589],[6.55901408792988,5.1045742512008]]]},"properties":{"FID":7129,"globalid":"f2ab883c-63fd-42b0-84c4-eaec8413270d","uniq_id":494491,"timestamp":1552694400000,"editor":"oluseye.abraham","wardname":"Upatabo","wardcode":"RVSKNM06","lganame":"Ahoada West","lgacode":"33003","statename":"Rivers","statecode":"RI","amapcode":"NIE RVS KNM","status":"Operational Placeholder","source":"INEC","urban":"No","Shape__Area":0.0020694046839047076,"Shape__Length":0.20133267385459971}},{"type":"Feature","id":7130,"geometry":{"type":"Polygon","coordinates":[[[7.11643679242405,5.05149000925655],[7.11665200018973,5.05329900004887],[7.1162709997069,5.05814400044534],[7.11683799977391,5.06481700060414],[7.11669000014342,5.06988600143785],[7.11847875888765,5.07540109388543],[7.12033199992192,5.08111500035704],[7.12014998343506,5.08329165108887],[7.11975300020083,5.08803900039959],[7.12077699975879,5.09424300141342],[7.12823938883679,5.09077425782579],[7.14363128295741,5.08501231226842],[7.15111626570314,5.07870779492885],[7.15306662092786,5.07317312513965],[7.15106532540449,5.06774489101394],[7.14119018118197,5.05630062407459],[7.1384098659226,5.04952102907231],[7.13398908832579,5.04178516155599],[7.13067893928167,5.02820144883782],[7.12555718961266,5.02131854781277],[7.10011304687964,5.00296653427819],[7.09695935379119,5.0096748562097],[7.09220392317258,5.01703932890194],[7.06638871656605,5.01655126592823],[7.06594721509197,5.01786978176506],[7.06532300555233,5.01947654830411],[7.06538038319815,5.01993308824149],[7.06568829397963,5.02047425887997],[7.06611788932918,5.02127087295247],[7.06674376980919,5.02232118937144],[7.06722563285672,5.02306053461604],[7.06789817376176,5.02409271530661],[7.06910688057815,5.02556325524006],[7.06947872596248,5.02642045394083],[7.06956065060359,5.02725239338332],[7.06954741618034,5.0283459267232],[7.06940746818015,5.02969416155634],[7.06941899119352,5.02998361375285],[7.06939276426471,5.03078282866466],[7.06950394924792,5.03154587014586],[7.06978917463073,5.03242634330115],[7.06999363909523,5.03352492633434],[7.07008527641443,5.03443647556293],[7.07007095111356,5.03538078889233],[7.06990911721203,5.03685914393441],[7.0701059572242,5.03833246637026],[7.07010777385472,5.03834334816702],[7.07039086064975,5.04003847759373],[7.07067734778144,5.04061324960185],[7.07086261891476,5.04200754411289],[7.07131977129046,5.04313720861535],[7.07213068728146,5.0439774101294],[7.07334083121441,5.04496776784828],[7.0746873492418,5.04645586614538],[7.076229513881,5.04910099441543],[7.08844917898648,5.04389379836016],[7.08868254586287,5.04389379836016],[7.09750770731489,5.03945728082891],[7.09929230309734,5.03921933460464],[7.1035753324357,5.03921933460464],[7.10631171311513,5.03945728082891],[7.11500461756907,5.03934554006469],[7.11643679242405,5.05149000925655]]]},"properties":{"FID":7130,"globalid":"bc389d84-8d6f-40a4-b823-76a9ebc90aac","uniq_id":494492,"timestamp":1552694400000,"editor":"oluseye.abraham","wardname":"Goward 8","wardcode":"RVSKPR08","lganame":"Gokana","lgacode":"33012","statename":"Rivers","statecode":"RI","amapcode":"NIE RVS KPR","status":"Operational Placeholder","source":"INEC","urban":"No","Shape__Area":0.0030390210301227683,"Shape__Length":0.30612302934797592}},{"type":"Feature","id":7131,"geometry":{"type":"Polygon","coordinates":[[[6.68578371334775,5.40458888526888],[6.68754687468856,5.35565046579643],[6.68239719027815,5.35282007268825],[6.67902739729658,5.35363323428641],[6.67316121311956,5.35389902621915],[6.66844037582274,5.35425973889591],[6.66508325338947,5.35427241034353],[6.66276183159329,5.35035615691118],[6.65167278696958,5.3516470347829],[6.63749709821258,5.34630899456448],[6.63338379702463,5.34622674526815],[6.62646217568891,5.34380150303696],[6.61759932634789,5.35093017169009],[6.61353360828946,5.35472986399208],[6.58491195392361,5.37441703441863],[6.59619867043233,5.39691492078703],[6.62560450304545,5.43014573283932],[6.62747676204299,5.43055788493848],[6.68540359869718,5.40472221605745],[6.68578371334775,5.40458888526888]]]},"properties":{"FID":7131,"globalid":"88df232e-10cf-49ad-bb95-d55e7113ee35","uniq_id":494493,"timestamp":1552694400000,"editor":"oluseye.abraham","wardname":"Omoku 2","wardcode":"RVSRGM11","lganame":"Ogba/Egbema/Ndoni","lgacode":"33016","statename":"Rivers","statecode":"RI","amapcode":"NIE RVS RGM","status":"Operational Placeholder","source":"INEC","urban":"No","Shape__Area":0.005967446408938315,"Shape__Length":0.30155748874382193}},{"type":"Feature","id":7132,"geometry":{"type":"Polygon","coordinates":[[[6.84662136568352,4.98235740676898],[6.84674369956213,4.98086748734471],[6.8453130148838,4.97199177320181],[6.84602251073034,4.9613640987742],[6.8461389882238,4.95760056191642],[6.84625942992881,4.95310871719357],[6.84613237191149,4.95269689064901],[6.8363446121142,4.9467643751758],[6.81051778806551,4.94201769406141],[6.80116884526603,4.93697446509952],[6.79979969579938,4.93821531188718],[6.79817006939322,4.93968712436134],[6.79732517521671,4.94057242957399],[6.79606727188713,4.94209038626235],[6.79494410228853,4.94256985531462],[6.79517130611094,4.94317065370274],[6.79599895668656,4.94441288364771],[6.79559438587228,4.94457159600239],[6.79496078021589,4.94447769868691],[6.79451393497015,4.944882020389],[6.79473225528938,4.9454127436033],[6.79470168823235,4.9457581138459],[6.79444963704117,4.94589636122811],[6.79387906936358,4.94610683676115],[6.7935268139114,4.9465571102225],[6.79326720931431,4.94725653096418],[6.79344722301096,4.94795238409529],[6.79330446193143,4.94860341321697],[6.79303065344197,4.9488410563697],[6.79250114431238,4.94918179240585],[6.79248087179485,4.9496428730202],[6.79231654227465,4.94987532438677],[6.7923101193166,4.94989029180357],[6.79191337710074,4.95079710340366],[6.79201357056985,4.95178101028546],[6.79227055364316,4.95231051581771],[6.79196338480244,4.95271032112447],[6.79209000664855,4.95340522637014],[6.79143897303021,4.95366633823096],[6.79061548991297,4.95381108231567],[6.79019582128018,4.95405752533458],[6.79021254507296,4.95457305899953],[6.7902046589179,4.95511033107698],[6.78105253005026,4.95531978228217],[6.77484133715802,4.95535584509622],[6.77531236517359,4.95803470963421],[6.77433590198035,4.96024660659566],[6.7738053361474,4.96139656699802],[6.77205037392565,4.96576203628899],[6.77123014995152,4.96777326842164],[6.77855866774837,4.98656426982524],[6.77750671995921,4.99787900741029],[6.7946146626366,4.99708641960262],[6.79918078416591,4.99584677790654],[6.80865643334778,4.99312935763379],[6.80875990844305,4.99298321870066],[6.84662136568352,4.98235740676898]]]},"properties":{"FID":7132,"globalid":"01f5c1d0-2ab3-4cbd-a46a-135bea226804","uniq_id":494494,"timestamp":1552694400000,"editor":"oluseye.abraham","wardname":"Emward 1","wardcode":"RVSMHA01","lganame":"Emuoha","lgacode":"33010","statename":"Rivers","statecode":"RI","amapcode":"NIE RVS MHA","status":"Operational Placeholder","source":"INEC","urban":"No","Shape__Area":0.0031889885575466792,"Shape__Length":0.23495433061787885}},{"type":"Feature","id":7133,"geometry":{"type":"Polygon","coordinates":[[[6.69932114785274,5.05606337212697],[6.70232594108938,5.06175663376166],[6.70586439742402,5.06935929099853],[6.70981621184876,5.07688055059697],[6.71039701291187,5.07854186821271],[6.72477627400588,5.09592044477273],[6.74350212492317,5.08987060824205],[6.76355944281408,5.07892359264974],[6.77700914305757,5.06141543997063],[6.78251522160025,5.05177283614751],[6.77851940874376,5.04375489986876],[6.77361636070651,5.03220135271033],[6.76682950188007,5.01684473000034],[6.73295036766541,5.01149029873835],[6.72291491659018,5.01053015734095],[6.7141148866927,5.01616107077683],[6.71195214937222,5.01795968968798],[6.707678195992,5.03309207184168],[6.70400153004664,5.0428791724359],[6.70112076680999,5.05144316177257],[6.69932114785274,5.05606337212697]]]},"properties":{"FID":7133,"globalid":"6f4d5b91-8f12-4870-b83f-d7d583276253","uniq_id":494495,"timestamp":1552694400000,"editor":"oluseye.abraham","wardname":"Emward 12","wardcode":"RVSMHA12","lganame":"Emuoha","lgacode":"33010","statename":"Rivers","statecode":"RI","amapcode":"NIE RVS MHA","status":"Operational Placeholder","source":"INEC","urban":"No","Shape__Area":0.004915429487208911,"Shape__Length":0.2594595654639642}},{"type":"Feature","id":7135,"geometry":{"type":"Polygon","coordinates":[[[6.77484133715802,4.95535584509622],[6.78105253005026,4.95531978228217],[6.7902046589179,4.95511033107698],[6.79021254507296,4.95457305899953],[6.79019582128018,4.95405752533458],[6.79061548991297,4.95381108231567],[6.79143897303021,4.95366633823096],[6.79209000664855,4.95340522637014],[6.79196338480244,4.95271032112447],[6.79227055364316,4.95231051581771],[6.79201357056985,4.95178101028546],[6.79191337710074,4.95079710340366],[6.7923101193166,4.94989029180357],[6.79231654227465,4.94987532438677],[6.79248087179485,4.9496428730202],[6.79250114431238,4.94918179240585],[6.79303065344197,4.9488410563697],[6.79330446193143,4.94860341321697],[6.79344722301096,4.94795238409529],[6.79326720931431,4.94725653096418],[6.7935268139114,4.9465571102225],[6.79387906936358,4.94610683676115],[6.79444963704117,4.94589636122811],[6.79470168823235,4.9457581138459],[6.79473225528938,4.9454127436033],[6.79451393497015,4.944882020389],[6.79496078021589,4.94447769868691],[6.79559438587228,4.94457159600239],[6.79599895668656,4.94441288364771],[6.79517130611094,4.94317065370274],[6.79494410228853,4.94256985531462],[6.79606727188713,4.94209038626235],[6.79732517521671,4.94057242957399],[6.79817006939322,4.93968712436134],[6.79979969579938,4.93821531188718],[6.80116884526603,4.93697446509952],[6.79946503468364,4.93594089405707],[6.7965628747769,4.93453900836857],[6.7946393787044,4.93417972471457],[6.79234998356492,4.93285369324337],[6.78435470210786,4.92844463201419],[6.78062705899163,4.92667618715637],[6.77308374262066,4.92437737881301],[6.7724734743714,4.92320294426054],[6.77197742271994,4.92192567492998],[6.77165211185553,4.92135560187955],[6.77049289383206,4.91933258143354],[6.76999842768532,4.91852285704425],[6.76963778695438,4.91794559031678],[6.76872303344129,4.91698996171743],[6.76766733727783,4.91619626594496],[6.76741116359437,4.91595381591594],[6.76727183073046,4.91578257600514],[6.76719989575861,4.91552455421487],[6.76711324697879,4.91493949306323],[6.76689895742101,4.91499967029858],[6.76637622288445,4.91578950797947],[6.76613984237986,4.91613616605127],[6.76546636617991,4.91720996916479],[6.76524814028949,4.91755791326716],[6.76506324057613,4.9181076283644],[6.76494524682573,4.91848639493122],[6.76412229790577,4.92092767297379],[6.76374050691891,4.92207841398766],[6.76363586900021,4.92298619235896],[6.75452903808468,4.92916875173654],[6.75051731712051,4.93193091238174],[6.74833677592153,4.93330711073463],[6.74733168820688,4.9417297095585],[6.75014473429212,4.94710226395836],[6.75454004758518,4.95128350173229],[6.75755066393202,4.95528088480506],[6.76176794293627,4.9572841453471],[6.76663904075917,4.95569404324556],[6.76804146334291,4.95561754511368],[6.76953448542821,4.95549730575613],[6.77484133715802,4.95535584509622]]]},"properties":{"FID":7135,"globalid":"72399f03-de02-408b-bdd3-d05dd7bb99ad","uniq_id":494497,"timestamp":1552694400000,"editor":"oluseye.abraham","wardname":"Emward 3","wardcode":"RVSMHA03","lganame":"Emuoha","lgacode":"33010","statename":"Rivers","statecode":"RI","amapcode":"NIE RVS MHA","status":"Operational Placeholder","source":"INEC","urban":"No","Shape__Area":0.0013106901469051024,"Shape__Length":0.15414041677272813}},{"type":"Feature","id":7136,"geometry":{"type":"Polygon","coordinates":[[[6.6940745839749,5.12287699537706],[6.69464992165661,5.14134038095386],[6.69758356772752,5.14049981791231],[6.70433216579687,5.14483872662601],[6.7114981895898,5.14620546501027],[6.71278700441678,5.14667397132678],[6.72201309802608,5.1467227532525],[6.72527451370792,5.15826798617866],[6.71345786808621,5.16248788310935],[6.71130515460925,5.15681744177158],[6.70469482100924,5.15761325095082],[6.69663111283563,5.16478420662588],[6.69397401818645,5.16914065571672],[6.67600287563226,5.1789948754132],[6.67898145003392,5.19456747930576],[6.68443531214001,5.21471723221453],[6.70339988899372,5.21722435232203],[6.72696294678263,5.20448072600476],[6.73908518473354,5.19721236116158],[6.74795914519842,5.19578813721279],[6.75764481755431,5.19526663384812],[6.77800634191919,5.20824096504856],[6.7906374567533,5.21577658412212],[6.80547978596343,5.2248436218357],[6.8100721955754,5.22752871058157],[6.81116587010888,5.2256404202692],[6.81486088941858,5.21999730932839],[6.81868934563681,5.21389615568307],[6.82219995626303,5.20560730223525],[6.82397025462359,5.20348511984247],[6.8313126228793,5.17198229394774],[6.82501016678583,5.16307376534206],[6.82137694888712,5.15683139924971],[6.82234430464598,5.15656671168443],[6.7985988211787,5.13134800560601],[6.78443252134383,5.12804502685657],[6.76886298324013,5.14659526985588],[6.76331296741955,5.15012842019047],[6.75826493517866,5.15332921617045],[6.75357158116361,5.15802998689441],[6.74410263912557,5.15154418781407],[6.73978124291006,5.14681670093006],[6.72760280722383,5.12219478676008],[6.7219096921786,5.10546412676808],[6.69840294004371,5.11562970075016],[6.69655908523367,5.11894772515745],[6.6940745839749,5.12287699537706]]]},"properties":{"FID":7136,"globalid":"811db465-394e-43b3-94ce-1d066f50b973","uniq_id":494498,"timestamp":1552694400000,"editor":"oluseye.abraham","wardname":"Emward 7","wardcode":"RVSMHA07","lganame":"Emuoha","lgacode":"33010","statename":"Rivers","statecode":"RI","amapcode":"NIE RVS MHA","status":"Operational Placeholder","source":"INEC","urban":"No","Shape__Area":0.00995601540370572,"Shape__Length":0.56719332551514845}},{"type":"Feature","id":7137,"geometry":{"type":"Polygon","coordinates":[[[6.69929659726023,4.9281315294466],[6.69861898957475,4.93161372509337],[6.70613550614871,4.95102830111523],[6.70988307194625,4.95892672109136],[6.71251359432699,4.96805298815491],[6.71455181781221,4.97425673915723],[6.71591879181881,4.97783669920437],[6.72291491659018,5.01053015734095],[6.73295036766541,5.01149029873835],[6.76682950188007,5.01684473000034],[6.77750671995921,4.99787900741029],[6.77855866774837,4.98656426982524],[6.77123014995152,4.96777326842164],[6.77205037392565,4.96576203628899],[6.7738053361474,4.96139656699802],[6.77433590198035,4.96024660659566],[6.77531236517359,4.95803470963421],[6.77484133715802,4.95535584509622],[6.76953448542821,4.95549730575613],[6.76804146334291,4.95561754511368],[6.76663904075917,4.95569404324556],[6.76176794293627,4.9572841453471],[6.75755066393202,4.95528088480506],[6.75454004758518,4.95128350173229],[6.75014473429212,4.94710226395836],[6.74733168820688,4.9417297095585],[6.74833677592153,4.93330711073463],[6.7401059413362,4.92679470521153],[6.73379827636938,4.90819689976718],[6.73600450130675,4.89437802422651],[6.73672841058772,4.88739269311833],[6.72572332667022,4.86762587243612],[6.71703907009703,4.86755751856469],[6.68966679168915,4.86591348142207],[6.66935976713961,4.88483921026142],[6.66795709724227,4.88848399074362],[6.67597761997121,4.8962907149446],[6.67766977174261,4.89773039194409],[6.68350090124562,4.9029675291282],[6.68731046720433,4.90643712617248],[6.69338851816565,4.91306240920289],[6.70252432433813,4.92115406201037],[6.69929659726023,4.9281315294466]]]},"properties":{"FID":7137,"globalid":"a4bcd8b6-5711-40af-a4f6-9787dca8afcf","uniq_id":494499,"timestamp":1552694400000,"editor":"oluseye.abraham","wardname":"Emward 9","wardcode":"RVSMHA09","lganame":"Emuoha","lgacode":"33010","statename":"Rivers","statecode":"RI","amapcode":"NIE RVS MHA","status":"Operational Placeholder","source":"INEC","urban":"No","Shape__Area":0.0077157727921814967,"Shape__Length":0.43781626454494993}},{"type":"Feature","id":7138,"geometry":{"type":"Polygon","coordinates":[[[6.67124910426281,4.96083803135014],[6.67578359034047,4.96352181158238],[6.68204205609607,4.97267569772532],[6.67980554918677,4.97952035058375],[6.67164207112472,4.98823286925159],[6.67237330178648,4.99328233141449],[6.6731027553879,4.99729015831423],[6.68342765416298,5.00717135407479],[6.6866245057164,5.01335971407957],[6.71195214937222,5.01795968968798],[6.7141148866927,5.01616107077683],[6.72291491659018,5.01053015734095],[6.71591879181881,4.97783669920437],[6.71455181781221,4.97425673915723],[6.71251359432699,4.96805298815491],[6.70988307194625,4.95892672109136],[6.70613550614871,4.95102830111523],[6.69861898957475,4.93161372509337],[6.69929659726023,4.9281315294466],[6.67894974983113,4.92603638786903],[6.67281163944563,4.92836104902324],[6.66377403384462,4.93167841872412],[6.6704040347185,4.94418600537989],[6.6697168879241,4.9512786678763],[6.67134689834074,4.959948061354],[6.67124910426281,4.96083803135014]]]},"properties":{"FID":7138,"globalid":"b50fa765-729f-43b3-a23f-1a9ab634c9db","uniq_id":494500,"timestamp":1552694400000,"editor":"oluseye.abraham","wardname":"Emward 8","wardcode":"RVSMHA08","lganame":"Emuoha","lgacode":"33010","statename":"Rivers","statecode":"RI","amapcode":"NIE RVS MHA","status":"Operational Placeholder","source":"INEC","urban":"No","Shape__Area":0.0033199422711014392,"Shape__Length":0.25897902803781864}},{"type":"Feature","id":7139,"geometry":{"type":"Polygon","coordinates":[[[6.89905664514811,4.90424774104048],[6.89902574714057,4.90388862915694],[6.8974665556371,4.9005116326058],[6.89993265406878,4.8972402533351],[6.90010187680025,4.89365007968746],[6.89796592039096,4.88905563221169],[6.89473323894788,4.88819464466718],[6.89138398468322,4.88518072511044],[6.87603182800649,4.88438496089725],[6.87647611378168,4.88504713441779],[6.871912892566,4.88447167262962],[6.86809141868406,4.88447305308898],[6.86551596988613,4.88301977204492],[6.86425632636843,4.88229276729743],[6.86324402788961,4.88155193277555],[6.86199184874488,4.88063703357227],[6.85752922479395,4.87999044620216],[6.85512480636476,4.88081866604864],[6.8430481397599,4.88628843536304],[6.83821587106564,4.88672919309784],[6.81850024159291,4.88481429994005],[6.81491928779496,4.88294232512823],[6.81430927315449,4.89054448773794],[6.82661967625711,4.92158126426398],[6.83053744774509,4.93148403116317],[6.83346684991523,4.9388905192821],[6.83451151859174,4.94136973972178],[6.8363446121142,4.9467643751758],[6.84613237191149,4.95269689064901],[6.84929123340373,4.94620175120991],[6.85454962966173,4.93476769157576],[6.85847556789321,4.92629312183016],[6.86470709085961,4.91991517124819],[6.86628177768193,4.91589961017894],[6.86763234265851,4.91321367786901],[6.87446262255202,4.9125744370607],[6.87701551725235,4.91181522039614],[6.88158743491226,4.91047947534759],[6.88265127083952,4.90859452331864],[6.88481137134778,4.9071303595785],[6.88498542973383,4.90719134260644],[6.88744078666303,4.90732402858112],[6.89166534028328,4.91131430071448],[6.89483527872517,4.91143974624737],[6.8979671245832,4.91024635668407],[6.89933470473289,4.90760892391273],[6.89905664514811,4.90424774104048]]]},"properties":{"FID":7139,"globalid":"c807472e-aab9-4924-9888-97e9cd32a86e","uniq_id":494501,"timestamp":1552694400000,"editor":"oluseye.abraham","wardname":"Emward 13","wardcode":"RVSMHA13","lganame":"Emuoha","lgacode":"33010","statename":"Rivers","statecode":"RI","amapcode":"NIE RVS MHA","status":"Operational Placeholder","source":"INEC","urban":"No","Shape__Area":0.0032074488855471373,"Shape__Length":0.27073768978317647}},{"type":"Feature","id":7140,"geometry":{"type":"Polygon","coordinates":[[[6.73656876923337,5.49382616034904],[6.73085672795565,5.48113647087149],[6.72948288582654,5.47846861313604],[6.72917725032988,5.47553796630416],[6.72912825436549,5.47430239404031],[6.73015776496891,5.47233114576579],[6.73245257402709,5.46943075212755],[6.73472222724905,5.46269238114854],[6.7410180463458,5.44560187992289],[6.72601925938136,5.42378282611656],[6.71892329187648,5.40920856232532],[6.68578371334775,5.40458888526888],[6.68540359869718,5.40472221605745],[6.62747676204299,5.43055788493848],[6.62560450304545,5.43014573283932],[6.58452750813802,5.47848784963458],[6.580118355178,5.50404013134704],[6.57470872622679,5.51190088321925],[6.5780302346077,5.51722182642618],[6.59441008165999,5.53727207744447],[6.59688515532571,5.54195011870308],[6.59931136972398,5.54606776181782],[6.59527545429881,5.55125494256157],[6.59242304668629,5.54853945223397],[6.59098540395325,5.54811052238273],[6.58788320964248,5.54555205908031],[6.58748779302726,5.5454800179885],[6.58721788579686,5.54576625330998],[6.58766348817949,5.54723440914074],[6.58855727669703,5.54873050780674],[6.58843024206209,5.54953793982412],[6.58826208142995,5.54987184910658],[6.58763352456754,5.55034197060553],[6.58743191814852,5.55045002504869],[6.58677470079186,5.55071717405838],[6.58650485561463,5.55075908336505],[6.58577705766515,5.55065832781963],[6.58534187662633,5.55025839121186],[6.58320548224725,5.54964495375168],[6.58107484982452,5.54943475341116],[6.56931273729305,5.54927671734669],[6.56632903225909,5.55319699344653],[6.56885814708585,5.55339145834915],[6.57922887801038,5.55926847575961],[6.58476018883169,5.56168842278254],[6.58787155173076,5.56791114768134],[6.59167385116734,5.5744791034279],[6.59340238591142,5.58001041424927],[6.59616804132207,5.5876154897631],[6.59756848539735,5.59031634722169],[6.60220866609711,5.58840889415518],[6.63566838528777,5.57463247560833],[6.62346284403509,5.56747238913948],[6.61520458462394,5.5550219292187],[6.61037324672799,5.54966221713767],[6.60598593380382,5.54594475344766],[6.60504445243959,5.54449855726267],[6.60532107670639,5.53934467931356],[6.60648857208997,5.53619342428715],[6.60960294322132,5.52512526461931],[6.61499484833365,5.52485693120246],[6.6249902597927,5.52485001901323],[6.63571896136102,5.52659769672636],[6.64421021263126,5.52827319215413],[6.63908004800584,5.49344587302869],[6.64545011513076,5.49253559094484],[6.65272951105811,5.49071598095782],[6.7120418549477,5.48919487034703],[6.71559047721883,5.48910379420477],[6.71990442255111,5.49044132170968],[6.72247791262561,5.4913220412792],[6.72696304301007,5.49197864529827],[6.72984409313045,5.49310684210712],[6.73329496359173,5.49394416758929],[6.73656876923337,5.49382616034904]]]},"properties":{"FID":7140,"globalid":"04b04f78-927f-4eac-b74e-c461b1e19d97","uniq_id":494502,"timestamp":1552694400000,"editor":"oluseye.abraham","wardname":"Ndoni C2","wardcode":"RVSRGM17","lganame":"Ogba/Egbema/Ndoni","lgacode":"33016","statename":"Rivers","statecode":"RI","amapcode":"NIE RVS RGM","status":"Operational Placeholder","source":"INEC","urban":"No","Shape__Area":0.01354457143601806,"Shape__Length":0.70666255784015175}},{"type":"Feature","id":7141,"geometry":{"type":"Polygon","coordinates":[[[6.73656876923337,5.49382616034904],[6.73878478958642,5.49374628076629],[6.74135971138162,5.49405384081217],[6.74496793712063,5.48447179823495],[6.74994897796302,5.47649002099774],[6.75119400030292,5.46483516700943],[6.74373817357792,5.45888280889454],[6.74408197360424,5.44910192531364],[6.74581290414227,5.44549925108959],[6.74903488185436,5.43879318195985],[6.75331926287373,5.43349218391722],[6.75445985773632,5.42940902710495],[6.7589678758668,5.42050313890877],[6.76253604939922,5.41021299443418],[6.7605838784433,5.40139293663475],[6.75813818023289,5.38978815060273],[6.75844661621841,5.37731259689889],[6.75775875086572,5.37775790700186],[6.75031836639954,5.38378860326151],[6.71892329187648,5.40920856232532],[6.72601925938136,5.42378282611656],[6.7410180463458,5.44560187992289],[6.73472222724905,5.46269238114854],[6.73245257402709,5.46943075212755],[6.73015776496891,5.47233114576579],[6.72912825436549,5.47430239404031],[6.72917725032988,5.47553796630416],[6.72948288582654,5.47846861313604],[6.73085672795565,5.48113647087149],[6.73656876923337,5.49382616034904]]]},"properties":{"FID":7141,"globalid":"8b0b3362-8a5e-429b-8ed5-230f01c15c50","uniq_id":494503,"timestamp":1552694400000,"editor":"oluseye.abraham","wardname":"Usomili South","wardcode":"RVSRGM03","lganame":"Ogba/Egbema/Ndoni","lgacode":"33016","statename":"Rivers","statecode":"RI","amapcode":"NIE RVS RGM","status":"Operational Placeholder","source":"INEC","urban":"No","Shape__Area":0.0022013734434409571,"Shape__Length":0.27807008039275122}},{"type":"Feature","id":7142,"geometry":{"type":"Polygon","coordinates":[[[6.64262457386502,5.3282157051907],[6.64244867096943,5.3277462419955],[6.64241707508802,5.32766191706389],[6.64204712637382,5.32625869768083],[6.64176816476902,5.32572705895666],[6.64048701666252,5.32427442902173],[6.63832766439026,5.32294680305256],[6.63614358705695,5.32141367570063],[6.63493573639516,5.32050245112725],[6.630392287674,5.32450967008526],[6.62882089506832,5.32466379319953],[6.62763116484643,5.32481250958972],[6.62406197328147,5.32481250958972],[6.62272352666946,5.32466379319953],[6.62108764727714,5.32466379319953],[6.61956124505548,5.32422345095154],[6.61809300019183,5.31407299996903],[6.61526143886437,5.30783163032555],[6.61258899998239,5.30194100077659],[6.60270199999735,5.29011200026866],[6.59568700025488,5.28469499957464],[6.5884619998215,5.28043500007522],[6.58356599977111,5.27752000144693],[6.58030499957613,5.27572900069288],[6.57725800025656,5.2727820005889],[6.57455000038226,5.26244800067474],[6.57486094187902,5.2609598358278],[6.5760500003073,5.255269000564],[6.58125500021811,5.24872100077363],[6.58093799998875,5.24342000003304],[6.5767290001433,5.24003000018439],[6.5666360859866,5.23697280974744],[6.5477862356463,5.25775194239827],[6.54746387995414,5.25797366035619],[6.5373849871275,5.26490593056428],[6.53251314196797,5.27382087673215],[6.53088188239303,5.28453779178574],[6.54117488940966,5.29597282358696],[6.54862403866849,5.30234718317604],[6.55565023407109,5.31058693004286],[6.56315994277719,5.32021284065013],[6.56707620610206,5.33362007130927],[6.56870317501159,5.34706687933306],[6.56931240274525,5.3598079533744],[6.58491195392361,5.37441703441863],[6.61353360828946,5.35472986399208],[6.61759932634789,5.35093017169009],[6.62646217568891,5.34380150303696],[6.63640737080357,5.32878089402311],[6.6398299270096,5.32812879111088],[6.64181247976217,5.32812770832714],[6.64262457386502,5.3282157051907]]]},"properties":{"FID":7142,"globalid":"a84715e5-bfc2-4e62-abb8-bb1d765b3dc7","uniq_id":494504,"timestamp":1552694400000,"editor":"oluseye.abraham","wardname":"Egbema North","wardcode":"RVSRGM04","lganame":"Ogba/Egbema/Ndoni","lgacode":"33016","statename":"Rivers","statecode":"RI","amapcode":"NIE RVS RGM","status":"Operational Placeholder","source":"INEC","urban":"No","Shape__Area":0.0064512412283228571,"Shape__Length":0.39333957945762332}},{"type":"Feature","id":7143,"geometry":{"type":"Polygon","coordinates":[[[6.64421021263126,5.52827319215413],[6.63571896136102,5.52659769672636],[6.6249902597927,5.52485001901323],[6.61499484833365,5.52485693120246],[6.60960294322132,5.52512526461931],[6.60648857208997,5.53619342428715],[6.60532107670639,5.53934467931356],[6.60504445243959,5.54449855726267],[6.60598593380382,5.54594475344766],[6.61037324672799,5.54966221713767],[6.61520458462394,5.5550219292187],[6.62346284403509,5.56747238913948],[6.63566838528777,5.57463247560833],[6.60220866609711,5.58840889415518],[6.59756848539735,5.59031634722169],[6.60100793806595,5.5969495766617],[6.60204505873253,5.6076660159739],[6.60377359437592,5.61492586064003],[6.60814475997273,5.62125492137756],[6.6131072037345,5.62667941971949],[6.61760139478861,5.63151931826195],[6.62134599731996,5.64256477364546],[6.61729383474272,5.65100002323254],[6.61232519105477,5.65991210865695],[6.60876131088582,5.66617345763899],[6.60688921376624,5.66946441335205],[6.6064500811064,5.67023420334584],[6.59970494003102,5.67885144783611],[6.60187333318783,5.68745852189329],[6.62600252679522,5.68352345374444],[6.65313703344736,5.6816092773463],[6.66886806460957,5.6899251940925],[6.66586641270482,5.6712004376501],[6.65843629759712,5.6248502733215],[6.65205135118896,5.58150457397693],[6.65140302093272,5.57710323612548],[6.64421021263126,5.52827319215413]]]},"properties":{"FID":7143,"globalid":"a94b19d3-fb9b-4099-a891-07e840e412a9","uniq_id":494505,"timestamp":1552694400000,"editor":"oluseye.abraham","wardname":"Ndoni C1","wardcode":"RVSRGM10","lganame":"Ogba/Egbema/Ndoni","lgacode":"33016","statename":"Rivers","statecode":"RI","amapcode":"NIE RVS RGM","status":"Operational Placeholder","source":"INEC","urban":"No","Shape__Area":0.0070415939901558033,"Shape__Length":0.48316283438651014}},{"type":"Feature","id":7144,"geometry":{"type":"Polygon","coordinates":[[[6.76145372610864,5.31589989986054],[6.75092100210259,5.31269328886424],[6.73271843161035,5.30123159935886],[6.72435807756329,5.29340737884752],[6.72007320731274,5.28712530768684],[6.71825118624332,5.28312017155872],[6.71717812327182,5.27922322297343],[6.71678542530719,5.26994312327656],[6.71686243875058,5.26795687970628],[6.68861640602239,5.27084482043216],[6.71230882229435,5.31951182181319],[6.71486582239982,5.33492782226125],[6.71342223964467,5.35037721004028],[6.71892329187648,5.40920856232532],[6.75031836639954,5.38378860326151],[6.75775875086572,5.37775790700186],[6.75844661621841,5.37731259689889],[6.75844907766287,5.37721300057956],[6.75970983544062,5.36695385034],[6.76046991275632,5.35344314638417],[6.75757408137878,5.34277391428475],[6.75579500203776,5.32345294959401],[6.76145372610864,5.31589989986054]]]},"properties":{"FID":7144,"globalid":"b09a26c2-34b6-453c-8e96-5e608e88abd3","uniq_id":494506,"timestamp":1552694400000,"editor":"oluseye.abraham","wardname":"Egbema East","wardcode":"RVSRGM16","lganame":"Ogba/Egbema/Ndoni","lgacode":"33016","statename":"Rivers","statecode":"RI","amapcode":"NIE RVS RGM","status":"Operational Placeholder","source":"INEC","urban":"No","Shape__Area":0.00477258373077305,"Shape__Length":0.35870224569927983}},{"type":"Feature","id":7145,"geometry":{"type":"Polygon","coordinates":[[[6.96346839594975,4.9101101471656],[6.96357844059258,4.9094041164069],[6.96368349669609,4.90846993034307],[6.96367766908918,4.90680037134013],[6.96369121467785,4.90329936367476],[6.96357527138173,4.90143309506135],[6.96342677622476,4.90008206243726],[6.9631749013007,4.8982146318998],[6.96271012717068,4.89663268125327],[6.96183870479246,4.89417163611216],[6.96154413815151,4.89334289016227],[6.96019352730951,4.88940043318348],[6.95882903003576,4.88556792821737],[6.9563543907426,4.88049775556703],[6.95506231317523,4.87748977962968],[6.95476527789532,4.87670117042273],[6.95513789669661,4.87610370132478],[6.9551681364004,4.87570654092417],[6.95494177434347,4.87544907491491],[6.9547489839785,4.87518590810322],[6.95465063681746,4.87497015984508],[6.95504796269336,4.87324907778276],[6.95603611617389,4.86885825840193],[6.95300913036709,4.86929001122508],[6.95100180039282,4.86948830004508],[6.94728514609267,4.86987148857838],[6.94494863097458,4.87013783809078],[6.94471362193616,4.86869086309292],[6.9445476178783,4.86733595978677],[6.94297807337944,4.86833704911555],[6.9410183643061,4.86918399734367],[6.93704278979294,4.87019029014982],[6.93566949355233,4.87038587560772],[6.9352096297207,4.87062353494821],[6.93544149832655,4.87114031327491],[6.93474146244859,4.87128148884966],[6.93416494215842,4.87153083398084],[6.93335290291418,4.87220550268188],[6.93280583362235,4.87239187188743],[6.93165576799936,4.87244919017803],[6.93099606311785,4.87233426941106],[6.93015213301459,4.87167836326591],[6.92983017212481,4.87134103566029],[6.92940358230953,4.87099873390451],[6.92900591738925,4.87090336709679],[6.92872934888038,4.87092043982648],[6.92844355782398,4.87096783769562],[6.92806230643032,4.87112555000419],[6.92763551067031,4.87143812736775],[6.92677645037293,4.87208838307248],[6.92616105508864,4.8715241214411],[6.9247730216577,4.87055094706858],[6.92407043710102,4.87019890925228],[6.92348630494905,4.87019533174919],[6.92200072835101,4.87031403236676],[6.92128907593013,4.87034641425566],[6.92087205670009,4.87023940392538],[6.92037538811371,4.87004047388882],[6.91910003883578,4.86939325969121],[6.91864119033869,4.86924207466205],[6.91706510057401,4.86921712387124],[6.91580699669561,4.86918571414941],[6.91490992115598,4.86915407959714],[6.91394109590487,4.86889574214484],[6.91286658772287,4.86861637314718],[6.91175581258074,4.86846669807971],[6.91047301331895,4.86836803885393],[6.90876276808734,4.86820768613586],[6.90707953489266,4.86806439895292],[6.90650626385303,4.86789002670344],[6.90597862261541,4.86774672333269],[6.90546443073896,4.86809361522819],[6.9047044748317,4.86916403509218],[6.90445666034663,4.86974575616176],[6.90359137134476,4.86927802865813],[6.9027243250676,4.87052557989165],[6.90272448244895,4.8706070971399],[6.89851582344653,4.87510730915506],[6.89290872585707,4.88441919538963],[6.89138398468322,4.88518072511044],[6.89473323894788,4.88819464466718],[6.89796592039096,4.88905563221169],[6.90010187680025,4.89365007968746],[6.89993265406878,4.8972402533351],[6.8974665556371,4.9005116326058],[6.89902574714057,4.90388862915694],[6.89905664514811,4.90424774104048],[6.89978104186162,4.90443733701352],[6.90179432175057,4.90530417284936],[6.90215098298154,4.90481665306612],[6.90312924122156,4.90421826665971],[6.90366355363017,4.90410306260628],[6.90499823208279,4.90398516688197],[6.90554272032034,4.90379135938377],[6.90593239116697,4.90339997263067],[6.90609979636855,4.90276169139901],[6.90762592429701,4.90523708432403],[6.90921277894665,4.90777063640581],[6.91001402093036,4.90942046158506],[6.91041665820228,4.91002602098411],[6.91098467270456,4.91069789099492],[6.91200939621672,4.91181662064059],[6.91271944964291,4.91264613730942],[6.91348957238591,4.91351290119945],[6.91451756403438,4.91466548582355],[6.91517045835002,4.91539507522259],[6.91553470626172,4.91566082218924],[6.91644539214116,4.91621377124858],[6.9169536709752,4.91659451632393],[6.91728629872375,4.91690403958978],[6.91782620941206,4.91753319270271],[6.91811329998887,4.91799933020496],[6.91838120982504,4.91866694102657],[6.91875842326266,4.91954201195432],[6.91892726108426,4.92008817293089],[6.91898746170205,4.92050402574023],[6.91897376322862,4.92106053971219],[6.91911387040886,4.92145734667923],[6.91911548918853,4.92146014716809],[6.91931183637217,4.9217393785695],[6.91969395111499,4.92201270232442],[6.92040478785071,4.92259195205696],[6.92095029591945,4.92175103018593],[6.92084484591294,4.92148701531357],[6.92076893683702,4.92116223864645],[6.92080525685719,4.92071813993027],[6.92088642696706,4.9205241921378],[6.92209006610369,4.91891457834515],[6.92326288277587,4.91752399533618],[6.92383026865201,4.91738665896719],[6.92406316967958,4.91748694686515],[6.92698463623202,4.91632778010302],[6.92982940860037,4.91458258092143],[6.93122184960873,4.91348758798188],[6.93272229020158,4.91247860170614],[6.93462875311451,4.91088300474689],[6.93483846961971,4.91098153087302],[6.9361931813703,4.91081272542698],[6.93727537965509,4.9106712027139],[6.93969847520452,4.9104272301326],[6.94165557894189,4.91029007632602],[6.94110569207407,4.91165032700104],[6.94589741033724,4.9137327395743],[6.94853161903904,4.91485057079723],[6.95085219457314,4.91587979541629],[6.95303264494066,4.91687942784336],[6.95295265923789,4.91761397160758],[6.95474741376216,4.91749226275778],[6.95526288267592,4.91589630067381],[6.95582817672903,4.91420362279899],[6.95659679130893,4.91188733163511],[6.95710769706261,4.91033707759408],[6.9570772855883,4.9101494556329],[6.96001028774464,4.90986948139152],[6.96229001876941,4.90998127701437],[6.96346839594975,4.9101101471656]]]},"properties":{"FID":7145,"globalid":"713175bf-5429-4e54-851c-9220d946ad91","uniq_id":494507,"timestamp":1552694400000,"editor":"oluseye.abraham","wardname":"Obward 16","wardcode":"RVSRUM16","lganame":"Obio/Akpor","lgacode":"33015","statename":"Rivers","statecode":"RI","amapcode":"NIE RVS RUM","status":"Operational Placeholder","source":"INEC","urban":"Yes","Shape__Area":0.0026538442438948096,"Shape__Length":0.23924004064522031}},{"type":"Feature","id":7146,"geometry":{"type":"Polygon","coordinates":[[[6.78251522160025,5.05177283614751],[6.77700914305757,5.06141543997063],[6.76355944281408,5.07892359264974],[6.74350212492317,5.08987060824205],[6.72477627400588,5.09592044477273],[6.7219096921786,5.10546412676808],[6.72760280722383,5.12219478676008],[6.73978124291006,5.14681670093006],[6.74410263912557,5.15154418781407],[6.75357158116361,5.15802998689441],[6.75826493517866,5.15332921617045],[6.76331296741955,5.15012842019047],[6.76886298324013,5.14659526985588],[6.78443252134383,5.12804502685657],[6.7985988211787,5.13134800560601],[6.81035723210061,5.12432694623163],[6.81170014024934,5.11410326075691],[6.81323560403996,5.10816973714373],[6.81333492786467,5.10535196242319],[6.81388808916404,5.10353594612707],[6.8141685139658,5.10280125937066],[6.81442147976753,5.10154078757733],[6.81590153812556,5.10110368019076],[6.81707063070508,5.1011421226109],[6.8182788986523,5.10111141256169],[6.81909785997829,5.09932746519041],[6.81886143270901,5.0980682704344],[6.81723023878453,5.09508248167123],[6.81573465183277,5.09252706257394],[6.81363464762092,5.08300834755727],[6.81250413415853,5.07820025803551],[6.81351248821079,5.0629842092539],[6.80595695904645,5.05477959889942],[6.79794504822547,5.05364383519486],[6.78251522160025,5.05177283614751]]]},"properties":{"FID":7146,"globalid":"49e65c25-ffce-450e-b028-6c137328bd5f","uniq_id":494509,"timestamp":1552694400000,"editor":"oluseye.abraham","wardname":"Ikward 13","wardcode":"RVSSPK13","lganame":"Ikwerre","lgacode":"33013","statename":"Rivers","statecode":"RI","amapcode":"NIE RVS SKP","status":"Operational Placeholder","source":"INEC","urban":"No","Shape__Area":0.0059270345414859094,"Shape__Length":0.32184252430408977}},{"type":"Feature","id":7148,"geometry":{"type":"Polygon","coordinates":[[[6.95927879987676,4.93684469562623],[6.9632251491214,4.93644088383979],[6.96454855727018,4.93626083327086],[6.96606534124254,4.93614860417478],[6.96683782020926,4.93604485568557],[6.96733253906547,4.93604924707512],[6.96755777786922,4.9361149020811],[6.96868317598785,4.93637916336775],[6.96970020400124,4.93658094335592],[6.97024408159916,4.9366218912873],[6.97055210029924,4.9366128279197],[6.97092909879893,4.93651280891902],[6.97119825869271,4.93633734489259],[6.97160635305079,4.9359999462406],[6.97202486065885,4.93558094490476],[6.97260508165925,4.93511610962082],[6.97294259362582,4.93492034699648],[6.97363205707381,4.9347419727639],[6.97560605457579,4.93436356412724],[6.97638941893661,4.93419221719711],[6.9774302484073,4.93400643704746],[6.9784994056231,4.93378043561864],[6.97912432742584,4.93367832479493],[6.97962675706924,4.93344276357271],[6.98069954394884,4.93275338556032],[6.98159232522568,4.93215528603764],[6.9827880017649,4.93143703259301],[6.98800446443454,4.92833168975574],[6.98896715900725,4.92777836208177],[6.99055267636498,4.92691737813453],[6.99179090522614,4.92623321978732],[6.99329294571294,4.92543708055689],[6.99441767203797,4.92481653215731],[6.9949999506872,4.92456021188434],[6.99506971829294,4.92471954117394],[6.99509412589322,4.92508614710806],[6.99519400459968,4.92522784698758],[6.99571748917083,4.92577997226795],[6.99642526371503,4.92654028070945],[6.99723269213507,4.92716927104505],[6.99765501376794,4.92745441908625],[6.99819881312476,4.92814966877222],[6.99935419194247,4.92726231490394],[7.00516155955836,4.93449358541068],[7.00556758997237,4.93513043222373],[7.00733923821531,4.93416804701781],[7.00862709166699,4.93350005488367],[7.00930923913012,4.93310386035495],[7.00970021399371,4.9329280024254],[7.0099866966288,4.9328316121892],[7.01054101715425,4.93280553095053],[7.01141640734136,4.93272018438904],[7.01325814604667,4.93254433275479],[7.01888333709638,4.93201315628221],[7.02008670463778,4.93190227257185],[7.02043134912753,4.93192259455213],[7.0215271874298,4.93317033824059],[7.02403966929535,4.93609383006623],[7.02596640832314,4.9384079205891],[7.02658324342201,4.93900869019893],[7.02682957402567,4.93917466278049],[7.02701931838686,4.93914584940148],[7.02729284538856,4.93891903228757],[7.02730808799794,4.93891371369699],[7.02765892521927,4.93866996324823],[7.02788263967216,4.93860863128333],[7.02800443755478,4.9386602802478],[7.02905266664732,4.93653119286029],[7.03059628638954,4.933509854796],[7.03112804022692,4.93229191284155],[7.03148034873914,4.93122991962514],[7.03148586338193,4.93120009990474],[7.03197655417466,4.92903119683234],[7.03215862821816,4.92806335543958],[7.03211638076641,4.92650857331205],[7.03208362026294,4.92611744016779],[7.03181566725931,4.92436408503454],[7.03108571183617,4.9189965092815],[7.03313463455578,4.91978994604921],[7.0356880841378,4.92084712069811],[7.03886075202212,4.92233076285447],[7.04292857989009,4.92275716291277],[7.0487122908396,4.92343293238395],[7.05447310325115,4.92398539131278],[7.06118501617561,4.92465026729604],[7.0634475827398,4.92495250785203],[7.0729220268301,4.92339560332448],[7.07716907429341,4.92264434655937],[7.08113502785932,4.92200284575478],[7.08205103232933,4.92181975188009],[7.08186797262886,4.92120199767407],[7.08169334587126,4.92025523189346],[7.0815845971515,4.91843347612405],[7.08157321533167,4.91746200596685],[7.08158345860977,4.91576361739709],[7.08153452559793,4.91458751100487],[7.08157956814262,4.91363799959407],[7.08168692740981,4.91234863618064],[7.08182387976831,4.91117935114619],[7.08187668975745,4.91053188513843],[7.08195380212629,4.90988973682192],[7.08202990005987,4.90940237711806],[7.08210521828124,4.90852361717123],[7.08205935015894,4.9082350517063],[7.08191073809013,4.90781061666667],[7.0802994938266,4.90442490118829],[7.07986791007602,4.90362252965605],[7.07648114868613,4.90194631566999],[7.0748148470276,4.90082044360861],[7.07319316343381,4.89997552155313],[7.07144363581517,4.8992634032835],[7.06848356406528,4.89804220038729],[7.06613990922949,4.89777839056035],[7.06201110462882,4.89744439674155],[7.05911873564116,4.89723183388207],[7.0562610022435,4.89678528721129],[7.05355641979298,4.89642798926036],[7.05088248174121,4.89613777264015],[7.04950706399984,4.89627807587254],[7.04735505199409,4.896587500213],[7.04559465966588,4.89695446587592],[7.04499534515912,4.89705690765021],[7.04403048681758,4.89721990527448],[7.04297160525545,4.89717251370058],[7.04201619968791,4.8969264627861],[7.04094783837212,4.89645104158234],[7.03980973103432,4.89577155521317],[7.03963274715363,4.89554196998597],[7.03917236801044,4.89526058111096],[7.03892336642025,4.89512849858141],[7.03836218766486,4.89511999908876],[7.03787156432128,4.89510392460647],[7.03736427024495,4.89507666705458],[7.03683088773533,4.89495423155262],[7.03638977836562,4.89477565767049],[7.03605385819907,4.89453710260523],[7.03570691234415,4.89394503933215],[7.03545035285157,4.89381342894666],[7.03424718406035,4.8937158336189],[7.03190120087976,4.89340098007125],[7.03081871121458,4.89345526584788],[7.02895677373618,4.89354274290332],[7.02829587275636,4.89356600926396],[7.02791197915457,4.89360187332784],[7.02713915484816,4.89377057804978],[7.0267467950286,4.89291917727826],[7.02633343424066,4.89191212094767],[7.02576097798681,4.8903211186248],[7.02541853773539,4.88950631126733],[7.02469439373135,4.88791263256201],[7.02407922327757,4.8864699212499],[7.02360046019311,4.88531032011525],[7.02305551779796,4.88408147388094],[7.02202348999214,4.88237303898461],[7.01935101333862,4.88018682756007],[7.01706319021412,4.87979396232157],[7.01638454740896,4.87921090126213],[7.01566221104224,4.87982863838101],[7.01428772679719,4.88033654219771],[7.01252001218887,4.88060752411798],[7.01189671725973,4.88553489881656],[7.01161222482438,4.88761725383324],[7.01147503774285,4.88850538381644],[7.01117425588723,4.889849844195],[7.01046051793861,4.89074165240538],[7.00939173124345,4.89120817571677],[7.00710062289551,4.89111951605287],[7.00233373401466,4.8907180631881],[7.0023823774448,4.89245217103093],[7.00230705742479,4.89319295159351],[7.00223495517906,4.8936166500884],[7.00192874231766,4.89541459540732],[7.00176488044491,4.89539046030154],[7.00057907126717,4.89532799069428],[7.00008220932654,4.89531268513235],[6.99882805796852,4.89527194404502],[6.99711360121177,4.89513716444861],[6.99466143867448,4.89498617816963],[6.99345854687448,4.89497264427217],[6.992477033988,4.89499038699682],[6.99172225817574,4.89499894764339],[6.99060742799048,4.89498547489978],[6.99004439303434,4.8949689777362],[6.98799710798022,4.89453508812386],[6.98419713868702,4.89377294056879],[6.98047119259149,4.89301612329552],[6.97803864786533,4.89301182723409],[6.9759521172964,4.89309613327998],[6.9739940566804,4.89316189080864],[6.97129283139913,4.89329144444463],[6.96909652868192,4.89338140632691],[6.96698221355837,4.89344871428676],[6.96551057285473,4.89351581090602],[6.96509215517887,4.89353369212625],[6.96421312993203,4.89365958372287],[6.96183870479246,4.89417163611216],[6.96271012717068,4.89663268125327],[6.9631749013007,4.8982146318998],[6.96342677622476,4.90008206243726],[6.96357527138173,4.90143309506135],[6.96369121467785,4.90329936367476],[6.96367766908918,4.90680037134013],[6.96368349669609,4.90846993034307],[6.96357844059258,4.9094041164069],[6.96346839594975,4.9101101471656],[6.96238618777238,4.91571449732623],[6.96130834940084,4.91875662771622],[6.96079168528809,4.92044862930084],[6.95994646915426,4.92319075844676],[6.95974394272884,4.9248307666266],[6.95975982115885,4.92631663820237],[6.96014226415423,4.92748715980463],[6.96113348702085,4.92934796233862],[6.96155390209094,4.93011468024832],[6.96169835479526,4.93117514911387],[6.96170139720175,4.93218471725095],[6.96174959276954,4.93278653187298],[6.96169727920613,4.93344892033144],[6.95927879987676,4.93684469562623]]]},"properties":{"FID":7148,"globalid":"fee4b4cf-c8a4-4005-aa67-e02052556a8d","uniq_id":494511,"timestamp":1552694400000,"editor":"oluseye.abraham","wardname":"Obward 3","wardcode":"RVSRUM03","lganame":"Obio/Akpor","lgacode":"33015","statename":"Rivers","statecode":"RI","amapcode":"NIE RVS RUM","status":"Operational Placeholder","source":"INEC","urban":"Yes","Shape__Area":0.0041603003186310161,"Shape__Length":0.3605404853652332}},{"type":"Feature","id":7149,"geometry":{"type":"Polygon","coordinates":[[[6.87955671537014,5.23324767573968],[6.8827093589498,5.22457483785854],[6.88613413378329,5.21448063857065],[6.88735736644935,5.20985631381785],[6.88903390868796,5.19641881017998],[6.89172434390338,5.1835822901906],[6.89254477382229,5.18206150063781],[6.89009298180571,5.17142312967377],[6.88696250741384,5.15880293530728],[6.87565819207197,5.1522917060974],[6.86016181831332,5.16005318270828],[6.8313126228793,5.17198229394774],[6.82397025462359,5.20348511984247],[6.82219995626303,5.20560730223525],[6.81868934563681,5.21389615568307],[6.81486088941858,5.21999730932839],[6.81116587010888,5.2256404202692],[6.8100721955754,5.22752871058157],[6.81656072589681,5.25944200864183],[6.81821298644024,5.25796699458118],[6.8242821691868,5.2541794782004],[6.82709264770756,5.25242567070819],[6.83033561739489,5.25151586526499],[6.83380937560224,5.25054120970913],[6.83609485599288,5.24989986358787],[6.84898519501081,5.24979782111262],[6.86641883885835,5.24313306773695],[6.87557887996138,5.23793220470753],[6.87955671537014,5.23324767573968]]]},"properties":{"FID":7149,"globalid":"44751763-700a-4d40-93e2-c582dce24707","uniq_id":494512,"timestamp":1552694400000,"editor":"oluseye.abraham","wardname":"Ikward 5","wardcode":"RVSSPK05","lganame":"Ikwerre","lgacode":"33013","statename":"Rivers","statecode":"RI","amapcode":"NIE RVS SKP","status":"Operational Placeholder","source":"INEC","urban":"No","Shape__Area":0.0056302920888242625,"Shape__Length":0.30164534368945872}},{"type":"Feature","id":7150,"geometry":{"type":"Polygon","coordinates":[[[6.92503051014995,5.08901317481821],[6.93282228941717,5.10464243510035],[6.93499805071951,5.11025487466276],[6.93688822511155,5.11463847788349],[6.93831729280885,5.11796007080068],[6.93855260222085,5.11882244959639],[6.94474402981319,5.12952736859324],[6.94700689675091,5.12860175756509],[6.95024296414152,5.12574640557222],[6.95214653303611,5.1236524798781],[6.95366938743234,5.12231998138208],[6.95709581162248,5.11794177319433],[6.959951165414,5.11356356500659],[6.96147401981023,5.11032749941461],[6.96356794640366,5.10747214472377],[6.96718472559468,5.1013807244409],[6.96775579689256,5.09928679874679],[6.96965936578715,5.09471823375952],[6.97091397579942,5.09277469629524],[6.97136626374214,5.0914178315677],[6.9727231275703,5.08915639275335],[6.97392922905073,5.08538732686367],[6.97453227934125,5.08222131126456],[6.97558761757455,5.07408012829535],[6.97679371905497,5.06910496092524],[6.98011049790119,5.05779776055823],[6.98011049790119,5.05463174585844],[6.97965820995847,5.051918018202],[6.97860287082585,5.05056115437384],[6.97588914316947,5.04799818996452],[6.97977486012172,5.04759821198792],[6.98060815574183,5.04766765313974],[6.99261801980583,5.02549666044257],[6.99395646731716,5.02400949744037],[6.99499748114886,5.02341463098048],[7.00761259074852,5.02605979882071],[7.0128939943624,5.00637946324167],[6.99281051429386,5.00696854436291],[6.95875991263989,5.02043407177501],[6.94039161777897,5.02607687874502],[6.94216366532095,5.03057874011682],[6.94159417503118,5.05741130208997],[6.94175975820633,5.06250461609523],[6.94147209566074,5.06830207228285],[6.939814977879,5.07081903277219],[6.93801263487524,5.07293428678793],[6.92503051014995,5.08901317481821]]]},"properties":{"FID":7150,"globalid":"53c322eb-42b5-4977-a8fc-87f4b4328377","uniq_id":494513,"timestamp":1552694400000,"editor":"oluseye.abraham","wardname":"Ikward 3","wardcode":"RVSSPK03","lganame":"Ikwerre","lgacode":"33013","statename":"Rivers","statecode":"RI","amapcode":"NIE RVS SKP","status":"Operational Placeholder","source":"INEC","urban":"No","Shape__Area":0.0044699543960717847,"Shape__Length":0.35027984672850171}},{"type":"Feature","id":7151,"geometry":{"type":"Polygon","coordinates":[[[6.86283985907227,5.09827133555376],[6.85887954425561,5.11046904011414],[6.86567181520218,5.12337833504216],[6.87058781797344,5.13514266620115],[6.87565819207197,5.1522917060974],[6.88696250741384,5.15880293530728],[6.89009298180571,5.17142312967377],[6.89254477382229,5.18206150063781],[6.90212073068722,5.18602021286256],[6.91532607074163,5.18819703086831],[6.93875599379413,5.19028167825689],[6.93973174472427,5.17261565318989],[6.94035750739312,5.16302568758545],[6.94102711021304,5.154290405278],[6.94104299134102,5.13658038537653],[6.94414855181424,5.1333048404461],[6.94477094921996,5.13264837582193],[6.94474402981319,5.13105022388879],[6.94474402981319,5.12952736859324],[6.93855260222085,5.11882244959639],[6.93831729280885,5.11796007080068],[6.93688822511155,5.11463847788349],[6.93499805071951,5.11025487466276],[6.93282228941717,5.10464243510035],[6.92503051014995,5.08901317481821],[6.90948465299437,5.08388614343085],[6.9043707211319,5.08599135112001],[6.887695724678,5.09383665713608],[6.86283985907227,5.09827133555376]]]},"properties":{"FID":7151,"globalid":"5db1cc22-645f-4b1c-8f25-4c21b61e9616","uniq_id":494514,"timestamp":1552694400000,"editor":"oluseye.abraham","wardname":"Ikward 7","wardcode":"RVSSPK07","lganame":"Ikwerre","lgacode":"33013","statename":"Rivers","statecode":"RI","amapcode":"NIE RVS SKP","status":"Operational Placeholder","source":"INEC","urban":"No","Shape__Area":0.0061807289770001717,"Shape__Length":0.31530174135600691}},{"type":"Feature","id":7152,"geometry":{"type":"Polygon","coordinates":[[[6.80595695904645,5.05477959889942],[6.81351248821079,5.0629842092539],[6.81250413415853,5.07820025803551],[6.81363464762092,5.08300834755727],[6.81573465183277,5.09252706257394],[6.81723023878453,5.09508248167123],[6.81886143270901,5.0980682704344],[6.81909785997829,5.09932746519041],[6.8182788986523,5.10111141256169],[6.81707063070508,5.1011421226109],[6.81590153812556,5.10110368019076],[6.81442147976753,5.10154078757733],[6.8141685139658,5.10280125937066],[6.81388808916404,5.10353594612707],[6.81333492786467,5.10535196242319],[6.81323560403996,5.10816973714373],[6.81170014024934,5.11410326075691],[6.81035723210061,5.12432694623163],[6.7985988211787,5.13134800560601],[6.82234430464598,5.15656671168443],[6.82137694888712,5.15683139924971],[6.82501016678583,5.16307376534206],[6.8313126228793,5.17198229394774],[6.86016181831332,5.16005318270828],[6.87565819207197,5.1522917060974],[6.87058781797344,5.13514266620115],[6.86567181520218,5.12337833504216],[6.85887954425561,5.11046904011414],[6.86283985907227,5.09827133555376],[6.85786232108927,5.08664554855329],[6.86367377972118,5.07036659913928],[6.86625438073514,5.05761566583038],[6.8697079986253,5.0387504559688],[6.84641915402079,5.02627228164056],[6.8286340182454,5.0377267513885],[6.80595695904645,5.05477959889942]]]},"properties":{"FID":7152,"globalid":"76165f46-073b-4eb0-9f87-e267ecbfff83","uniq_id":494515,"timestamp":1552694400000,"editor":"oluseye.abraham","wardname":"Ikward 12","wardcode":"RVSSPK12","lganame":"Ikwerre","lgacode":"33013","statename":"Rivers","statecode":"RI","amapcode":"NIE RVS SKP","status":"Operational Placeholder","source":"INEC","urban":"No","Shape__Area":0.006861531631038531,"Shape__Length":0.38998432845359943}},{"type":"Feature","id":7155,"geometry":{"type":"Polygon","coordinates":[[[6.94999657508191,4.98071690216335],[6.95134083041506,4.97229915698057],[6.95110542837284,4.96932282638738],[6.95086494426181,4.96700686527464],[6.95046382144824,4.96429097744669],[6.9500530120369,4.96165424524725],[6.94977247571921,4.9594036900283],[6.94965713406953,4.95863815832439],[6.94943196001697,4.95655285173279],[6.94951841814054,4.95534472407979],[6.95018282197969,4.95361841605711],[6.95192538075179,4.95105545614445],[6.95392393514152,4.94832267455183],[6.95537599580558,4.94634701420341],[6.95716258358641,4.94399928094214],[6.95753665299418,4.94286262960674],[6.95767866403918,4.94138161526939],[6.95797443757027,4.93941775672414],[6.95845018342925,4.93797957169994],[6.95927879987676,4.93684469562623],[6.96169727920613,4.93344892033144],[6.96174959276954,4.93278653187298],[6.96170139720175,4.93218471725095],[6.96169835479526,4.93117514911387],[6.96155390209094,4.93011468024832],[6.96113348702085,4.92934796233862],[6.96014226415423,4.92748715980463],[6.95975982115885,4.92631663820237],[6.95974394272884,4.9248307666266],[6.95994646915426,4.92319075844676],[6.96079168528809,4.92044862930084],[6.96130834940084,4.91875662771622],[6.96238618777238,4.91571449732623],[6.96346839594975,4.9101101471656],[6.96229001876941,4.90998127701437],[6.96001028774464,4.90986948139152],[6.9570772855883,4.9101494556329],[6.95710769706261,4.91033707759408],[6.95659679130893,4.91188733163511],[6.95582817672903,4.91420362279899],[6.95526288267592,4.91589630067381],[6.95474741376216,4.91749226275778],[6.95295265923789,4.91761397160758],[6.95303264494066,4.91687942784336],[6.95085219457314,4.91587979541629],[6.94853161903904,4.91485057079723],[6.94589741033724,4.9137327395743],[6.94110569207407,4.91165032700104],[6.94165557894189,4.91029007632602],[6.93969847520452,4.9104272301326],[6.93727537965509,4.9106712027139],[6.9361931813703,4.91081272542698],[6.93483846961971,4.91098153087302],[6.93462875311451,4.91088300474689],[6.93272229020158,4.91247860170614],[6.93122184960873,4.91348758798188],[6.92982940860037,4.91458258092143],[6.92698463623202,4.91632778010302],[6.92406316967958,4.91748694686515],[6.92383026865201,4.91738665896719],[6.92326288277587,4.91752399533618],[6.92209006610369,4.91891457834515],[6.92088642696706,4.9205241921378],[6.92080525685719,4.92071813993027],[6.92076893683702,4.92116223864645],[6.92084484591294,4.92148701531357],[6.92095029591945,4.92175103018593],[6.92040478785071,4.92259195205696],[6.91969395111499,4.92201270232442],[6.91931183637217,4.9217393785695],[6.91911548918853,4.92146014716809],[6.91911387040886,4.92145734667923],[6.91897376322862,4.92106053971219],[6.91898746170205,4.92050402574023],[6.91892726108426,4.92008817293089],[6.91875842326266,4.91954201195432],[6.91838120982504,4.91866694102657],[6.91811329998887,4.91799933020496],[6.91782620941206,4.91753319270271],[6.91728629872375,4.91690403958978],[6.9169536709752,4.91659451632393],[6.91644539214116,4.91621377124858],[6.91553470626172,4.91566082218924],[6.91517045835002,4.91539507522259],[6.91451756403438,4.91466548582355],[6.91348957238591,4.91351290119945],[6.91271944964291,4.91264613730942],[6.91200939621672,4.91181662064059],[6.91098467270456,4.91069789099492],[6.91041665820228,4.91002602098411],[6.91001402093036,4.90942046158506],[6.90921277894665,4.90777063640581],[6.90762592429701,4.90523708432403],[6.90609979636855,4.90276169139901],[6.90593239116697,4.90339997263067],[6.90554272032034,4.90379135938377],[6.90499823208279,4.90398516688197],[6.90366355363017,4.90410306260628],[6.90312924122156,4.90421826665971],[6.90215098298154,4.90481665306612],[6.90179432175057,4.90530417284936],[6.89978104186162,4.90443733701352],[6.89905664514811,4.90424774104048],[6.89933470473289,4.90760892391273],[6.8979671245832,4.91024635668407],[6.89483527872517,4.91143974624737],[6.89166534028328,4.91131430071448],[6.88744078666303,4.90732402858112],[6.88703586781111,4.90955050625092],[6.88702506065806,4.90961318270229],[6.88758592375143,4.91104219913825],[6.88763849542028,4.91154033811614],[6.88710605719882,4.91165849374454],[6.88613987505522,4.91213210281433],[6.88522512334083,4.91278525703405],[6.88558688462706,4.91410065402204],[6.88633383813618,4.91532234165277],[6.88645510901614,4.91572684142062],[6.88601156158433,4.91624649308125],[6.88551846600444,4.91639932836637],[6.88504199079529,4.91666918613407],[6.88514110238003,4.91697419570261],[6.88624331687561,4.91732377117512],[6.88763492511174,4.91792212520596],[6.88728440535107,4.91870808501017],[6.88794211643557,4.9204019796677],[6.88779976364822,4.92077247606898],[6.8869444391346,4.92120930196774],[6.88625699196666,4.92131782495773],[6.88615928512297,4.92052110656385],[6.88558024223443,4.92046824980991],[6.8853166491441,4.9209901650641],[6.88464352727703,4.92104128792516],[6.88455059493407,4.9212830688586],[6.8843766732449,4.92168462964202],[6.88393113201619,4.92158247475146],[6.88367096983944,4.92168393356673],[6.88370330406428,4.92212512027811],[6.88342212203338,4.92273759636305],[6.88336536491971,4.92373991866236],[6.88362823405578,4.9241944836885],[6.88410976075693,4.9246757073181],[6.88379754132353,4.92566874681523],[6.8834264109002,4.92584318921189],[6.88338984896239,4.92621858242171],[6.88368025713822,4.92668343569204],[6.88331944733466,4.92701770020676],[6.88318927586442,4.92729800809667],[6.88322019185841,4.92770595856319],[6.88325774934572,4.92798783127347],[6.88336932373534,4.92821896693181],[6.88364387776278,4.92847852116688],[6.88363187541074,4.92878064930755],[6.88370618099549,4.92891229656527],[6.88406758974753,4.92902059382538],[6.88417414142356,4.92916354106461],[6.88415342643952,4.92935710214857],[6.88398851865526,4.92960977926793],[6.88382216925777,4.929645973383],[6.88356707206276,4.92957899367565],[6.88342626071341,4.92968875862937],[6.88338673730811,4.9301915803772],[6.88321643718888,4.93041660514228],[6.88297634788017,4.9306388986663],[6.88288154224944,4.9308782802085],[6.8829546823128,4.93103689993302],[6.88314954021916,4.93107496373864],[6.88325191814158,4.93114937904068],[6.88306803915873,4.93139182277446],[6.88286078499726,4.93150807004145],[6.88279205790718,4.93172544157591],[6.8828172757967,4.93186550738733],[6.88295978866336,4.93192109358364],[6.8832126042783,4.93189082600088],[6.88329711267164,4.9322502652376],[6.88330891537419,4.9324822012926],[6.88304436630449,4.93257646283354],[6.88299531458216,4.93265639907361],[6.88300332484363,4.93286958606262],[6.88307684891748,4.93311436443639],[6.88302221690185,4.93319103164083],[6.88289463637841,4.93326427872353],[6.88282991217073,4.93388108144683],[6.88280968102202,4.93420772960309],[6.88258595218002,4.93443919261472],[6.88269684128625,4.93461536620623],[6.88277950157277,4.93475942680612],[6.88262573009342,4.93503048157152],[6.88247806321209,4.9354183142039],[6.88222004771706,4.93559314330895],[6.88200601266738,4.93556882384217],[6.88165716744436,4.93551324484042],[6.88160595015455,4.93564551802626],[6.88171060156304,4.93590206672707],[6.88195860490572,4.93605147109855],[6.88214309183024,4.93607397663277],[6.88209139160449,4.93659532081745],[6.88212529424698,4.93683140094845],[6.88228415768776,4.93711303893565],[6.88219660239133,4.94567688797804],[6.88067950275689,4.95187508386806],[6.89139535211388,4.9516298252563],[6.89929673085948,4.95128489298349],[6.904188788282,4.95112294576739],[6.90895260238074,4.95092405170368],[6.91429653225919,4.95019552530329],[6.92726038365981,4.94858588003439],[6.92557333104446,4.9548216576934],[6.92471359265824,4.9580047882904],[6.9240228665621,4.96067395543872],[6.92342939585001,4.96305399324723],[6.9225626175708,4.96611721273922],[6.92183392389654,4.96906442598254],[6.92149203403022,4.97037142959783],[6.92116953804378,4.9716860792492],[6.92083937713562,4.972926488067],[6.92051745311801,4.97417079184862],[6.92021258294437,4.97515235060052],[6.91982878287206,4.97580932424097],[6.91945128794663,4.97626545138951],[6.91864655839203,4.97750110099508],[6.91812467821137,4.9790964092719],[6.91784478490894,4.97993717735892],[6.91775735281965,4.98062252371057],[6.91851651642412,4.9809855260612],[6.9188787516531,4.98126519183518],[6.91996617859633,4.98202169344643],[6.92035249766968,4.98234729569117],[6.92079947601508,4.98319693379153],[6.92119722906892,4.98369371928976],[6.92132579255133,4.98397083008979],[6.92295799641442,4.98425741075096],[6.92569735474916,4.9847786029502],[6.92735513263329,4.98486452597712],[6.9397972468455,4.9825464307732],[6.94687319094504,4.98123967896805],[6.94999657508191,4.98071690216335]]]},"properties":{"FID":7155,"globalid":"8ed8b26f-a05d-4923-af22-ffd925f95074","uniq_id":494516,"timestamp":1552694400000,"editor":"oluseye.abraham","wardname":"Ikward 10","wardcode":"RVSSPK10","lganame":"Ikwerre","lgacode":"33013","statename":"Rivers","statecode":"RI","amapcode":"NIE RVS SKP","status":"Operational Placeholder","source":"INEC","urban":"No","Shape__Area":0.00384032779500032,"Shape__Length":0.358496524007474}},{"type":"Feature","id":7156,"geometry":{"type":"Polygon","coordinates":[[[6.89139535211388,4.9516298252563],[6.89310372765493,4.95977201636549],[6.89301093110964,4.96290999739853],[6.89513781785604,4.96804999521117],[6.89770369786743,4.98111467859957],[6.89797507279144,4.98548599168521],[6.89779072256385,4.98836188779092],[6.89598965659741,4.99062222313711],[6.89495798042651,4.99158119271794],[6.89441174210828,4.99354465915872],[6.8926961072396,5.0060270917769],[6.89139298419889,5.01033071828806],[6.89503126528069,5.02871502557804],[6.89916869617844,5.0299625678183],[6.92862756181256,5.02343137815564],[6.93035329606784,5.02342937266747],[6.93471858099775,5.02276623597305],[6.94039161777897,5.02607687874502],[6.95875991263989,5.02043407177501],[6.95771408203933,5.01786082991345],[6.95619436537771,5.01512738641981],[6.95478254667722,5.01243567236844],[6.95309568831539,5.00933761583838],[6.9520386359743,5.00738051120169],[6.95057510355821,5.00468476998617],[6.94893450902043,5.00165061118679],[6.94864723318329,5.00095004470887],[6.94855446271833,5.00017527067223],[6.94853159655599,4.99960472637707],[6.94852860631016,4.99947260337797],[6.9487787248583,4.99871888876578],[6.94941820578561,4.9975563063785],[6.95070593243287,4.9953355888664],[6.95129708829006,4.99407424023406],[6.9516498023965,4.99271159556372],[6.951860055797,4.99112740380667],[6.95183783804583,4.99021225369262],[6.95163360110985,4.98889993598328],[6.95110849506102,4.98634200597883],[6.95066460678623,4.98353011192518],[6.94999657508191,4.98071690216335],[6.94687319094504,4.98123967896805],[6.9397972468455,4.9825464307732],[6.92735513263329,4.98486452597712],[6.92569735474916,4.9847786029502],[6.92295799641442,4.98425741075096],[6.92132579255133,4.98397083008979],[6.92119722906892,4.98369371928976],[6.92079947601508,4.98319693379153],[6.92035249766968,4.98234729569117],[6.91996617859633,4.98202169344643],[6.9188787516531,4.98126519183518],[6.91851651642412,4.9809855260612],[6.91775735281965,4.98062252371057],[6.91784478490894,4.97993717735892],[6.91812467821137,4.9790964092719],[6.91864655839203,4.97750110099508],[6.91945128794663,4.97626545138951],[6.91982878287206,4.97580932424097],[6.92021258294437,4.97515235060052],[6.92051745311801,4.97417079184862],[6.92083937713562,4.972926488067],[6.92116953804378,4.9716860792492],[6.92149203403022,4.97037142959783],[6.92183392389654,4.96906442598254],[6.9225626175708,4.96611721273922],[6.92342939585001,4.96305399324723],[6.9240228665621,4.96067395543872],[6.92471359265824,4.9580047882904],[6.92557333104446,4.9548216576934],[6.92726038365981,4.94858588003439],[6.91429653225919,4.95019552530329],[6.90895260238074,4.95092405170368],[6.904188788282,4.95112294576739],[6.89929673085948,4.95128489298349],[6.89139535211388,4.9516298252563]]]},"properties":{"FID":7156,"globalid":"93f0319f-c3bb-4646-869a-c5d85f81c668","uniq_id":494517,"timestamp":1552694400000,"editor":"oluseye.abraham","wardname":"Ikward 4","wardcode":"RVSSPK04","lganame":"Ikwerre","lgacode":"33013","statename":"Rivers","statecode":"RI","amapcode":"NIE RVS SKP","status":"Operational Placeholder","source":"INEC","urban":"No","Shape__Area":0.00340236377009262,"Shape__Length":0.29307994600062887}},{"type":"Feature","id":7157,"geometry":{"type":"Polygon","coordinates":[[[6.94356924992098,5.2286389461305],[6.94384293520335,5.21708846476088],[6.94352759242452,5.20462404736196],[6.94437773864178,5.19826305259784],[6.93875599379413,5.19028167825689],[6.91532607074163,5.18819703086831],[6.90212073068722,5.18602021286256],[6.89254477382229,5.18206150063781],[6.89172434390338,5.1835822901906],[6.88903390868796,5.19641881017998],[6.88735736644935,5.20985631381785],[6.88613413378329,5.21448063857065],[6.8827093589498,5.22457483785854],[6.87955671537014,5.23324767573968],[6.88195610029385,5.23042202026005],[6.88759374605456,5.22561121028917],[6.89158344262182,5.22382211699716],[6.89463663107568,5.22276163104448],[6.89780998244476,5.22165966026517],[6.90395498343577,5.21952581366543],[6.91762099131574,5.22285165318129],[6.92122650110218,5.2241754534345],[6.92366695356708,5.22511196064852],[6.92660283894992,5.22584252131537],[6.92890500985834,5.22647953000637],[6.92952702685085,5.22643131195554],[6.93118095383801,5.22630310100737],[6.93450021661175,5.22692918833144],[6.93854475024006,5.22769164974989],[6.94356924992098,5.2286389461305]]]},"properties":{"FID":7157,"globalid":"a341a61b-a48d-4ac5-9020-ccb2f70549fe","uniq_id":494518,"timestamp":1552694400000,"editor":"oluseye.abraham","wardname":"Ikward 11","wardcode":"RVSSPK11","lganame":"Ikwerre","lgacode":"33013","statename":"Rivers","statecode":"RI","amapcode":"NIE RVS SKP","status":"Operational Placeholder","source":"INEC","urban":"No","Shape__Area":0.0020452462877997846,"Shape__Length":0.20993623818587853}},{"type":"Feature","id":7159,"geometry":{"type":"Polygon","coordinates":[[[7.0128939943624,5.00637946324167],[7.01469651992852,5.00541161015775],[7.01622289966713,5.00463829482152],[7.01778792867003,5.00729563408629],[7.02040559794006,5.00941898379909],[7.02475097367852,5.0129460870923],[7.02697503127274,5.01021379383155],[7.0299333844182,5.00667735827352],[7.03190621010356,5.00410741602445],[7.03205541302691,5.00386634195814],[7.03221419642807,5.00390998965435],[7.03227300219731,5.00509154234084],[7.03238909657961,5.00545841807161],[7.03319653489223,5.00683464160545],[7.03399324968876,5.00793092597149],[7.03451752296536,5.00844777174734],[7.03471263807785,5.00866183107871],[7.03518606998119,5.00890981643494],[7.03611703917005,5.00923013066603],[7.03629867434438,5.00931289797194],[7.03702804880544,5.00970085291209],[7.03876000816791,5.01081874618825],[7.03959061121776,5.0101400853967],[7.04085296799013,5.00882598882839],[7.04126712108081,5.0084171678181],[7.04174850658836,5.00787920056473],[7.04203869712819,5.00761316491565],[7.04247215776394,5.00711701703676],[7.04338888259093,5.00564168371676],[7.04463898879834,5.00363588438859],[7.04587678238767,5.00149146985552],[7.04630088827543,5.00080907417947],[7.04723949990307,4.99936101459917],[7.04813073074865,4.99800914830359],[7.04874643090312,4.99705621137508],[7.04956102961785,4.99587696994627],[7.0500605103843,4.99521814100444],[7.05249694557762,4.9929856010047],[7.05341512730632,4.99171769091873],[7.0528721076617,4.9911469568666],[7.0521367311253,4.99038735169495],[7.05113186464388,4.98968400271463],[7.04953374508631,4.98812671057925],[7.04895633626597,4.98759451337617],[7.04736867672312,4.98610794302721],[7.04650042805235,4.98506764955243],[7.04567890455786,4.98376671815959],[7.04545902481419,4.98341229803918],[7.04258879803467,4.97866174174601],[7.04134736039242,4.97662973527412],[7.04084455303376,4.97600249232119],[7.04045617900948,4.97557441232931],[7.03976016669839,4.97487719043005],[7.03933773265027,4.97435240364058],[7.03899320327378,4.97359294685708],[7.03863872919402,4.97242847499416],[7.03826725433038,4.97123974661707],[7.0378460694406,4.97020342364914],[7.03769871012742,4.9698164849429],[7.03712008362498,4.96938888878623],[7.03645660069162,4.96906742612089],[7.03506920487996,4.96859654919143],[7.03412217290003,4.96827445160471],[7.03224807029227,4.96757083282773],[7.0310217493543,4.96708732312152],[7.02975193630289,4.9667025922509],[7.02934413062718,4.96659637961926],[7.02759602573605,4.96587830783767],[7.02691573177566,4.96535634581875],[7.02618080490026,4.96479713477999],[7.02483930688857,4.96376411861922],[7.02400185640062,4.96311482968571],[7.02345660643726,4.96249762496547],[7.02242637008095,4.96068069495817],[7.02090972910077,4.95848884658307],[7.01981198423573,4.95690866490298],[7.01933941658086,4.95606223378513],[7.01930721275772,4.95584507988656],[7.01940455357732,4.95567651635821],[7.02082978206886,4.95306883316016],[7.02194868888091,4.95079448997376],[7.02313222097524,4.94836164757203],[7.02431549766214,4.94602190478713],[7.02549852613612,4.94363790996164],[7.02653107734739,4.94159914778248],[7.02734043391393,4.93990941608672],[7.02800443755478,4.9386602802478],[7.02788263967216,4.93860863128333],[7.02765892521927,4.93866996324823],[7.02730808799794,4.93891371369699],[7.02729284538856,4.93891903228757],[7.02701931838686,4.93914584940148],[7.02682957402567,4.93917466278049],[7.02658324342201,4.93900869019893],[7.02596640832314,4.9384079205891],[7.02403966929535,4.93609383006623],[7.0215271874298,4.93317033824059],[7.02043134912753,4.93192259455213],[7.02008670463778,4.93190227257185],[7.01888333709638,4.93201315628221],[7.01325814604667,4.93254433275479],[7.01141640734136,4.93272018438904],[7.01054101715425,4.93280553095053],[7.0099866966288,4.9328316121892],[7.00970021399371,4.9329280024254],[7.00930923913012,4.93310386035495],[7.00862709166699,4.93350005488367],[7.00733923821531,4.93416804701781],[7.00556758997237,4.93513043222373],[7.00516155955836,4.93449358541068],[6.99935419194247,4.92726231490394],[6.99819881312476,4.92814966877222],[6.99765501376794,4.92745441908625],[6.99723269213507,4.92716927104505],[6.99642526371503,4.92654028070945],[6.99571748917083,4.92577997226795],[6.99519400459968,4.92522784698758],[6.99509412589322,4.92508614710806],[6.99506971829294,4.92471954117394],[6.9949999506872,4.92456021188434],[6.99441767203797,4.92481653215731],[6.99329294571294,4.92543708055689],[6.99179090522614,4.92623321978732],[6.99055267636498,4.92691737813453],[6.98896715900725,4.92777836208177],[6.98800446443454,4.92833168975574],[6.9827880017649,4.93143703259301],[6.98159232522568,4.93215528603764],[6.98069954394884,4.93275338556032],[6.97962675706924,4.93344276357271],[6.97912432742584,4.93367832479493],[6.9784994056231,4.93378043561864],[6.9774302484073,4.93400643704746],[6.97638941893661,4.93419221719711],[6.97560605457579,4.93436356412724],[6.97363205707381,4.9347419727639],[6.97294259362582,4.93492034699648],[6.97260508165925,4.93511610962082],[6.97202486065885,4.93558094490476],[6.97160635305079,4.9359999462406],[6.97119825869271,4.93633734489259],[6.97092909879893,4.93651280891902],[6.97055210029924,4.9366128279197],[6.97024408159916,4.9366218912873],[6.96970020400124,4.93658094335592],[6.96868317598785,4.93637916336775],[6.96755777786922,4.9361149020811],[6.96733253906547,4.93604924707512],[6.96683782020926,4.93604485568557],[6.96606534124254,4.93614860417478],[6.96454855727018,4.93626083327086],[6.9632251491214,4.93644088383979],[6.95927879987676,4.93684469562623],[6.95845018342925,4.93797957169994],[6.95797443757027,4.93941775672414],[6.95767866403918,4.94138161526939],[6.95753665299418,4.94286262960674],[6.95716258358641,4.94399928094214],[6.95537599580558,4.94634701420341],[6.95392393514152,4.94832267455183],[6.95192538075179,4.95105545614445],[6.95018282197969,4.95361841605711],[6.94951841814054,4.95534472407979],[6.94943196001697,4.95655285173279],[6.94965713406953,4.95863815832439],[6.94977247571921,4.9594036900283],[6.9500530120369,4.96165424524725],[6.95046382144824,4.96429097744669],[6.95086494426181,4.96700686527464],[6.95110542837284,4.96932282638738],[6.95134083041506,4.97229915698057],[6.94999657508191,4.98071690216335],[6.95066460678623,4.98353011192518],[6.95110849506102,4.98634200597883],[6.95163360110985,4.98889993598328],[6.95183783804583,4.99021225369262],[6.951860055797,4.99112740380667],[6.9516498023965,4.99271159556372],[6.95129708829006,4.99407424023406],[6.95070593243287,4.9953355888664],[6.94941820578561,4.9975563063785],[6.9487787248583,4.99871888876578],[6.94852860631016,4.99947260337797],[6.94853159655599,4.99960472637707],[6.94855446271833,5.00017527067223],[6.94864723318329,5.00095004470887],[6.94893450902043,5.00165061118679],[6.95057510355821,5.00468476998617],[6.9520386359743,5.00738051120169],[6.95309568831539,5.00933761583838],[6.95478254667722,5.01243567236844],[6.95619436537771,5.01512738641981],[6.95771408203933,5.01786082991345],[6.95875991263989,5.02043407177501],[6.99281051429386,5.00696854436291],[7.0128939943624,5.00637946324167]]]},"properties":{"FID":7159,"globalid":"ae1a3b7a-24ee-400f-a7e8-491caa6e5dcc","uniq_id":494521,"timestamp":1552694400000,"editor":"oluseye.abraham","wardname":"Ikward 9","wardcode":"RVSSPK09","lganame":"Ikwerre","lgacode":"33013","statename":"Rivers","statecode":"RI","amapcode":"NIE RVS SKP","status":"Operational Placeholder","source":"INEC","urban":"No","Shape__Area":0.006503113089518564,"Shape__Length":0.36144150575440659}},{"type":"Feature","id":7160,"geometry":{"type":"Polygon","coordinates":[[[6.89139535211388,4.9516298252563],[6.88067950275689,4.95187508386806],[6.88219660239133,4.94567688797804],[6.88228415768776,4.93711303893565],[6.88212529424698,4.93683140094845],[6.88209139160449,4.93659532081745],[6.88214309183024,4.93607397663277],[6.88195860490572,4.93605147109855],[6.88171060156304,4.93590206672707],[6.88160595015455,4.93564551802626],[6.88165716744436,4.93551324484042],[6.88200601266738,4.93556882384217],[6.88222004771706,4.93559314330895],[6.88247806321209,4.9354183142039],[6.88262573009342,4.93503048157152],[6.88277950157277,4.93475942680612],[6.88269684128625,4.93461536620623],[6.88258595218002,4.93443919261472],[6.88280968102202,4.93420772960309],[6.88282991217073,4.93388108144683],[6.88289463637841,4.93326427872353],[6.88302221690185,4.93319103164083],[6.88307684891748,4.93311436443639],[6.88300332484363,4.93286958606262],[6.88299531458216,4.93265639907361],[6.88304436630449,4.93257646283354],[6.88330891537419,4.9324822012926],[6.88329711267164,4.9322502652376],[6.8832126042783,4.93189082600088],[6.88295978866336,4.93192109358364],[6.8828172757967,4.93186550738733],[6.88279205790718,4.93172544157591],[6.88286078499726,4.93150807004145],[6.88306803915873,4.93139182277446],[6.88325191814158,4.93114937904068],[6.88314954021916,4.93107496373864],[6.8829546823128,4.93103689993302],[6.88288154224944,4.9308782802085],[6.88297634788017,4.9306388986663],[6.88321643718888,4.93041660514228],[6.88338673730811,4.9301915803772],[6.88342626071341,4.92968875862937],[6.88356707206276,4.92957899367565],[6.88382216925777,4.929645973383],[6.88398851865526,4.92960977926793],[6.88415342643952,4.92935710214857],[6.88417414142356,4.92916354106461],[6.88406758974753,4.92902059382538],[6.88370618099549,4.92891229656527],[6.88363187541074,4.92878064930755],[6.88364387776278,4.92847852116688],[6.88336932373534,4.92821896693181],[6.88325774934572,4.92798783127347],[6.88322019185841,4.92770595856319],[6.88318927586442,4.92729800809667],[6.88331944733466,4.92701770020676],[6.88368025713822,4.92668343569204],[6.88338984896239,4.92621858242171],[6.8834264109002,4.92584318921189],[6.88379754132353,4.92566874681523],[6.88410976075693,4.9246757073181],[6.88362823405578,4.9241944836885],[6.88336536491971,4.92373991866236],[6.88342212203338,4.92273759636305],[6.88370330406428,4.92212512027811],[6.88367096983944,4.92168393356673],[6.88393113201619,4.92158247475146],[6.8843766732449,4.92168462964202],[6.88455059493407,4.9212830688586],[6.88464352727703,4.92104128792516],[6.8853166491441,4.9209901650641],[6.88558024223443,4.92046824980991],[6.88615928512297,4.92052110656385],[6.88625699196666,4.92131782495773],[6.8869444391346,4.92120930196774],[6.88779976364822,4.92077247606898],[6.88794211643557,4.9204019796677],[6.88728440535107,4.91870808501017],[6.88763492511174,4.91792212520596],[6.88624331687561,4.91732377117512],[6.88514110238003,4.91697419570261],[6.88504199079529,4.91666918613407],[6.88551846600444,4.91639932836637],[6.88601156158433,4.91624649308125],[6.88645510901614,4.91572684142062],[6.88633383813618,4.91532234165277],[6.88558688462706,4.91410065402204],[6.88522512334083,4.91278525703405],[6.88613987505522,4.91213210281433],[6.88710605719882,4.91165849374454],[6.88763849542028,4.91154033811614],[6.88758592375143,4.91104219913825],[6.88702506065806,4.90961318270229],[6.88703586781111,4.90955050625092],[6.88744078666303,4.90732402858112],[6.88498542973383,4.90719134260644],[6.88481137134778,4.9071303595785],[6.88265127083952,4.90859452331864],[6.88158743491226,4.91047947534759],[6.87701551725235,4.91181522039614],[6.87446262255202,4.9125744370607],[6.86763234265851,4.91321367786901],[6.86628177768193,4.91589961017894],[6.86470709085961,4.91991517124819],[6.85847556789321,4.92629312183016],[6.85454962966173,4.93476769157576],[6.84929123340373,4.94620175120991],[6.84613237191149,4.95269689064901],[6.84625942992881,4.95310871719357],[6.8461389882238,4.95760056191642],[6.84602251073034,4.9613640987742],[6.8453130148838,4.97199177320181],[6.84674369956213,4.98086748734471],[6.86045529227795,4.9798087820497],[6.87115870221237,4.9764518493734],[6.87643682869674,4.97667446575406],[6.87919889401377,4.978020644737],[6.88252908624838,4.97875641067986],[6.88515848717446,4.98210507139197],[6.88921125139819,4.98629551102908],[6.89386454511271,4.99099496334691],[6.89495798042651,4.99158119271794],[6.89598965659741,4.99062222313711],[6.89779072256385,4.98836188779092],[6.89797507279144,4.98548599168521],[6.89770369786743,4.98111467859957],[6.89513781785604,4.96804999521117],[6.89301093110964,4.96290999739853],[6.89310372765493,4.95977201636549],[6.89139535211388,4.9516298252563]]]},"properties":{"FID":7160,"globalid":"ce8c69d2-1c6a-4da0-aff8-45e0662401f2","uniq_id":494522,"timestamp":1552694400000,"editor":"oluseye.abraham","wardname":"Ikward 1","wardcode":"RVSSPK01","lganame":"Ikwerre","lgacode":"33013","statename":"Rivers","statecode":"RI","amapcode":"NIE RVS SKP","status":"Operational Placeholder","source":"INEC","urban":"No","Shape__Area":0.0025053037864815053,"Shape__Length":0.26158705126395937}},{"type":"Feature","id":7182,"geometry":{"type":"Polygon","coordinates":[[[7.09281767989205,5.08383940566409],[7.09686276390551,5.08360145943988],[7.10126476635594,5.08360145943988],[7.10257347058922,5.08395837877623],[7.10483395792085,5.08360145943988],[7.1168502359497,5.08360145943988],[7.11815894018298,5.08324454100284],[7.12014998343506,5.08329165108887],[7.12033199992192,5.08111500035704],[7.11847875888765,5.07540109388543],[7.11669000014342,5.06988600143785],[7.11683799977391,5.06481700060414],[7.1162709997069,5.05814400044534],[7.11665200018973,5.05329900004887],[7.11643679242405,5.05149000925655],[7.11500461756907,5.03934554006469],[7.10631171311513,5.03945728082891],[7.1035753324357,5.03921933460464],[7.09929230309734,5.03921933460464],[7.09750770731489,5.03945728082891],[7.08868254586287,5.04389379836016],[7.08844917898648,5.04389379836016],[7.076229513881,5.04910099441543],[7.07667236613685,5.05015286756083],[7.07695382336033,5.05109226609522],[7.0773659089096,5.05437239576952],[7.07801177232545,5.05933046432949],[7.07827447958363,5.06075663710914],[7.0789622945743,5.06211216364551],[7.08393346086058,5.07279493323961],[7.08393346086058,5.08164652756523],[7.0843141735603,5.08297902606125],[7.08448956743962,5.08467221744894],[7.09031924633621,5.08419632500045],[7.09281767989205,5.08383940566409]]]},"properties":{"FID":7182,"globalid":"a0fd405b-dc75-4343-9cab-a7466bf6b14d","uniq_id":494567,"timestamp":1552694400000,"editor":"oluseye.abraham","wardname":"Obibi","wardcode":"RVSKHE11","lganame":"Etche","lgacode":"33011","statename":"Rivers","statecode":"RI","amapcode":"NIE RVS KHE","status":"Operational Placeholder","source":"INEC","urban":"No","Shape__Area":0.0015468942785865636,"Shape__Length":0.15854201072527116}},{"type":"Feature","id":7189,"geometry":{"type":"Polygon","coordinates":[[[6.99499748114886,5.02341463098048],[6.99395646731716,5.02400949744037],[6.99261801980583,5.02549666044257],[6.98060815574183,5.04766765313974],[6.98548556680549,5.04797892558702],[6.99576483757727,5.04797892558702],[7.00375982765399,5.04893070958462],[7.00699589414523,5.04912106728347],[7.01042231833537,5.04988249358229],[7.01879802111182,5.05007285128113],[7.02108230360545,5.05102463527874],[7.02507979819416,5.05311856097285],[7.03136157527655,5.05407034586983],[7.04290389170131,5.05299632781833],[7.04268410278917,5.04739565858284],[7.04057944998169,5.04094602393991],[7.04088097467729,5.03958916011169],[7.04123690116211,5.03638122531333],[7.04168918910483,5.03411978470035],[7.04182966500707,5.03247228157056],[7.04146531457263,5.03065507277341],[7.03539906001868,5.03156750873359],[7.03313762030496,5.03156750873359],[7.03208228207171,5.03111522079087],[7.02921779206747,5.03081369519595],[7.02831321618203,5.03051216960097],[7.02322185460497,5.02977175776044],[7.01779668357011,5.02815372541414],[7.0120859768864,5.02729711756797],[7.00761259074852,5.02605979882071],[6.99499748114886,5.02341463098048]]]},"properties":{"FID":7189,"globalid":"c6d6d504-0aae-4525-96aa-a64835bdea04","uniq_id":494568,"timestamp":1552694400000,"editor":"oluseye.abraham","wardname":"Nihi","wardcode":"RVSKHE01","lganame":"Etche","lgacode":"33011","statename":"Rivers","statecode":"RI","amapcode":"NIE RVS KHE","status":"Operational Placeholder","source":"INEC","urban":"No","Shape__Area":0.0012625591049229001,"Shape__Length":0.16200475839609033}},{"type":"Feature","id":7196,"geometry":{"type":"Polygon","coordinates":[[[6.98060815574183,5.04766765313974],[6.97977486012172,5.04759821198792],[6.97588914316947,5.04799818996452],[6.97860287082585,5.05056115437384],[6.97965820995847,5.051918018202],[6.98011049790119,5.05463174585844],[6.98011049790119,5.05779776055823],[6.97679371905497,5.06910496092524],[6.97558761757455,5.07408012829535],[6.97453227934125,5.08222131126456],[6.97392922905073,5.08538732686367],[6.9727231275703,5.08915639275335],[6.97136626374214,5.0914178315677],[6.97091397579942,5.09277469629524],[6.96965936578715,5.09471823375952],[6.97099186338386,5.09471823375952],[6.97175329058194,5.09509894735857],[6.97879649576174,5.09662180265411],[6.98583970004216,5.09871572834822],[6.98812398343512,5.10004822684425],[6.99056055082883,5.10272273956281],[6.99229755718659,5.10317483864793],[7.0200896634073,5.10336519544745],[7.02427751389621,5.10355555224697],[7.02656179638984,5.10412662264559],[7.03132071817663,5.10450733624464],[7.03779285205854,5.10450733624464],[7.0402674913517,5.10469769304416],[7.04250253596331,5.10459660025293],[7.04269289276283,5.10126535491224],[7.04316878521132,5.09926660716826],[7.04306026941595,5.08744646408309],[7.04320898580607,5.08536443641964],[7.04395256775683,5.0826875422963],[7.0448448651984,5.07807733600032],[7.04514229797871,5.07569787555656],[7.04558844714916,5.07093895376977],[7.0460345963196,5.06156982568695],[7.0452938103611,5.05769475490905],[7.04396131096576,5.05731404131001],[7.04290389170131,5.05299632781833],[7.03136157527655,5.05407034586983],[7.02507979819416,5.05311856097285],[7.02108230360545,5.05102463527874],[7.01879802111182,5.05007285128113],[7.01042231833537,5.04988249358229],[7.00699589414523,5.04912106728347],[7.00375982765399,5.04893070958462],[6.99576483757727,5.04797892558702],[6.98548556680549,5.04797892558702],[6.98060815574183,5.04766765313974]]]},"properties":{"FID":7196,"globalid":"2463cd01-cdb2-4c5e-8871-7ce6e6f73733","uniq_id":494563,"timestamp":1552694400000,"editor":"oluseye.abraham","wardname":"Odufor","wardcode":"RVSKHE04","lganame":"Etche","lgacode":"33011","statename":"Rivers","statecode":"RI","amapcode":"NIE RVS KHE","status":"Operational Placeholder","source":"INEC","urban":"No","Shape__Area":0.0035615400785715678,"Shape__Length":0.24627241444949446}},{"type":"Feature","id":7197,"geometry":{"type":"Polygon","coordinates":[[[7.08488523856295,5.13933559516164],[7.08487599083435,5.13539710958901],[7.0842811261731,5.13230380957322],[7.08404317994882,5.12706899623726],[7.08416215306096,5.12135828955348],[7.08356728839971,5.11719423332727],[7.08356728839971,5.11303017710105],[7.0838052337246,5.10815228130281],[7.08440009928518,5.1035123326281],[7.08440009928518,5.09922930328975],[7.08487599083435,5.09661189572245],[7.08496545898879,5.08871730056302],[7.08448956743962,5.08467221744894],[7.0843141735603,5.08297902606125],[7.08393346086058,5.08164652756523],[7.08393346086058,5.07279493323961],[7.0789622945743,5.06211216364551],[7.0751057732129,5.06216007143018],[7.06946633780132,5.0622301259196],[7.06756276980605,5.06194459117],[7.06299187467533,5.06194459117],[7.06127434763306,5.06529951566017],[7.05769129391814,5.06394533091236],[7.05400272364682,5.0627366546729],[7.0521438618498,5.06213494796953],[7.05109689900274,5.06194459117],[7.04728976121356,5.06184941232056],[7.0460345963196,5.06156982568695],[7.04558844714916,5.07093895376977],[7.04514229797871,5.07569787555656],[7.0448448651984,5.07807733600032],[7.04395256775683,5.0826875422963],[7.04320898580607,5.08536443641964],[7.04306026941595,5.08744646408309],[7.04316878521132,5.09926660716826],[7.04269289276283,5.10126535491224],[7.04250253596331,5.10459660025293],[7.04231217916379,5.10564356309999],[7.04097968066776,5.1095458788393],[7.04050378911865,5.11144944773389],[7.03860022022405,5.11677943991924],[7.03764843532707,5.12058657770842],[7.03726772172803,5.12249014660301],[7.0371725437779,5.12410817984869],[7.03669665132946,5.12582139194376],[7.035935223232,5.13514887961713],[7.03527577016069,5.13785910441419],[7.03650176914141,5.13789537227365],[7.03970732523294,5.13811028955826],[7.04488610630881,5.13786591498007],[7.046373269311,5.13756848309907],[7.04905016343434,5.13741976670889],[7.05648597844521,5.13741976670889],[7.05975218301688,5.13874072960101],[7.06138806240921,5.13874072960101],[7.06347009007266,5.13903816238133],[7.07298793544493,5.1388894459912],[7.07373151559699,5.13903816238133],[7.0777468563324,5.1388894459912],[7.07893658655428,5.13933559516164],[7.08488523856295,5.13933559516164]]]},"properties":{"FID":7197,"globalid":"55ca5a28-2dbd-47f7-9508-6d5ad9dd4478","uniq_id":494564,"timestamp":1552694400000,"editor":"oluseye.abraham","wardname":"Mba","wardcode":"RVSKHE08","lganame":"Etche","lgacode":"33011","statename":"Rivers","statecode":"RI","amapcode":"NIE RVS KHE","status":"Operational Placeholder","source":"INEC","urban":"No","Shape__Area":0.0032171302869485885,"Shape__Length":0.24177903515321927}},{"type":"Feature","id":7198,"geometry":{"type":"Polygon","coordinates":[[[7.11975300020083,5.08803900039959],[7.12014998343506,5.08329165108887],[7.11815894018298,5.08324454100284],[7.1168502359497,5.08360145943988],[7.10483395792085,5.08360145943988],[7.10257347058922,5.08395837877623],[7.10126476635594,5.08360145943988],[7.09686276390551,5.08360145943988],[7.09281767989205,5.08383940566409],[7.09031924633621,5.08419632500045],[7.08448956743962,5.08467221744894],[7.08496545898879,5.08871730056302],[7.08487599083435,5.09661189572245],[7.08440009928518,5.09922930328975],[7.08440009928518,5.1035123326281],[7.0838052337246,5.10815228130281],[7.08356728839971,5.11303017710105],[7.08356728839971,5.11719423332727],[7.08416215306096,5.12135828955348],[7.08404317994882,5.12706899623726],[7.0842811261731,5.13230380957322],[7.08487599083435,5.13539710958901],[7.08488523856295,5.13933559516164],[7.08875186380754,5.14037660899334],[7.09023902680968,5.14097147455396],[7.09261848815277,5.14141762372441],[7.09395693476478,5.14186377289485],[7.09737740993955,5.1424586375561],[7.09931072211219,5.14260735394629],[7.10154146616577,5.14320222040618],[7.10540809141031,5.14349965228718],[7.10700681890961,5.14391317495313],[7.10836368273783,5.14300859906763],[7.10926825862327,5.14195325993506],[7.11017283540809,5.14029487141124],[7.11062512155218,5.1386364819881],[7.11183122393192,5.13712885491276],[7.11409266364558,5.13501817844622],[7.11424342599338,5.13426436490857],[7.11590181541652,5.13079682371449],[7.11756020394029,5.12898767194355],[7.1192450001567,5.12791099999271],[7.11918800022607,5.12445600074386],[7.12203300012288,5.11495800071123],[7.12101800008071,5.10921700036431],[7.12064736788176,5.1080301857445],[7.1198009997164,5.105320001417],[7.12077699975879,5.09424300141342],[7.11975300020083,5.08803900039959]]]},"properties":{"FID":7198,"globalid":"6c467ba9-004a-41b3-8b57-fa6cf2033dde","uniq_id":494565,"timestamp":1552694400000,"editor":"oluseye.abraham","wardname":"Okehi","wardcode":"RVSKHE13","lganame":"Etche","lgacode":"33011","statename":"Rivers","statecode":"RI","amapcode":"NIE RVS KHE","status":"Operational Placeholder","source":"INEC","urban":"No","Shape__Area":0.0020051361072077611,"Shape__Length":0.17958091012562513}},{"type":"Feature","id":7199,"geometry":{"type":"Polygon","coordinates":[[[7.07893658655428,5.13933559516164],[7.0777468563324,5.1388894459912],[7.07373151559699,5.13903816238133],[7.07298793544493,5.1388894459912],[7.06347009007266,5.13903816238133],[7.06138806240921,5.13874072960101],[7.05975218301688,5.13874072960101],[7.0601228071219,5.14217204340514],[7.06027357036902,5.15061475196927],[7.0598212824263,5.15800212140084],[7.0598212824263,5.16086661230435],[7.05891670744012,5.16448491584623],[7.05876594329368,5.16870626967864],[7.05967051917918,5.1718722852778],[7.05967051917918,5.17549058881968],[7.06042433271682,5.18167185767015],[7.06030741275697,5.18562053885682],[7.0668670093051,5.1888249528094],[7.07977637527955,5.19324352976514],[7.09446238523094,5.19395634770734],[7.10246101936059,5.19800772337777],[7.10233317623516,5.19532323807704],[7.10233317623516,5.19381561190102],[7.10188088829238,5.19125264659243],[7.10173012594458,5.18703129186071],[7.10142860034966,5.18597595362741],[7.1005240235649,5.1791916335871],[7.09961944857872,5.17451799271123],[7.09946868623092,5.15898943941113],[7.1005240235649,5.15416503438888],[7.10203165243888,5.1493406302659],[7.10580071742919,5.14542080112909],[7.10700681890961,5.14391317495313],[7.10540809141031,5.14349965228718],[7.10154146616577,5.14320222040618],[7.09931072211219,5.14260735394629],[7.09737740993955,5.1424586375561],[7.09395693476478,5.14186377289485],[7.09261848815277,5.14141762372441],[7.09023902680968,5.14097147455396],[7.08875186380754,5.14037660899334],[7.08488523856295,5.13933559516164],[7.07893658655428,5.13933559516164]]]},"properties":{"FID":7199,"globalid":"912f8500-3ebc-4688-9c81-8d8d0970e406","uniq_id":494566,"timestamp":1552694400000,"editor":"oluseye.abraham","wardname":"Ndashi","wardcode":"RVSKHE17","lganame":"Etche","lgacode":"33011","statename":"Rivers","statecode":"RI","amapcode":"NIE RVS KHE","status":"Operational Placeholder","source":"INEC","urban":"No","Shape__Area":0.0021464210335082612,"Shape__Length":0.19637313825990366}},{"type":"Feature","id":7200,"geometry":{"type":"Polygon","coordinates":[[[6.97099186338386,5.09471823375952],[6.96965936578715,5.09471823375952],[6.96775579689256,5.09928679874679],[6.96718472559468,5.1013807244409],[6.96356794640366,5.10747214472377],[6.96147401981023,5.11032749941461],[6.959951165414,5.11356356500659],[6.95709581162248,5.11794177319433],[6.95366938743234,5.12231998138208],[6.95214653303611,5.1236524798781],[6.95024296414152,5.12574640557222],[6.94700689675091,5.12860175756509],[6.94474402981319,5.12952736859324],[6.94474402981319,5.13105022388879],[6.94477094921996,5.13264837582193],[6.94414855181424,5.1333048404461],[6.94104299134102,5.13658038537653],[6.94102711021304,5.154290405278],[6.94035750739312,5.16302568758545],[6.93973174472427,5.17261565318989],[6.93875599379413,5.19028167825689],[6.94437773864178,5.19826305259784],[6.95976999968576,5.19797400059969],[6.98090899965064,5.19161700062415],[6.98412838281865,5.19098585281489],[6.98366011392318,5.18838333712137],[6.98413600637167,5.18410030688369],[6.98461189882011,5.18243468421338],[6.98461189882011,5.18100700776722],[6.9838980601474,5.17553424730772],[6.9838980601474,5.17363067841313],[6.98366011392318,5.17196505574276],[6.9834221676989,5.16078158859949],[6.98413600637167,5.15649855926114],[6.98461189882011,5.15459499036655],[6.98461189882011,5.15221552992284],[6.9853257365935,5.14817044590939],[6.9853257365935,5.14245973922561],[6.98627752059116,5.13746287121461],[6.98627752059116,5.13508341077085],[6.98675341303965,5.13246600320355],[6.98794314416079,5.12984859743489],[6.98865698193424,5.12675529741909],[6.98913287438268,5.12056869828683],[6.98913287438268,5.11771334539463],[6.99056055082883,5.11128880003815],[6.99056055082883,5.10272273956281],[6.98812398343512,5.10004822684425],[6.98583970004216,5.09871572834822],[6.97879649576174,5.09662180265411],[6.97175329058194,5.09509894735857],[6.97099186338386,5.09471823375952]]]},"properties":{"FID":7200,"globalid":"c85a7169-33eb-4f95-8500-d5097910b112","uniq_id":494569,"timestamp":1552694400000,"editor":"oluseye.abraham","wardname":"Isu / Orwu / Ogida","wardcode":"RVSKHE16","lganame":"Etche","lgacode":"33011","statename":"Rivers","statecode":"RI","amapcode":"NIE RVS KHE","status":"Operational Placeholder","source":"INEC","urban":"No","Shape__Area":0.0039026323645892091,"Shape__Length":0.2688386881414172}},{"type":"Feature","id":7201,"geometry":{"type":"Polygon","coordinates":[[[6.42453618439743,5.01726181578022],[6.43010437821454,5.01288032326835],[6.43047788644537,5.007878327323],[6.42745893428241,5.00141526670126],[6.42568502964048,4.9966760760401],[6.42604491134364,4.99171214479969],[6.42759826534774,4.98837719784945],[6.43082106863744,4.98507769677832],[6.43407208815637,4.98252605213565],[6.43809914166212,4.9825099812507],[6.44837911030777,4.98636210582657],[6.4600553618655,4.98704165155101],[6.46329203000323,4.98974123826758],[6.46932522008291,4.99516460436303],[6.47202895627134,4.99258274070098],[6.46990978840608,4.98857155123613],[6.46796618079463,4.98021664797994],[6.47024825904998,4.97648755965321],[6.47581403099281,4.97924374610204],[6.48062993922036,4.97956537244403],[6.48436659084553,4.97474186584446],[6.48982025600009,4.97363391637219],[6.4949349945544,4.97869716514208],[6.49903716483334,4.97952697588926],[6.4988375144398,4.97561136367352],[6.50208877677568,4.97145980532582],[6.50507539921034,4.97264753455613],[6.50794214921086,4.97917455316315],[6.51232415613492,4.98350296858717],[6.51324554934268,4.9810169321857],[6.51154203733518,4.97658173665786],[6.51037126392276,4.96745718100414],[6.50385600035418,4.96160200003231],[6.49897600014236,4.95938000008698],[6.49385000027735,4.95624200016823],[6.48869700006657,4.95149200055545],[6.49065300033573,4.94408500072228],[6.49568999969375,4.94169600027027],[6.49857699972881,4.93473600036617],[6.50015000032232,4.93217199993791],[6.50992581442483,4.93113132604992],[6.51291811607825,4.92370946491991],[6.53351209180965,4.89566190897],[6.53514599988802,4.87097900008087],[6.53071499969752,4.86806000036876],[6.52540700043278,4.867921000254],[6.51756700041676,4.86805000080693],[6.51509000040323,4.87178100019304],[6.51286300022736,4.87665600017431],[6.50348000010194,4.88142400061719],[6.49984000041576,4.8844810003979],[6.49830799991429,4.88957700067806],[6.49472099997422,4.89608800056084],[6.49069799971295,4.90399000073802],[6.4871000001649,4.9098130003697],[6.47662199990543,4.91805500003829],[6.46592400029243,4.92699300032677],[6.45379500033903,4.93295800021161],[6.44412699966136,4.93427300059852],[6.43398618671318,4.93030118884883],[6.44064092613786,4.94319486615018],[6.44056970522774,4.94665939371612],[6.44040203112888,4.95481586516007],[6.43741512270981,4.96648597704626],[6.43067598281038,4.97357511509955],[6.42166614467686,4.9816341396039],[6.41039180823543,4.99112701529958],[6.41156101233088,5.00458192801364],[6.41727399789676,5.01609802200613],[6.42453618439743,5.01726181578022]]]},"properties":{"FID":7201,"globalid":"10956725-aa9f-4496-b911-c225046d53b9","uniq_id":494570,"timestamp":1552694400000,"editor":"oluseye.abraham","wardname":"Okarki","wardcode":"RVSKNM10","lganame":"Ahoada West","lgacode":"33003","statename":"Rivers","statecode":"RI","amapcode":"NIE RVS KNM","status":"Operational Placeholder","source":"INEC","urban":"No","Shape__Area":0.00595174718981184,"Shape__Length":0.54859851623611355}},{"type":"Feature","id":7202,"geometry":{"type":"Polygon","coordinates":[[[6.49059022765692,5.09589963176262],[6.48123795736586,5.09431484375506],[6.4645760082762,5.09758736336619],[6.46098110239603,5.099207533401],[6.46331222158182,5.10481102740704],[6.46433687224891,5.10727405465394],[6.47298097589135,5.128497124143],[6.47914409642294,5.13954114870512],[6.49018181224091,5.13304222761678],[6.51546195730356,5.11816651467296],[6.51564905855724,5.10913530594968],[6.51290879460521,5.09892990998742],[6.50312478228295,5.09514895685891],[6.49059022765692,5.09589963176262]]]},"properties":{"FID":7202,"globalid":"8c9eb9ea-575e-4a05-b396-832a6d8fd481","uniq_id":494571,"timestamp":1552694400000,"editor":"oluseye.abraham","wardname":"Joinkrama","wardcode":"RVSKNM05","lganame":"Ahoada West","lgacode":"33003","statename":"Rivers","statecode":"RI","amapcode":"NIE RVS KNM","status":"Operational Placeholder","source":"INEC","urban":"No","Shape__Area":0.0016185567027058312,"Shape__Length":0.15949612805226554}},{"type":"Feature","id":7203,"geometry":{"type":"Polygon","coordinates":[[[6.6242801793868,5.25354504336912],[6.63057968930127,5.25585649528108],[6.63594961138551,5.25492480213796],[6.63914606723728,5.2556307312733],[6.64088351426284,5.2558935167724],[6.6460347967685,5.25927508098027],[6.64807742962972,5.26025455420438],[6.64788456821827,5.26070307668567],[6.64628222184712,5.26158699244581],[6.64642500181242,5.26310935940944],[6.6472093851051,5.26335482126802],[6.65130533477344,5.26898738406055],[6.65298124119136,5.26706545910372],[6.65583410835745,5.25669258419543],[6.65741155789715,5.24916127287452],[6.65730412308687,5.24680465970732],[6.65544245360638,5.24214731544629],[6.66091050701431,5.23910096543727],[6.66078475121532,5.23262670555806],[6.66078475121532,5.22682676993952],[6.66033860294419,5.22281143010349],[6.66025448036004,5.2180861555517],[6.66049242658426,5.21707488589732],[6.66049242658426,5.20856831287739],[6.66031396691608,5.20755704142437],[6.66025448036004,5.1985150893999],[6.66031396691608,5.19577870961979],[6.66056960820089,5.1946245655713],[6.65224149484914,5.19486251179552],[6.6506948452909,5.19438662024635],[6.64855333017209,5.19426764713427],[6.64034418993248,5.19414867402213],[6.63582321436991,5.19450559155985],[6.63403499971554,5.19419500079869],[6.62605899972311,5.20032100001418],[6.62259101606259,5.2013852316432],[6.62249860532643,5.20511851800524],[6.62278414007608,5.20668896182616],[6.62292690835017,5.21054368904009],[6.62349797874879,5.21582609270007],[6.62325368690819,5.21732118682337],[6.62325368690819,5.2194151134168],[6.62420547180511,5.22398367840407],[6.62439582860463,5.22607760319886],[6.62420547180511,5.23635687486995],[6.62439582860463,5.23978329906004],[6.62439582860463,5.24987221393155],[6.6242801793868,5.25354504336912]]]},"properties":{"FID":7203,"globalid":"6ef9e9c6-3a80-4efc-b5fd-aeec3866d8d3","uniq_id":494572,"timestamp":1552694400000,"editor":"oluseye.abraham","wardname":"Eji Central","wardcode":"RVSRGM14","lganame":"Ogba/Egbema/Ndoni","lgacode":"33016","statename":"Rivers","statecode":"RI","amapcode":"NIE RVS RGM","status":"Operational Placeholder","source":"INEC","urban":"No","Shape__Area":0.0022395701247077682,"Shape__Length":0.20915868087078}},{"type":"Feature","id":7204,"geometry":{"type":"Polygon","coordinates":[[[6.61956124505548,5.32422345095154],[6.62108764727714,5.32466379319953],[6.62272352666946,5.32466379319953],[6.62406197328147,5.32481250958972],[6.62763116484643,5.32481250958972],[6.62882089506832,5.32466379319953],[6.62882089506832,5.3216894671952],[6.628523462288,5.31960743863243],[6.628523462288,5.31083317611024],[6.62788830709974,5.30941425096694],[6.6271344935621,5.307605099196],[6.62653144327152,5.30609747302003],[6.6260791553288,5.30443908359689],[6.62532534179115,5.30278069507307],[6.62457152915277,5.30157459359265],[6.62515725580278,5.29860357529481],[6.62553796940182,5.29631929190185],[6.6261090406997,5.29365429580918],[6.6261090406997,5.28604002113013],[6.62553796940182,5.28318466733856],[6.62477654220373,5.28071002804541],[6.62439582860463,5.27842574555177],[6.62401511500559,5.27576074855972],[6.62363440140655,5.272715038868],[6.62363440140655,5.26605254818662],[6.6242801793868,5.25354504336912],[6.62439582860463,5.24987221393155],[6.62439582860463,5.23978329906004],[6.62420547180511,5.23635687486995],[6.62439582860463,5.22607760319886],[6.62420547180511,5.22398367840407],[6.60743217135769,5.22553452060168],[6.54923009898994,5.2126522062344],[6.55276203164249,5.22654056519497],[6.5666360859866,5.23697280974744],[6.5767290001433,5.24003000018439],[6.58093799998875,5.24342000003304],[6.58125500021811,5.24872100077363],[6.5760500003073,5.255269000564],[6.57486094187902,5.2609598358278],[6.57455000038226,5.26244800067474],[6.57725800025656,5.2727820005889],[6.58030499957613,5.27572900069288],[6.58356599977111,5.27752000144693],[6.5884619998215,5.28043500007522],[6.59568700025488,5.28469499957464],[6.60270199999735,5.29011200026866],[6.61258899998239,5.30194100077659],[6.61526143886437,5.30783163032555],[6.61809300019183,5.31407299996903],[6.61956124505548,5.32422345095154]]]},"properties":{"FID":7204,"globalid":"c3150e85-aa03-4dee-b906-19dcb1fc63dd","uniq_id":494573,"timestamp":1552694400000,"editor":"oluseye.abraham","wardname":"Usozimili","wardcode":"RVSRGM13","lganame":"Ogba/Egbema/Ndoni","lgacode":"33016","statename":"Rivers","statecode":"RI","amapcode":"NIE RVS RGM","status":"Operational Placeholder","source":"INEC","urban":"No","Shape__Area":0.0038673359813046204,"Shape__Length":0.33700983938276613}},{"type":"Feature","id":7205,"geometry":{"type":"Polygon","coordinates":[[[6.71342223964467,5.35037721004028],[6.71486582239982,5.33492782226125],[6.71230882229435,5.31951182181319],[6.68861640602239,5.27084482043216],[6.66953217886703,5.26816690827627],[6.66502600884326,5.26860567131473],[6.66142112408568,5.26971564156366],[6.65788313539844,5.26971030228867],[6.65298124119136,5.26706545910372],[6.65130533477344,5.26898738406055],[6.6472093851051,5.26335482126802],[6.64642500181242,5.26310935940944],[6.64628222184712,5.26158699244581],[6.64788456821827,5.26070307668567],[6.64807742962972,5.26025455420438],[6.6460347967685,5.25927508098027],[6.64088351426284,5.2558935167724],[6.63914606723728,5.2556307312733],[6.63594961138551,5.25492480213796],[6.63057968930127,5.25585649528108],[6.6242801793868,5.25354504336912],[6.62363440140655,5.26605254818662],[6.62363440140655,5.272715038868],[6.62401511500559,5.27576074855972],[6.62439582860463,5.27842574555177],[6.62477654220373,5.28071002804541],[6.62553796940182,5.28318466733856],[6.6261090406997,5.28604002113013],[6.6261090406997,5.29365429580918],[6.62553796940182,5.29631929190185],[6.62515725580278,5.29860357529481],[6.62457152915277,5.30157459359265],[6.62532534179115,5.30278069507307],[6.6260791553288,5.30443908359689],[6.62653144327152,5.30609747302003],[6.6271344935621,5.307605099196],[6.62788830709974,5.30941425096694],[6.628523462288,5.31083317611024],[6.628523462288,5.31960743863243],[6.62882089506832,5.3216894671952],[6.62882089506832,5.32466379319953],[6.630392287674,5.32450967008526],[6.63493573639516,5.32050245112725],[6.63614358705695,5.32141367570063],[6.63832766439026,5.32294680305256],[6.64048701666252,5.32427442902173],[6.64176816476902,5.32572705895666],[6.64204712637382,5.32625869768083],[6.64241707508802,5.32766191706389],[6.64244867096943,5.3277462419955],[6.64737730022227,5.32475421283669],[6.64818633213355,5.32553172980556],[6.65231880416951,5.32294278578098],[6.65535966291816,5.32451363339749],[6.65860662109873,5.32617740526308],[6.66166797809478,5.32737884016137],[6.66356532997605,5.32980782087429],[6.66452933396164,5.33099965640906],[6.66678048093451,5.3341494518358],[6.6683120245803,5.33629238068886],[6.66957888515748,5.33756180523318],[6.67700809914453,5.33875210742389],[6.68754687468856,5.35565046579643],[6.68578371334775,5.40458888526888],[6.71892329187648,5.40920856232532],[6.71342223964467,5.35037721004028]]]},"properties":{"FID":7205,"globalid":"f52c7ae0-0933-41f5-826d-7182d290ef0c","uniq_id":494575,"timestamp":1552694400000,"editor":"oluseye.abraham","wardname":"Igburu","wardcode":"RVSRGM15","lganame":"Ogba/Egbema/Ndoni","lgacode":"33016","statename":"Rivers","statecode":"RI","amapcode":"NIE RVS RGM","status":"Operational Placeholder","source":"INEC","urban":"No","Shape__Area":0.0072195298964778942,"Shape__Length":0.45658035407014791}},{"type":"Feature","id":7233,"geometry":{"type":"Polygon","coordinates":[[[7.09308348621397,4.90229544328014],[7.09367148724937,4.90204513767299],[7.09418173739732,4.90168642508849],[7.09454304992187,4.90122743180058],[7.09535769989799,4.89962958563694],[7.09591780666148,4.89840568927121],[7.09640283442332,4.89740081829319],[7.09662942670673,4.89681769967717],[7.09695395695957,4.89617281022709],[7.09709508307168,4.89564203215411],[7.09720053397751,4.89495243920373],[7.0972174718089,4.89383382197337],[7.09726010596916,4.89155069780651],[7.09736338771023,4.88861894390919],[7.09824358657232,4.88886275820977],[7.10177056396043,4.88971894517323],[7.10254454569429,4.88805664459852],[7.10311277873183,4.88671676536649],[7.10336910709867,4.88610636401751],[7.10432545515567,4.88459174561262],[7.10596978277931,4.88229090660013],[7.10632213266035,4.88153455697426],[7.11050896601603,4.875797808622],[7.11171869805952,4.87394648224443],[7.11279878293755,4.87234371409119],[7.11075413919224,4.87096191835792],[7.11075245296337,4.87095380197644],[7.11092578379794,4.87079444930441],[7.11109406134193,4.870211946724],[7.11104088892591,4.86946693934783],[7.1110004203332,4.8684179458316],[7.11112492697384,4.86734102926516],[7.11117946186272,4.86653254324233],[7.11113134273734,4.86531026655558],[7.11114361218802,4.86421208731804],[7.1111745416718,4.86358374899089],[7.11099873590297,4.86239958107586],[7.11073251859091,4.86118336761837],[7.11054400360291,4.86015904430451],[7.11047125024805,4.85871378701171],[7.11010054880131,4.85810847672485],[7.10944869500133,4.85691492258564],[7.10869493722163,4.8551737793465],[7.1083260991702,4.85430625642863],[7.10647264409732,4.85121499877323],[7.09947090755639,4.85725711732215],[7.09842851596329,4.85808721495306],[7.09688713463362,4.85969598518165],[7.09600561826471,4.86117539063184],[7.09535957138718,4.86210425270912],[7.09502424297449,4.8623863709343],[7.09397845913861,4.86336073960649],[7.07919124937672,4.86124269499442],[7.07300943733571,4.87213449221309],[7.0708344638395,4.88197350527309],[7.0705281637438,4.88157732963009],[7.06815231677604,4.87863203194274],[7.06723963799897,4.87923351111772],[7.06699559077396,4.87924168055918],[7.06508010136565,4.8792868598008],[7.06280132092428,4.8793784611471],[7.06178038085994,4.87940997069364],[7.06127116493235,4.879443671888],[7.06081285872648,4.87944071941371],[7.06081461869974,4.8789121329886],[7.06067628768056,4.87854989506167],[7.06038705042209,4.87815484806782],[7.05949787182936,4.88124747718939],[7.05833963676486,4.88387555521274],[7.05766328902962,4.88343528760851],[7.05632397277316,4.88160602429861],[7.05589960967927,4.88089427115375],[7.05571881267309,4.88065799586985],[7.05537845615089,4.88019040056656],[7.05498718001439,4.87913246688987],[7.05463062580282,4.87825108002335],[7.05520085803323,4.8771607572632],[7.05459236504566,4.87681925860193],[7.05408003026923,4.8762735418905],[7.0528588462588,4.87658728027878],[7.05257188608374,4.87770967196383],[7.05186075526967,4.87969056726592],[7.05112128591867,4.8814617991228],[7.05010048075263,4.88336569357193],[7.04898720999182,4.88521316635462],[7.04730721975244,4.88741537312103],[7.04543532857758,4.88953062443881],[7.03980973103432,4.89577155521317],[7.04094783837212,4.89645104158234],[7.04201619968791,4.8969264627861],[7.04297160525545,4.89717251370058],[7.04403048681758,4.89721990527448],[7.04499534515912,4.89705690765021],[7.04559465966588,4.89695446587592],[7.04735505199409,4.896587500213],[7.04950706399984,4.89627807587254],[7.05088248174121,4.89613777264015],[7.05355641979298,4.89642798926036],[7.0562610022435,4.89678528721129],[7.05911873564116,4.89723183388207],[7.06201110462882,4.89744439674155],[7.06613990922949,4.89777839056035],[7.06848356406528,4.89804220038729],[7.07144363581517,4.8992634032835],[7.07319316343381,4.89997552155313],[7.0748148470276,4.90082044360861],[7.07648114868613,4.90194631566999],[7.07986791007602,4.90362252965605],[7.08293670356608,4.90225311938599],[7.08764760335424,4.90172424967443],[7.08890327996244,4.90185151183783],[7.09126594466767,4.90228161440501],[7.09308348621397,4.90229544328014]]]},"properties":{"FID":7233,"globalid":"84f908d1-a1cf-4c67-95d4-d3e2b6d8f1bb","uniq_id":494610,"timestamp":1552694400000,"editor":"oluseye.abraham","wardname":"Obward 9","wardcode":"RVSRUM09","lganame":"Obio/Akpor","lgacode":"33015","statename":"Rivers","statecode":"RI","amapcode":"NIE RVS RUM","status":"Operational Placeholder","source":"INEC","urban":"No","Shape__Area":0.0018093217049255372,"Shape__Length":0.22778083221736153}},{"type":"Feature","id":7445,"geometry":{"type":"Polygon","coordinates":[[[6.78660122476674,4.66694458782251],[6.76341674288841,4.66488202058883],[6.74383767277044,4.66970122483173],[6.74189397972344,4.67671891444638],[6.74332106081835,4.67981839730123],[6.74618904558804,4.69386840760097],[6.77525152064123,4.71284270162943],[6.77666655981392,4.70722304590691],[6.78660122476674,4.66694458782251]]]},"properties":{"FID":7445,"globalid":"babd0b67-d4cb-49a9-a2f2-4cae85aa3aea","uniq_id":497550,"timestamp":1552694400000,"editor":"oluseye.abraham","wardname":"Aktward 4","wardcode":"RVSABM04","lganame":"Akuku Toru","lgacode":"33004","statename":"Rivers","statecode":"RI","amapcode":"NIE RVS ABM","status":"Operational Placeholder","source":"INEC","urban":"No","Shape__Area":0.0013974077627221249,"Shape__Length":0.15046208218640644}},{"type":"Feature","id":7446,"geometry":{"type":"Polygon","coordinates":[[[6.74618904558804,4.69386840760097],[6.74332106081835,4.67981839730123],[6.74189397972344,4.67671891444638],[6.71973479872202,4.69693129704177],[6.7162430567717,4.70355550808029],[6.70209867971033,4.71282590679021],[6.69832493734606,4.75110967936826],[6.73442620730367,4.76735254978041],[6.74119120990645,4.75829242425601],[6.74666295683005,4.72481381300713],[6.74618904558804,4.69386840760097]]]},"properties":{"FID":7446,"globalid":"40eac5b0-2ea6-4726-91b6-c5488cc426ce","uniq_id":497552,"timestamp":1552694400000,"editor":"oluseye.abraham","wardname":"Aktward 10","wardcode":"RVSABM10","lganame":"Akuku Toru","lgacode":"33004","statename":"Rivers","statecode":"RI","amapcode":"NIE RVS ABM","status":"Operational Placeholder","source":"INEC","urban":"No","Shape__Area":0.0029096036470992459,"Shape__Length":0.22637991917686931}},{"type":"Feature","id":8232,"geometry":{"type":"Polygon","coordinates":[[[6.56931240274525,5.3598079533744],[6.56945800838042,5.36285304972853],[6.56963205327668,5.37214279195632],[6.56197786308798,5.37924909626884],[6.55282783503662,5.37987518269358],[6.54001522082581,5.38056612013037],[6.52854919389023,5.37983894271309],[6.51847505577928,5.38001680433212],[6.50059795443212,5.37940311416241],[6.48547697118534,5.37920522733941],[6.4765567783727,5.40405082718399],[6.48312520986059,5.42064428300728],[6.48934793475945,5.42271852523982],[6.49418735486256,5.42513799742068],[6.49971866568393,5.42652082377703],[6.50594139058273,5.42582941059885],[6.5088205341404,5.42567396188389],[6.51240444221128,5.42866039276294],[6.51755809802785,5.43442010890095],[6.5245304114494,5.4386639601737],[6.53197968121736,5.45346288540389],[6.53483676890181,5.4589743607782],[6.53665590314745,5.46958398761097],[6.53816366242313,5.47580432930641],[6.53769683783884,5.47842502569443],[6.53693580634246,5.49193620719024],[6.53325128571834,5.50983381308004],[6.53104411199621,5.53001324361634],[6.53083133689671,5.53195857972474],[6.54258489597623,5.54924344962552],[6.55537605326231,5.55235481342396],[6.56632903225909,5.55319699344653],[6.56931273729305,5.54927671734669],[6.58107484982452,5.54943475341116],[6.58320548224725,5.54964495375168],[6.58534187662633,5.55025839121186],[6.58577705766515,5.55065832781963],[6.58650485561463,5.55075908336505],[6.58677470079186,5.55071717405838],[6.58743191814852,5.55045002504869],[6.58763352456754,5.55034197060553],[6.58826208142995,5.54987184910658],[6.58843024206209,5.54953793982412],[6.58855727669703,5.54873050780674],[6.58766348817949,5.54723440914074],[6.58721788579686,5.54576625330998],[6.58748779302726,5.5454800179885],[6.58788320964248,5.54555205908031],[6.59098540395325,5.54811052238273],[6.59242304668629,5.54853945223397],[6.59527545429881,5.55125494256157],[6.59931136972398,5.54606776181782],[6.59688515532571,5.54195011870308],[6.59441008165999,5.53727207744447],[6.5780302346077,5.51722182642618],[6.57470872622679,5.51190088321925],[6.580118355178,5.50404013134704],[6.58452750813802,5.47848784963458],[6.62560450304545,5.43014573283932],[6.59619867043233,5.39691492078703],[6.58491195392361,5.37441703441863],[6.56931240274525,5.3598079533744]]]},"properties":{"FID":8232,"globalid":"8c8c872a-0e83-4511-bf63-18e1e8ee18ba","uniq_id":494744,"timestamp":1552694400000,"editor":"oluseye.abraham","wardname":"Ndoni Cn","wardcode":"RVSRGM09","lganame":"Ogba/Egbema/Ndoni","lgacode":"33016","statename":"Rivers","statecode":"RI","amapcode":"NIE RVS RGM","status":"Operational Placeholder","source":"INEC","urban":"No","Shape__Area":0.013502129473565105,"Shape__Length":0.61042622403585323}},{"type":"Feature","id":8617,"geometry":{"type":"Polygon","coordinates":[[[7.55707780869398,4.50287954655386],[7.5478107203885,4.49439812217565],[7.54407636293388,4.49427555537261],[7.53725832641067,4.48990259562834],[7.53408102611849,4.48553815606112],[7.53240697680059,4.49315559095783],[7.5335932608204,4.49604739966782],[7.53648028693573,4.49882129556636],[7.54012259698032,4.50537126127472],[7.54109361477856,4.51024385826747],[7.54043295301841,4.51052989843612],[7.54035710509635,4.51112692866485],[7.54024528878909,4.51155504642827],[7.54000727601505,4.51247242596173],[7.53998045283566,4.512769411779],[7.53999960299933,4.51299162886062],[7.54026040819133,4.51328924510261],[7.54042246602404,4.51344347973287],[7.54033158863194,4.51374922494682],[7.5409593675808,4.51393011278452],[7.54112232563489,4.51391467322367],[7.5415754490478,4.51404895909224],[7.54169420362467,4.51412289415629],[7.54173480082045,4.51405171281635],[7.54189000671846,4.51422179979625],[7.54191194118317,4.51472945719871],[7.54266970724126,4.51472945719871],[7.55002758880221,4.50959503967937],[7.55707780869398,4.50287954655386]]]},"properties":{"FID":8617,"globalid":"3814a499-0649-407c-912e-2482932be65f","uniq_id":495477,"timestamp":1552694400000,"editor":"oluseye.abraham","wardname":"Opward 1","wardcode":"RVSPBT01","lganame":"Opobo/Nkoro","lgacode":"33020","statename":"Rivers","statecode":"RI","amapcode":"NIE RVS PBT","status":"Operational Placeholder","source":"INEC","urban":"No","Shape__Area":0.00030508215486335644,"Shape__Length":0.083076815501697168}},{"type":"Feature","id":8708,"geometry":{"type":"Polygon","coordinates":[[[6.81321084210674,4.84275567793225],[6.80996763230041,4.87759187696361],[6.81305798164061,4.87998309604308],[6.81491928779496,4.88294232512823],[6.81850024159291,4.88481429994005],[6.83821587106564,4.88672919309784],[6.8430481397599,4.88628843536304],[6.85512480636476,4.88081866604864],[6.85752922479395,4.87999044620216],[6.86199184874488,4.88063703357227],[6.86324402788961,4.88155193277555],[6.86425632636843,4.88229276729743],[6.86551596988613,4.88301977204492],[6.86809141868406,4.88447305308898],[6.871912892566,4.88447167262962],[6.87647611378168,4.88504713441779],[6.87603182800649,4.88438496089725],[6.89138398468322,4.88518072511044],[6.89290872585707,4.88441919538963],[6.89851582344653,4.87510730915506],[6.90272448244895,4.8706070971399],[6.9027243250676,4.87052557989165],[6.90379586908415,4.86321285958587],[6.88344146105464,4.85392367763563],[6.87328877975341,4.84461596875201],[6.86899143860404,4.84279779857957],[6.86246709368146,4.82488208304176],[6.84990797227516,4.82462683116336],[6.81321084210674,4.84275567793225]]]},"properties":{"FID":8708,"globalid":"edcdc581-f925-4133-bd60-7c377a9675d6","uniq_id":495480,"timestamp":1552694400000,"editor":"oluseye.abraham","wardname":"Emward 14","wardcode":"RVSMHA14","lganame":"Emuoha","lgacode":"33010","statename":"Rivers","statecode":"RI","amapcode":"NIE RVS MHA","status":"Operational Placeholder","source":"INEC","urban":"No","Shape__Area":0.0039545963817069207,"Shape__Length":0.26279019358414452}},{"type":"Feature","id":8928,"geometry":{"type":"Polygon","coordinates":[[[6.90379586908415,4.86321285958587],[6.90279563141331,4.86044186220221],[6.90263551431758,4.85500760082016],[6.908563632106,4.84970692563417],[6.9131212343575,4.84811285122714],[6.90835327438413,4.83762712309328],[6.90774173089619,4.8338771390188],[6.90758678760022,4.83221018265385],[6.90841460994636,4.83092991498364],[6.91098022375837,4.83007020897304],[6.9138586379658,4.82944343996286],[6.91415872284682,4.82847822009381],[6.91403116390711,4.82729872415683],[6.91247156770874,4.82482769474234],[6.91202140396467,4.82360763758248],[6.9116000284186,4.82250189594578],[6.91053488038045,4.82156139664119],[6.90893338656656,4.82065838467673],[6.90548724294194,4.8191757704455],[6.90241508598746,4.81764648140006],[6.89870322327516,4.81580130818389],[6.89630750398817,4.81420614020124],[6.89164793300574,4.8104533628325],[6.88976795332843,4.80728187755665],[6.87777670343218,4.80173592487307],[6.86983550990089,4.81373460586741],[6.86246709368146,4.82488208304176],[6.86899143860404,4.84279779857957],[6.87328877975341,4.84461596875201],[6.88344146105464,4.85392367763563],[6.90379586908415,4.86321285958587]]]},"properties":{"FID":8928,"globalid":"e51cc2cb-465a-4eb9-b9a9-5199e902b2e0","uniq_id":495479,"timestamp":1552694400000,"editor":"oluseye.abraham","wardname":"Emward 5","wardcode":"RVSMHA05","lganame":"Emuoha","lgacode":"33010","statename":"Rivers","statecode":"RI","amapcode":"NIE RVS MHA","status":"Operational Placeholder","source":"INEC","urban":"No","Shape__Area":0.0018532940716724511,"Shape__Length":0.18091405078615114}},{"type":"Feature","id":8956,"geometry":{"type":"Polygon","coordinates":[[[7.13254704880728,4.77527234574222],[7.12875729221531,4.77298687884144],[7.12097779858658,4.76878518958489],[7.11901708856783,4.76756667206433],[7.11847803763141,4.76722923294278],[7.11826348367288,4.76705586163877],[7.11748218685347,4.76642734614518],[7.11592214099409,4.76476552940568],[7.11316394905703,4.7621437853075],[7.10434399198169,4.77130978801637],[7.10087589320796,4.76790319117936],[7.09724675733202,4.7645268547306],[7.09163780264254,4.77096607432492],[7.09003578812116,4.77184523626869],[7.09470699543152,4.78245668782591],[7.09585880034342,4.78447513162206],[7.10228346710835,4.78114546728955],[7.11197540234298,4.77941022720029],[7.11601899977705,4.78350161370855],[7.117236901262,4.78513945542159],[7.13254704880728,4.77527234574222]]]},"properties":{"FID":8956,"globalid":"ef09ad91-4eb0-4345-aed9-106f3a78082f","uniq_id":495455,"timestamp":1552694400000,"editor":"oluseye.abraham","wardname":"Eleward 6","wardcode":"RVSNCH06","lganame":"Eleme","lgacode":"33009","statename":"Rivers","statecode":"RI","amapcode":"NIE RVS NCH","status":"Operational Placeholder","source":"INEC","urban":"No","Shape__Area":0.00051572237154928757,"Shape__Length":0.11348851618833178}},{"type":"Feature","id":8957,"geometry":{"type":"Polygon","coordinates":[[[7.40306438561294,4.71425922108625],[7.417361261613,4.72256172714202],[7.42094772016122,4.71428219067059],[7.42249368533538,4.69845922181571],[7.42286350544646,4.69161740721762],[7.42487417100625,4.68155401600507],[7.42423100195924,4.67769216166397],[7.42269775589676,4.6753993850736],[7.41303921698631,4.67509360928267],[7.39488047495399,4.67947998691193],[7.39262075204613,4.67997184232672],[7.39148277061344,4.67953605604418],[7.38958902321491,4.67903363359534],[7.38249492270256,4.67989762397622],[7.37922207124166,4.67934748439893],[7.3749322502232,4.6800010613],[7.36925659011956,4.68233754674043],[7.36900926216776,4.6856960649215],[7.37913257071159,4.69934854789722],[7.38629576074084,4.71100358085062],[7.38933842263015,4.71486270485002],[7.40306438561294,4.71425922108625]]]},"properties":{"FID":8957,"globalid":"c556415f-13db-4217-a035-e258551a155a","uniq_id":495456,"timestamp":1552694400000,"editor":"oluseye.abraham","wardname":"Taaba","wardcode":"RVSBRR15","lganame":"Khana","lgacode":"33014","statename":"Rivers","statecode":"RI","amapcode":"NIE RVS BRR","status":"Operational Placeholder","source":"INEC","urban":"No","Shape__Area":0.0017299808801034544,"Shape__Length":0.172716299631984}},{"type":"Feature","id":8958,"geometry":{"type":"Polygon","coordinates":[[[7.36733375774679,4.63741684491151],[7.3686722043588,4.63711941303052],[7.37060551743076,4.63711941303052],[7.37298497787447,4.63697069664039],[7.37447214087666,4.63652454657063],[7.37476957365692,4.63652454657063],[7.37774389966131,4.6360783982995],[7.3810156584459,4.63533481724807],[7.38369255166998,4.63503738356843],[7.38499912900664,4.63526830788612],[7.38458485001087,4.63414508612686],[7.38369255166998,4.63340150507543],[7.38265153783823,4.63057589456196],[7.3814618076164,4.62775028494775],[7.38116437483609,4.626709271116],[7.38042079288533,4.62373494421234],[7.38027207559588,4.62195034842989],[7.37937977905364,4.61615041281135],[7.37937977905364,4.61481196619934],[7.37997464461421,4.61243250485626],[7.38042079288533,4.6066325683384],[7.38071822566565,4.60529412172639],[7.38086694205577,4.60336080955375],[7.38116437483609,4.60172493016142],[7.38131309122622,4.59964290159866],[7.38169347027747,4.59698531142305],[7.37847599996746,4.59678299993556],[7.37525099963398,4.59706799958855],[7.37409999961534,4.59731600023326],[7.37016899999941,4.59669400032789],[7.36416600016082,4.59633400081356],[7.34118807816731,4.61586682959057],[7.34183053225331,4.61722312324861],[7.34225883527705,4.61836526404574],[7.34340097697356,4.62057816285198],[7.34539972381828,4.62321936468197],[7.34618494617837,4.62414735441695],[7.34725570328811,4.62507534415187],[7.34832646039786,4.62550364717561],[7.34882614800836,4.62586056741128],[7.34961136856987,4.62614610126161],[7.3503252081419,4.62664578887211],[7.35368024774527,4.62971529282657],[7.35453685379281,4.63078605083564],[7.35532207615296,4.63164265688317],[7.35674975259906,4.63249926293071],[7.35767774233398,4.63285618136774],[7.35841656507245,4.63300251815173],[7.36002270118678,4.63371635682444],[7.36174781041319,4.63425173582897],[7.36275908186616,4.6346681408221],[7.36365137930778,4.63526300638267],[7.36472213731685,4.63657170971669],[7.36507905575388,4.6372855483894],[7.36555494820237,4.63770195428179],[7.36579289442659,4.63811835927493],[7.36733375774679,4.63741684491151]]]},"properties":{"FID":8958,"globalid":"d7b989ec-b04f-40d7-8e13-20ca964a447a","uniq_id":495457,"timestamp":1552694400000,"editor":"oluseye.abraham","wardname":"Boue","wardcode":"RVSBRR06","lganame":"Khana","lgacode":"33014","statename":"Rivers","statecode":"RI","amapcode":"NIE RVS BRR","status":"Operational Placeholder","source":"INEC","urban":"No","Shape__Area":0.0011798923745196532,"Shape__Length":0.14145538074428252}},{"type":"Feature","id":8962,"geometry":{"type":"Polygon","coordinates":[[[7.38118659798317,4.76523103468458],[7.38738908363933,4.75349447728837],[7.39791061288452,4.74417770143981],[7.39864497408632,4.7412561368613],[7.38818921765829,4.72995510584349],[7.38557592898599,4.72646237463891],[7.3849337563878,4.72413652008436],[7.38255723312983,4.72404512198483],[7.35250441924359,4.72438429140198],[7.34415004299012,4.72428125787383],[7.34120566710789,4.73322668206578],[7.32803581610005,4.75951174936779],[7.32722361138059,4.76259800859128],[7.32789816406904,4.76332613479332],[7.33439186369361,4.7688302177404],[7.34193327170317,4.77509581961641],[7.34792733407926,4.77787725183373],[7.35727617975192,4.78214123712843],[7.37107442844217,4.77641487324786],[7.38273704717705,4.77692725928563],[7.38118659798317,4.76523103468458]]]},"properties":{"FID":8962,"globalid":"936eb95f-20c9-42f3-b28e-9935ae0d26ed","uniq_id":495461,"timestamp":1552694400000,"editor":"oluseye.abraham","wardname":"Sogho","wardcode":"RVSBRR01","lganame":"Khana","lgacode":"33014","statename":"Rivers","statecode":"RI","amapcode":"NIE RVS BRR","status":"Operational Placeholder","source":"INEC","urban":"No","Shape__Area":0.0028165677145963741,"Shape__Length":0.2099132522760789}},{"type":"Feature","id":8963,"geometry":{"type":"Polygon","coordinates":[[[7.49726365029727,4.78078797328641],[7.49212546102126,4.75609778078802],[7.4905620364089,4.75143009342412],[7.48684530836437,4.74612791906827],[7.48027371755808,4.74033425622099],[7.47545604036401,4.73644463441241],[7.46652861880079,4.73326150741269],[7.45857292010425,4.73013503500391],[7.44592996119877,4.73127590685766],[7.44338331408875,4.74038152009115],[7.44170202073173,4.75415544301933],[7.43599318913442,4.7615329738677],[7.43387415257013,4.7723873341082],[7.4227130866397,4.77617889474027],[7.4334629996178,4.78733000067905],[7.44476531756538,4.78748449701197],[7.44845999962934,4.7875350002401],[7.46447699991364,4.79371600019329],[7.46819052637176,4.79711552116441],[7.48607889262684,4.78542408994986],[7.49133709103398,4.78220990396392],[7.49726365029727,4.78078797328641]]]},"properties":{"FID":8963,"globalid":"9c5a000f-1d85-4b62-801f-e85c81b02fd7","uniq_id":495462,"timestamp":1552694400000,"editor":"oluseye.abraham","wardname":"Luebe","wardcode":"RVSBRR05","lganame":"Khana","lgacode":"33014","statename":"Rivers","statecode":"RI","amapcode":"NIE RVS BRR","status":"Operational Placeholder","source":"INEC","urban":"No","Shape__Area":0.0030428410055698407,"Shape__Length":0.22411399656639089}},{"type":"Feature","id":8964,"geometry":{"type":"Polygon","coordinates":[[[7.10647264409732,4.85121499877323],[7.11862490771335,4.84072152118131],[7.11435877843491,4.82890885236168],[7.10243370425212,4.82136714128058],[7.10125784607277,4.82304786626605],[7.09902333925572,4.82179117702123],[7.09884959113577,4.82153422272626],[7.09829107707162,4.81491111425657],[7.09794023805159,4.81285819405048],[7.09736789241435,4.81234356330486],[7.09601040085937,4.8073293752505],[7.09057131641316,4.80760734400377],[7.08712114382575,4.80970617100303],[7.07814310302183,4.81476325312167],[7.07360826171197,4.81661938907359],[7.07756101862617,4.82147471818377],[7.07757046510494,4.82148866936666],[7.0782196659049,4.82288179026244],[7.07861001304173,4.82398111613566],[7.07880208035175,4.82458771515098],[7.07897152611508,4.82529658417008],[7.0791423667269,4.82606856940902],[7.07665386078708,4.82678378404444],[7.07559081536391,4.82706368274279],[7.07511761188834,4.82728885679535],[7.07444817184569,4.8278299671793],[7.07370298100784,4.82833625941089],[7.07251884277042,4.82921976508015],[7.07192435222714,4.82965868190269],[7.07118766807645,4.83019210038515],[7.07069672727221,4.83055300461751],[7.07022760492009,4.83112725771684],[7.07006949241321,4.8314661807197],[7.07006636097384,4.83174558569027],[7.07060529769637,4.8317448473469],[7.07086274122258,4.8318684105987],[7.0712031454089,4.83242710093003],[7.07184963924948,4.83340567213412],[7.07250887738286,4.8343055121897],[7.07343800116286,4.835686324964],[7.07393160126242,4.83632766389064],[7.07446562408933,4.83698205198016],[7.07511295160151,4.83740167564684],[7.07578941894656,4.83766789835488],[7.07640152541012,4.83788832488631],[7.07729380126796,4.8381012007099],[7.07787889119794,4.83822824523736],[7.07998199897014,4.83845371516685],[7.08046427840378,4.83854098268023],[7.08084511520997,4.83879692523794],[7.08164730597844,4.83950878899947],[7.08202459495914,4.83976634673957],[7.08375135624016,4.84007656518139],[7.08420844116665,4.84034597328809],[7.08539980096009,4.84083953381747],[7.08608034133471,4.84113027744041],[7.08643694860632,4.84167127720775],[7.08711865989829,4.84261508331952],[7.08809567977187,4.8437911501415],[7.08928748383039,4.84534287457404],[7.09037432711358,4.84696144561428],[7.0910557641123,4.84774826606969],[7.09156024331065,4.84796112570541],[7.09195661230785,4.84859476193878],[7.09241442478594,4.84959251118551],[7.09252977542883,4.85051844596956],[7.09276208470249,4.85115509673039],[7.09329976597149,4.85181670277865],[7.09281351513164,4.8561847441307],[7.09541872429475,4.85640976619783],[7.0992220426632,4.8568176537118],[7.09947090755639,4.85725711732215],[7.10647264409732,4.85121499877323]]]},"properties":{"FID":8964,"globalid":"fc70739d-0a15-4eb7-8790-793ee8e6bd0d","uniq_id":495463,"timestamp":1552694400000,"editor":"oluseye.abraham","wardname":"Eleward 5","wardcode":"RVSNCH05","lganame":"Eleme","lgacode":"33009","statename":"Rivers","statecode":"RI","amapcode":"NIE RVS NCH","status":"Operational Placeholder","source":"INEC","urban":"Yes","Shape__Area":0.001265212610629618,"Shape__Length":0.16266520824294584}},{"type":"Feature","id":8965,"geometry":{"type":"Polygon","coordinates":[[[6.65012321011812,4.84804619977234],[6.65123475687858,4.84862281539068],[6.65136856520718,4.85072109110553],[6.65162498980146,4.85371149518937],[6.64876600184954,4.85564611227829],[6.64919615657743,4.85827060110739],[6.64898564327285,4.85975211816577],[6.64992611379915,4.86196721761303],[6.65116980064585,4.8649335153695],[6.65368958320772,4.86856561541089],[6.65627111681863,4.87256619917082],[6.66882160203534,4.88413156791756],[6.66935976713961,4.88483921026142],[6.68966679168915,4.86591348142207],[6.68908304084971,4.86435797444102],[6.68101747737472,4.85044171131597],[6.67813883024286,4.84630430110263],[6.67330535106117,4.84176414569879],[6.6715387534108,4.84008221022589],[6.67147196166172,4.83997970639837],[6.66607837391786,4.83930995159307],[6.65800505918617,4.8403646288246],[6.65550918240291,4.84047374986369],[6.64896152435489,4.83982065230128],[6.64873764622541,4.84150998919472],[6.64849494078891,4.84307351093383],[6.64977821309412,4.84752906981078],[6.65012321011812,4.84804619977234]]]},"properties":{"FID":8965,"globalid":"428fe3c4-1e8c-4e23-ba60-be19ed267ad9","uniq_id":495465,"timestamp":1552694400000,"editor":"oluseye.abraham","wardname":"Aboward 3","wardcode":"RVSABU03","lganame":"Abua/Odual","lgacode":"33001","statename":"Rivers","statecode":"RI","amapcode":"NIE RVS ABU","status":"Operational Placeholder","source":"INEC","urban":"No","Shape__Area":0.0012034916837286858,"Shape__Length":0.1376628299611049}},{"type":"Feature","id":8966,"geometry":{"type":"Polygon","coordinates":[[[7.37038207817039,4.86355004329988],[7.37350702263103,4.86289119727098],[7.38416648539504,4.86274831118567],[7.40211723582183,4.86454369433608],[7.40498932419803,4.8653910319706],[7.40681125983184,4.82559257263915],[7.40679763240485,4.82544062678357],[7.40492537790391,4.82447534576067],[7.38037213416669,4.82734325498728],[7.3787795733187,4.82613648261264],[7.37034504678655,4.82526070931431],[7.36683089912674,4.8233741807739],[7.36224681274024,4.82528921692386],[7.3508696693998,4.82895319883113],[7.347352519803,4.83033850911494],[7.34330972906082,4.87272548439364],[7.35241222434473,4.87191486517895],[7.36014127679852,4.86660385138669],[7.36202001631074,4.86531305265532],[7.37038207817039,4.86355004329988]]]},"properties":{"FID":8966,"globalid":"485f2d1f-ccae-45f6-8496-d2c935b54cef","uniq_id":495466,"timestamp":1552694400000,"editor":"oluseye.abraham","wardname":"Oyward 9","wardcode":"RVSAFM09","lganame":"Oyigbo","lgacode":"33021","statename":"Rivers","statecode":"RI","amapcode":"NIE RVS AFM","status":"Operational Placeholder","source":"INEC","urban":"No","Shape__Area":0.00237472630962543,"Shape__Length":0.20879649728575378}},{"type":"Feature","id":8967,"geometry":{"type":"Polygon","coordinates":[[[7.51146722433299,4.80728265277224],[7.51181956881811,4.79305065386461],[7.50957938008435,4.78516616618566],[7.49726365029727,4.78078797328641],[7.49133709103398,4.78220990396392],[7.48607889262684,4.78542408994986],[7.46819052637176,4.79711552116441],[7.46297803061168,4.79883486573652],[7.45635620997115,4.81547261496928],[7.47456117985462,4.8365414507274],[7.47856330864983,4.83303976137591],[7.48675489412312,4.8276367190594],[7.48727798479121,4.82467365256707],[7.48871231082455,4.82180452296041],[7.49161481876894,4.82443189591532],[7.49331808076488,4.82617712027792],[7.49444723085509,4.82791805307573],[7.49513228402776,4.82827024287747],[7.4982966493709,4.82379642236702],[7.50072611841568,4.81992476631495],[7.51146722433299,4.80728265277224]]]},"properties":{"FID":8967,"globalid":"7abb7517-1f94-4e76-be1e-b49c36538f39","uniq_id":495467,"timestamp":1552694400000,"editor":"oluseye.abraham","wardname":"Oyward 5","wardcode":"RVSAFM05","lganame":"Oyigbo","lgacode":"33021","statename":"Rivers","statecode":"RI","amapcode":"NIE RVS AFM","status":"Operational Placeholder","source":"INEC","urban":"No","Shape__Area":0.0018980224966327341,"Shape__Length":0.17755763346674386}},{"type":"Feature","id":8968,"geometry":{"type":"Polygon","coordinates":[[[7.47456117985462,4.8365414507274],[7.45635620997115,4.81547261496928],[7.44499881394415,4.82218671234693],[7.440315186097,4.82371270177981],[7.43078319888559,4.82738587835564],[7.40754513270178,4.82530872861497],[7.40679763240485,4.82544062678357],[7.40681125983184,4.82559257263915],[7.40498932419803,4.8653910319706],[7.40668392212535,4.86589098038451],[7.41213648740904,4.86637330568357],[7.41635990068892,4.86674690204796],[7.42921209316364,4.86244916879417],[7.43650102640129,4.8540000921306],[7.44666767057657,4.84541463957402],[7.45520782518105,4.84506607134216],[7.46036291091963,4.84541893113879],[7.4661884313511,4.84541463957402],[7.4715914727683,4.84227704974609],[7.47438001592502,4.83669996343264],[7.47456117985462,4.8365414507274]]]},"properties":{"FID":8968,"globalid":"9643b5df-bfb6-4b28-b0a3-cb0870aaa7f7","uniq_id":495468,"timestamp":1552694400000,"editor":"oluseye.abraham","wardname":"Oyward 10","wardcode":"RVSAFM10","lganame":"Oyigbo","lgacode":"33021","statename":"Rivers","statecode":"RI","amapcode":"NIE RVS AFM","status":"Operational Placeholder","source":"INEC","urban":"No","Shape__Area":0.001998630420313674,"Shape__Length":0.20202345042459496}},{"type":"Feature","id":8974,"geometry":{"type":"Polygon","coordinates":[[[7.17590990901516,4.73070095858242],[7.17616164634296,4.73505450106444],[7.17850193591568,4.73730341771858],[7.17779549776407,4.73846912524999],[7.17575891104497,4.73879709720831],[7.17618672303888,4.74045770795692],[7.17546207181721,4.74143547426775],[7.17381838990684,4.74080606484807],[7.17155402919514,4.74066427773425],[7.16849454368827,4.74158914592238],[7.1650998008152,4.74362134394994],[7.16228424742013,4.74687217640985],[7.161353724295,4.75187865637491],[7.16255803432585,4.75635482771315],[7.16635201233555,4.75557834676334],[7.16693741882688,4.77007958830239],[7.16789696037648,4.78624884021184],[7.17434345818407,4.78928750281602],[7.17764046543516,4.79168338577966],[7.18772755468297,4.79559631621709],[7.18798773844344,4.78519787718034],[7.1872132656797,4.7725804383366],[7.18755237843953,4.76761842804808],[7.1890687757035,4.75688220275151],[7.189665478579,4.75315544366885],[7.19010921306977,4.75038406767061],[7.18956165364744,4.74828689092732],[7.18773569084948,4.74443880071016],[7.1897025099629,4.74121133623424],[7.17590990901516,4.73070095858242]]]},"properties":{"FID":8974,"globalid":"0109106f-49a9-4ff1-a968-c84b1422ce84","uniq_id":495481,"timestamp":1552694400000,"editor":"oluseye.abraham","wardname":"Eleward 1","wardcode":"RVSNCH01","lganame":"Eleme","lgacode":"33009","statename":"Rivers","statecode":"RI","amapcode":"NIE RVS NCH","status":"Operational Placeholder","source":"INEC","urban":"No","Shape__Area":0.0011821494120525244,"Shape__Length":0.16876655730852616}},{"type":"Feature","id":8975,"geometry":{"type":"Polygon","coordinates":[[[7.14844902130534,4.79394314286179],[7.14985474889761,4.78974498164564],[7.14886431113911,4.78703117035229],[7.14954701078597,4.78521784572706],[7.14986920729814,4.78497015444913],[7.14954411317035,4.78439384100301],[7.14958192066916,4.78344384036097],[7.14953490231392,4.78163817885894],[7.14953824869127,4.78163743062299],[7.14977421460839,4.78157654741977],[7.1499151545608,4.77920547765075],[7.14996747531876,4.77881691207091],[7.15008788644684,4.77822222097876],[7.15036663131502,4.77723968016716],[7.15095007278768,4.77529537198387],[7.14991178390176,4.77516949387712],[7.14879780627376,4.77519211182653],[7.14773281741566,4.77529486116896],[7.14752289406636,4.77510231991619],[7.14652732837357,4.77408155971625],[7.14616205883198,4.77361334567939],[7.1460865922225,4.77346857911169],[7.14609818808094,4.77298209624678],[7.14617482740641,4.772155204699],[7.14590523314007,4.77134568985173],[7.1456648911219,4.77088613268893],[7.14520809217976,4.77059341235616],[7.14453303677027,4.77017227063385],[7.14403408930184,4.76974298465109],[7.14357753677393,4.7693818097228],[7.14345849711202,4.76872612660952],[7.1433378323751,4.76832242903691],[7.13828012792561,4.77175422757557],[7.13254704880728,4.77527234574222],[7.13692065516415,4.77769167313227],[7.13989375359392,4.77926101708232],[7.14157085161355,4.78032595827642],[7.14263864275921,4.78142156905022],[7.14305656670723,4.78285024824044],[7.14303623393511,4.78285491392319],[7.14270260524108,4.7830608982419],[7.14231288403244,4.78324016909858],[7.1395771796432,4.78364883002951],[7.13958496597343,4.78366733807724],[7.13283214019117,4.78385995577241],[7.13093624880889,4.78387584769229],[7.12909344800426,4.78391692062945],[7.12846769702662,4.78402663881837],[7.12745200090916,4.78455177724277],[7.12650064229086,4.78523564061237],[7.12607493201256,4.78580272161838],[7.1259810293011,4.78635258600309],[7.12595643104453,4.78692700277901],[7.12574187978396,4.78745824760011],[7.12512419032919,4.78824332516939],[7.12420247876145,4.7890552960651],[7.12226132360126,4.79072671936268],[7.12163011194014,4.79120874069088],[7.12068246842125,4.79181021626852],[7.12066680313052,4.79182096676425],[7.12004711987873,4.79214956375142],[7.12105253584588,4.79463222229924],[7.12271879343763,4.79793286281142],[7.12457086805119,4.79708174982295],[7.12710469622482,4.79585384877618],[7.12835496700819,4.79462655836903],[7.13010790035935,4.79280406335687],[7.13062175319141,4.7923620861414],[7.13230223985653,4.79469745822115],[7.13387914440705,4.79697569727068],[7.13493600069592,4.79866274898671],[7.13655339002696,4.79821606202171],[7.13809939117402,4.79809040784608],[7.139313039765,4.79789862562114],[7.14082239713599,4.7971068481026],[7.14844902130534,4.79394314286179]]]},"properties":{"FID":8975,"globalid":"30af6a91-c50e-46f4-96d5-95b7ae3bc706","uniq_id":495482,"timestamp":1552694400000,"editor":"oluseye.abraham","wardname":"Eleward 2","wardcode":"RVSNCH02","lganame":"Eleme","lgacode":"33009","statename":"Rivers","statecode":"RI","amapcode":"NIE RVS NCH","status":"Operational Placeholder","source":"INEC","urban":"Yes","Shape__Area":0.00046082815918069286,"Shape__Length":0.12316784649012745}},{"type":"Feature","id":8976,"geometry":{"type":"Polygon","coordinates":[[[7.12714920816944,4.83346535923897],[7.12540736166045,4.8271764541301],[7.12471695122639,4.80759869342501],[7.12466408008328,4.8042752344146],[7.12458480484491,4.80279039885789],[7.12419525540673,4.80147678882281],[7.12355439671808,4.79980511731236],[7.12292568876956,4.7984165056173],[7.12271879343763,4.79793286281142],[7.12105253584588,4.79463222229924],[7.12004711987873,4.79214956375142],[7.11944558674446,4.79048420997833],[7.117236901262,4.78513945542159],[7.11601899977705,4.78350161370855],[7.11197540234298,4.77941022720029],[7.10228346710835,4.78114546728955],[7.09585880034342,4.78447513162206],[7.09207765476003,4.79253225316103],[7.08920649988011,4.7945609348393],[7.0753670100795,4.8068613006086],[7.07719549457647,4.81274621226794],[7.07814310302183,4.81476325312167],[7.08712114382575,4.80970617100303],[7.09057131641316,4.80760734400377],[7.09601040085937,4.8073293752505],[7.09736789241435,4.81234356330486],[7.09794023805159,4.81285819405048],[7.09829107707162,4.81491111425657],[7.09884959113577,4.82153422272626],[7.09902333925572,4.82179117702123],[7.10125784607277,4.82304786626605],[7.10243370425212,4.82136714128058],[7.11435877843491,4.82890885236168],[7.11862490771335,4.84072152118131],[7.12714920816944,4.83346535923897]]]},"properties":{"FID":8976,"globalid":"9a7240d9-be9d-4788-b420-57a0d2001d53","uniq_id":495483,"timestamp":1552694400000,"editor":"oluseye.abraham","wardname":"Eleward 7","wardcode":"RVSNCH07","lganame":"Eleme","lgacode":"33009","statename":"Rivers","statecode":"RI","amapcode":"NIE RVS NCH","status":"Operational Placeholder","source":"INEC","urban":"No","Shape__Area":0.0015184588305494628,"Shape__Length":0.1915363532897276}},{"type":"Feature","id":8977,"geometry":{"type":"Polygon","coordinates":[[[7.1433378323751,4.76832242903691],[7.14345849711202,4.76872612660952],[7.14357753677393,4.7693818097228],[7.14403408930184,4.76974298465109],[7.14453303677027,4.77017227063385],[7.14520809217976,4.77059341235616],[7.1456648911219,4.77088613268893],[7.14590523314007,4.77134568985173],[7.14617482740641,4.772155204699],[7.14609818808094,4.77298209624678],[7.1460865922225,4.77346857911169],[7.14616205883198,4.77361334567939],[7.14652732837357,4.77408155971625],[7.14752289406636,4.77510231991619],[7.14773281741566,4.77529486116896],[7.14879780627376,4.77519211182653],[7.14991178390176,4.77516949387712],[7.15095007278768,4.77529537198387],[7.15036663131502,4.77723968016716],[7.15008788644684,4.77822222097876],[7.14996747531876,4.77881691207091],[7.1499151545608,4.77920547765075],[7.14977421460839,4.78157654741977],[7.14953824869127,4.78163743062299],[7.14953490231392,4.78163817885894],[7.14958192066916,4.78344384036097],[7.14954411317035,4.78439384100301],[7.14986920729814,4.78497015444913],[7.14954701078597,4.78521784572706],[7.14886431113911,4.78703117035229],[7.14985474889761,4.78974498164564],[7.14844902130534,4.79394314286179],[7.18473929098553,4.80754400295342],[7.18772755468297,4.79559631621709],[7.17764046543516,4.79168338577966],[7.17434345818407,4.78928750281602],[7.16789696037648,4.78624884021184],[7.16693741882688,4.77007958830239],[7.16635201233555,4.75557834676334],[7.16255803432585,4.75635482771315],[7.16024942427157,4.7572893807004],[7.1433378323751,4.76832242903691]]]},"properties":{"FID":8977,"globalid":"abc1f455-ba99-4fdd-8348-8037f682705b","uniq_id":495484,"timestamp":1552694400000,"editor":"oluseye.abraham","wardname":"Eleward 9","wardcode":"RVSNCH09","lganame":"Eleme","lgacode":"33009","statename":"Rivers","statecode":"RI","amapcode":"NIE RVS NCH","status":"Operational Placeholder","source":"INEC","urban":"No","Shape__Area":0.00098081837627361779,"Shape__Length":0.16216340823930714}},{"type":"Feature","id":8978,"geometry":{"type":"Polygon","coordinates":[[[7.13628123718939,4.73999848534186],[7.13097053186459,4.74945530721669],[7.12764861788946,4.75459761358906],[7.12194318123289,4.76411689517863],[7.12069031590539,4.76545059516889],[7.11962577760761,4.76659915083019],[7.11901708856783,4.76756667206433],[7.12097779858658,4.76878518958489],[7.12875729221531,4.77298687884144],[7.13254704880728,4.77527234574222],[7.13828012792561,4.77175422757557],[7.1433378323751,4.76832242903691],[7.16024942427157,4.7572893807004],[7.16255803432585,4.75635482771315],[7.161353724295,4.75187865637491],[7.16228424742013,4.74687217640985],[7.1650998008152,4.74362134394994],[7.16849454368827,4.74158914592238],[7.17155402919514,4.74066427773425],[7.17381838990684,4.74080606484807],[7.17546207181721,4.74143547426775],[7.17618672303888,4.74045770795692],[7.17575891104497,4.73879709720831],[7.17779549776407,4.73846912524999],[7.17850193591568,4.73730341771858],[7.17616164634296,4.73505450106444],[7.17590990901516,4.73070095858242],[7.17707490518279,4.72341518196515],[7.16738021982133,4.72318312090437],[7.1662757354369,4.71893075395116],[7.164773144565,4.71833235585359],[7.15996206389821,4.7202877805567],[7.15898730761819,4.72037645460972],[7.15825843228089,4.72018842525569],[7.15400176027305,4.73409618888803],[7.15361705818071,4.73523853293199],[7.15222267283815,4.73520685341362],[7.14909984807957,4.73639868714974],[7.14749621208057,4.73700675026134],[7.1459376501025,4.73721629769403],[7.14389804885593,4.73682127228392],[7.14168270209507,4.73565163561454],[7.13933515319479,4.73416244913778],[7.13628123718939,4.73999848534186]]]},"properties":{"FID":8978,"globalid":"dd412e96-c047-4b5f-b27d-59e71c8189d6","uniq_id":495485,"timestamp":1552694400000,"editor":"oluseye.abraham","wardname":"Eleward 3","wardcode":"RVSNCH03","lganame":"Eleme","lgacode":"33009","statename":"Rivers","statecode":"RI","amapcode":"NIE RVS NCH","status":"Operational Placeholder","source":"INEC","urban":"No","Shape__Area":0.0014268832981088053,"Shape__Length":0.19061206385031915}},{"type":"Feature","id":8979,"geometry":{"type":"Polygon","coordinates":[[[7.42565020319438,4.5538054884326],[7.41362075639285,4.54639937892824],[7.40639463270617,4.54537076404955],[7.39893771960016,4.54897087700442],[7.3931058508544,4.54625000063709],[7.38951691467395,4.54942404898071],[7.37997171642161,4.5538002184054],[7.37064745191844,4.55197516662071],[7.36043155906924,4.54872949806793],[7.35285660005212,4.54410018837302],[7.33248547542439,4.55472808763119],[7.34355351818039,4.56438015322152],[7.34371441768627,4.5703819416733],[7.35028893128919,4.58301283977079],[7.35815991294965,4.57664840509989],[7.36302068295822,4.57146434500356],[7.36919422213572,4.57126689075443],[7.37392126115731,4.57442229075616],[7.37764972985121,4.57665018216022],[7.3831800532169,4.581224073832],[7.38760910457654,4.58266209697825],[7.39217999610997,4.58249635192516],[7.40295640311558,4.57558369862886],[7.41570188923083,4.56919029409687],[7.42070099115784,4.57387901930133],[7.42321673576379,4.56932453679798],[7.42565020319438,4.5538054884326]]]},"properties":{"FID":8979,"globalid":"a6fd0482-4a81-4ed5-aaaf-3d647e35bc62","uniq_id":495488,"timestamp":1598832000000,"editor":"najib.adam","wardname":"Asarama","wardcode":"RVSNDN08","lganame":"Andoni","lgacode":"33005","statename":"Rivers","statecode":"RI","amapcode":"NIE RVS NDN","status":"Operational Placeholder","source":"INEC","urban":"No","Shape__Area":0.002274217222556274,"Shape__Length":0.24310371541263562}},{"type":"Feature","id":8980,"geometry":{"type":"Polygon","coordinates":[[[7.44286932995567,4.54182897842469],[7.44636418625822,4.54169740131408],[7.45014699738607,4.54458795367117],[7.45226645213512,4.54339622785369],[7.45254080921103,4.54164929298054],[7.45361085315841,4.53812635624638],[7.454111861873,4.53592203967042],[7.46520686000861,4.51448526788084],[7.46206868562138,4.51451045969003],[7.45793204073112,4.5167716233118],[7.45652147568558,4.51436968970944],[7.45139669799926,4.51322412519329],[7.44765583305031,4.5097454728753],[7.445462593424,4.50946983876207],[7.44110887737287,4.50918406299417],[7.4407657383482,4.51056879141663],[7.4336065413089,4.51998460420617],[7.42716835503563,4.5228422755506],[7.42230894300337,4.52212678032669],[7.42263207031385,4.52484262588655],[7.42730340622728,4.5265493763527],[7.42689785155466,4.52817174522988],[7.42270242337821,4.5303561328293],[7.41730886711059,4.53778802229942],[7.416749084103,4.53855830062514],[7.42789937795396,4.54660221921711],[7.43112408690712,4.54552604908793],[7.44286932995567,4.54182897842469]]]},"properties":{"FID":8980,"globalid":"dcf6a4df-976b-4892-bd91-348e592e2955","uniq_id":495489,"timestamp":1552694400000,"editor":"oluseye.abraham","wardname":"Unyeada","wardcode":"RVSNDN02","lganame":"Andoni","lgacode":"33005","statename":"Rivers","statecode":"RI","amapcode":"NIE RVS NDN","status":"Operational Placeholder","source":"INEC","urban":"No","Shape__Area":0.0010124782036307067,"Shape__Length":0.14902769546701333}},{"type":"Feature","id":8981,"geometry":{"type":"Polygon","coordinates":[[[7.416749084103,4.53855830062514],[7.41730886711059,4.53778802229942],[7.42270242337821,4.5303561328293],[7.42689785155466,4.52817174522988],[7.42730340622728,4.5265493763527],[7.42263207031385,4.52484262588655],[7.42230894300337,4.52212678032669],[7.42716835503563,4.5228422755506],[7.4336065413089,4.51998460420617],[7.4407657383482,4.51056879141663],[7.44110887737287,4.50918406299417],[7.44005453468907,4.5020824666326],[7.43223067030925,4.49575954826457],[7.41152799981739,4.49125000038725],[7.40985594069917,4.49024317158512],[7.40884968026859,4.48977883632426],[7.40888537166262,4.48931484100717],[7.40881398797524,4.48756593841739],[7.40471104427934,4.48932544671203],[7.39944190561948,4.49169062772035],[7.39444058506501,4.490485531682],[7.39010505960084,4.48662270697241],[7.38794628289469,4.48523925738584],[7.38496060564751,4.48568482559426],[7.38334514626155,4.48653116588065],[7.38222067084735,4.48638410424309],[7.38069365079139,4.4850664040913],[7.37793809566665,4.48573100398272],[7.37658014455809,4.4855078677939],[7.37533336943949,4.48360221696879],[7.37020930941213,4.48174861710504],[7.36260942028855,4.48341155170181],[7.36194111698899,4.48666417381264],[7.35953140515028,4.48645947462512],[7.36009187344126,4.48128109464687],[7.35973160143232,4.47834886770613],[7.35723792529006,4.47840487838249],[7.3545393161366,4.48244401517923],[7.35122342402184,4.47857101374132],[7.34737400370733,4.47849599589352],[7.34530089911726,4.48126452913476],[7.34885837161659,4.48505220019894],[7.35064892810561,4.49191594836236],[7.34402565056337,4.49214758494315],[7.35799232608503,4.50101093970318],[7.37302265677022,4.5013902053937],[7.37895643669026,4.50387174698358],[7.37931432729442,4.51003078369376],[7.37986344524188,4.5164770701607],[7.38546649408346,4.51110226835505],[7.39426985327117,4.51785520205596],[7.40854662043023,4.52166233984514],[7.41378143376619,4.53641499855337],[7.416749084103,4.53855830062514]]]},"properties":{"FID":8981,"globalid":"e99686ae-56bf-4388-977d-24e6f89ac9b0","uniq_id":495490,"timestamp":1598832000000,"editor":"najib.adam","wardname":"Unyengala","wardcode":"RVSNDN01","lganame":"Andoni","lgacode":"33005","statename":"Rivers","statecode":"RI","amapcode":"NIE RVS NDN","status":"Operational Placeholder","source":"INEC","urban":"No","Shape__Area":0.0024135634063036093,"Shape__Length":0.30080005473255372}},{"type":"Feature","id":8983,"geometry":{"type":"Polygon","coordinates":[[[7.47984917100251,4.48966498125395],[7.483560062447,4.48743199429117],[7.47386212783499,4.48095355616175],[7.47243050426442,4.48192038401857],[7.46747737388176,4.48127937694176],[7.46484006791485,4.48107215785387],[7.46485999958935,4.48430600032168],[7.46402799989232,4.48486200078077],[7.46319400010304,4.48514000011096],[7.4606939999282,4.48514000011096],[7.45875000021238,4.48514000011096],[7.45847199998286,4.48541800034047],[7.45763800019358,4.48569399957847],[7.4554180003405,4.48597200070731],[7.45402700004604,4.4862500000375],[7.45374899981653,4.48652800026707],[7.4529180001656,4.48680599959727],[7.45236099966047,4.4870840007261],[7.45180500010071,4.48736200005629],[7.45152699987119,4.48764000028581],[7.45097100031148,4.48791600042313],[7.45013899971514,4.48819400065264],[7.44930499992586,4.48847199998283],[7.44874900036615,4.48875000021241],[7.44680499975101,4.48847199998283],[7.44652700042076,4.48847199998283],[7.4462510002835,4.48875000021241],[7.44597300005398,4.48902800044192],[7.4451390002647,4.48958400000163],[7.44458299980562,4.4898620002312],[7.44347299987908,4.49013999956139],[7.44236099986028,4.49041600059797],[7.44180400025448,4.49069399992823],[7.44152900016326,4.49097200015774],[7.44097299970423,4.49125000038725],[7.44041600009837,4.49125000038725],[7.44013799986885,4.49097200015774],[7.43985999963934,4.49069399992823],[7.43958200030909,4.48900438874159],[7.43958200030909,4.48791600042313],[7.43985999963934,4.4862500000375],[7.43958200030909,4.48569399957847],[7.43874999971274,4.48486200078077],[7.43847200038255,4.48458400055125],[7.43736000036375,4.48430600032168],[7.4359720002077,4.48402800009217],[7.43474097671475,4.48430600032168],[7.43458400005159,4.48458400055125],[7.43430599982207,4.48486200078077],[7.43402799959256,4.48486200078077],[7.43375000026236,4.48430600032168],[7.43347200003285,4.48374900071587],[7.43319399980328,4.48291800016563],[7.43264000033582,4.48236100055976],[7.43236200010625,4.48208300033025],[7.43208399987674,4.48180500010074],[7.43152800031703,4.48152700077054],[7.43097199985795,4.48124900144029],[7.42958399970189,4.48097100031146],[7.4293060003717,4.48152700077054],[7.42902800014213,4.48180500010074],[7.42902800014213,4.48263999993611],[7.4293060003717,4.48347099958698],[7.42958399970189,4.48402800009217],[7.4298619999314,4.48458400055125],[7.43014000016092,4.48514000011096],[7.43041600029824,4.48541800034047],[7.43069399962843,4.48597200070731],[7.43097199985795,4.48652800026707],[7.43125000008746,4.48680599959727],[7.43180599964722,4.4870840007261],[7.43291599957377,4.48736200005629],[7.43402799959256,4.48764000028581],[7.43569399997818,4.48791600042313],[7.43680599999698,4.48819400065264],[7.43708400022649,4.48847199998283],[7.43680599999698,4.48958400000163],[7.43569399997818,4.4898620002312],[7.43513800041842,4.49013999956139],[7.43458400005159,4.49041600059797],[7.43402799959256,4.49069399992823],[7.43375000026236,4.49097200015774],[7.43236200010625,4.49097200015774],[7.43152800031703,4.49069399992823],[7.43125000008746,4.49041600059797],[7.43014000016092,4.49013999956139],[7.42736199975656,4.49013999956139],[7.42680500015069,4.49041600059797],[7.42652699992118,4.49069399992823],[7.42597100036141,4.49097200015774],[7.42569600027025,4.49125000038725],[7.42541699999458,4.49152800061677],[7.42486100043487,4.49152800061677],[7.42430499997579,4.49125000038725],[7.42402699974627,4.49069399992823],[7.42374900041608,4.49041600059797],[7.42347300027876,4.49013999956139],[7.42319500004925,4.4898620002312],[7.42291699981973,4.48930600067143],[7.42263899959022,4.48902800044192],[7.42236100026003,4.48847199998283],[7.42208300003045,4.48764000028581],[7.42180499980094,4.48736200005629],[7.42152699957143,4.48680599959727],[7.42124900024123,4.48652800026707],[7.42097300010391,4.4862500000375],[7.42041699964489,4.48597200070731],[7.42013900031463,4.48569399957847],[7.41930499962609,4.48541800034047],[7.41736099991027,4.48541800034047],[7.41625099998373,4.48569399957847],[7.41597299975416,4.48569399957847],[7.4159667629558,4.48569399957847],[7.41541076429536,4.48569399957847],[7.41486099973542,4.48597200070731],[7.41458200035908,4.4862500000375],[7.41430700026791,4.48652800026707],[7.4140290000384,4.48680599959727],[7.41375099980883,4.4870840007261],[7.41347299957931,4.48736200005629],[7.41319400020302,4.48764000028581],[7.41291599997345,4.48791600042313],[7.41263799974394,4.48819400065264],[7.41236000041374,4.48930600067143],[7.41208200018423,4.49013999956139],[7.41180600004691,4.49041600059797],[7.41152799981739,4.49125000038725],[7.43223067030925,4.49575954826457],[7.44005453468907,4.5020824666326],[7.44110887737287,4.50918406299417],[7.445462593424,4.50946983876207],[7.44765583305031,4.5097454728753],[7.45139669799926,4.51322412519329],[7.45652147568558,4.51436968970944],[7.45793204073112,4.5167716233118],[7.46206868562138,4.51451045969003],[7.46520686000861,4.51448526788084],[7.47636369822612,4.516488255029],[7.48099066428779,4.5151678686023],[7.48166953012475,4.51043186333987],[7.47484854022798,4.50090325038474],[7.47411044683969,4.49581394285923],[7.47984917100251,4.48966498125395]]]},"properties":{"FID":8983,"globalid":"ee6d74cb-8e0f-4a6d-85c0-e1cee2027b66","uniq_id":495491,"timestamp":1552694400000,"editor":"oluseye.abraham","wardname":"Ataba 1","wardcode":"RVSNDN04","lganame":"Andoni","lgacode":"33005","statename":"Rivers","statecode":"RI","amapcode":"NIE RVS NDN","status":"Operational Placeholder","source":"INEC","urban":"No","Shape__Area":0.0012991774885620089,"Shape__Length":0.23219261248330478}},{"type":"Feature","id":8984,"geometry":{"type":"Polygon","coordinates":[[[7.43112408690712,4.54552604908793],[7.42789937795396,4.54660221921711],[7.42565020319438,4.5538054884326],[7.42321673576379,4.56932453679798],[7.42070099115784,4.57387901930133],[7.42618985487798,4.57926706632207],[7.42872067122204,4.58155512237107],[7.43033058358964,4.58298936206944],[7.43107085423657,4.58376478721522],[7.45302524162167,4.59023918019403],[7.47652775255381,4.58438953275078],[7.47361763904286,4.57152278115149],[7.46672397403222,4.56684702507022],[7.46487971092995,4.56104747705945],[7.45276396788285,4.55632167460567],[7.45049045207276,4.54959194341353],[7.45014699738607,4.54458795367117],[7.44636418625822,4.54169740131408],[7.44286932995567,4.54182897842469],[7.43112408690712,4.54552604908793]]]},"properties":{"FID":8984,"globalid":"f0f98ae8-c93d-4eec-891c-00893dcfda45","uniq_id":495492,"timestamp":1552694400000,"editor":"oluseye.abraham","wardname":"Agwu-Obolo","wardcode":"RVSNDN09","lganame":"Andoni","lgacode":"33005","statename":"Rivers","statecode":"RI","amapcode":"NIE RVS NDN","status":"Operational Placeholder","source":"INEC","urban":"No","Shape__Area":0.0016972773966799082,"Shape__Length":0.16660034399898835}},{"type":"Feature","id":8985,"geometry":{"type":"Polygon","coordinates":[[[7.5370857078392,4.51414546084442],[7.53674227563556,4.51467824800278],[7.53624665925599,4.51552257290848],[7.53463826224606,4.51690509979056],[7.53161441777121,4.51914839388331],[7.53255861239012,4.52590355790295],[7.53896522256701,4.51882381596636],[7.53818222602894,4.51752285399658],[7.53897573923905,4.51672803766883],[7.53917450110237,4.51568593116082],[7.53926187113848,4.5153600015629],[7.5391811300052,4.51519798779697],[7.53941468124259,4.51506155614595],[7.5396147552168,4.51481194031885],[7.53989679430168,4.51420405887029],[7.5394251250695,4.51418529901241],[7.5384552413164,4.51394365207796],[7.53800998337408,4.51383658778832],[7.53755593905538,4.51381779825283],[7.53727171102071,4.51370649455913],[7.5370857078392,4.51414546084442]]]},"properties":{"FID":8985,"globalid":"044fd5fe-fd7e-4d8d-bd97-c7e94434018a","uniq_id":495493,"timestamp":1552694400000,"editor":"oluseye.abraham","wardname":"Opward 9","wardcode":"RVSPBT09","lganame":"Opobo/Nkoro","lgacode":"33020","statename":"Rivers","statecode":"RI","amapcode":"NIE RVS PBT","status":"Operational Placeholder","source":"INEC","urban":"No","Shape__Area":4.5539043629361231E-05,"Shape__Length":0.032515284358916437}},{"type":"Feature","id":8986,"geometry":{"type":"Polygon","coordinates":[[[7.46672397403222,4.56684702507022],[7.47361763904286,4.57152278115149],[7.47652775255381,4.58438953275078],[7.48778328417126,4.58462551755366],[7.49003139413355,4.58257180594416],[7.49732995461375,4.57952997502838],[7.50862853318029,4.58685429478993],[7.5181329300907,4.5941255941209],[7.5294437412357,4.5961103439173],[7.53230738407854,4.59129866520129],[7.53759753989459,4.58537233526511],[7.54370757524447,4.57979608442179],[7.54290148681423,4.57545724585526],[7.5269586770014,4.56559792520414],[7.5212876861778,4.55467151937518],[7.49568967933527,4.56097780478188],[7.48843975868795,4.56160199363717],[7.48187985637031,4.56160973320266],[7.47262852238845,4.55885337138602],[7.46487971092995,4.56104747705945],[7.46672397403222,4.56684702507022]]]},"properties":{"FID":8986,"globalid":"0e9d05c3-d074-4cca-b2db-2b5a6604ed1e","uniq_id":495494,"timestamp":1552694400000,"editor":"oluseye.abraham","wardname":"Opward 5","wardcode":"RVSPBT05","lganame":"Opobo/Nkoro","lgacode":"33020","statename":"Rivers","statecode":"RI","amapcode":"NIE RVS PBT","status":"Operational Placeholder","source":"INEC","urban":"No","Shape__Area":0.0017900656536440351,"Shape__Length":0.20192338167605647}},{"type":"Feature","id":8987,"geometry":{"type":"Polygon","coordinates":[[[7.52646050115123,4.51223875691318],[7.52688740572921,4.51239864468175],[7.52725457823624,4.51258871639618],[7.52835748520982,4.51341131907714],[7.52958554813461,4.51373351109271],[7.53012521510664,4.513725734655],[7.53120348964939,4.51298948937347],[7.53229268106242,4.51194362999456],[7.53180190393476,4.51146142430531],[7.53149880902288,4.51060641095717],[7.53047266907845,4.50971577906],[7.53069166928515,4.50911270178983],[7.53096352624578,4.50868432771961],[7.53276855012854,4.50838401710877],[7.53425188111947,4.50770465574533],[7.53512175126787,4.50785403673444],[7.53525850217818,4.5080891330071],[7.53561576325694,4.50920304228663],[7.535673549195,4.50994672496142],[7.53642366202246,4.51031051242023],[7.53677171134547,4.51022952936933],[7.53715866803816,4.50997236103569],[7.53758443497372,4.51003035741513],[7.5383595858263,4.510819421679],[7.53819610976268,4.51201675656813],[7.53835231210957,4.51252715870146],[7.53945539265231,4.51318020500253],[7.53999960299933,4.51299162886062],[7.53998045283566,4.512769411779],[7.54000727601505,4.51247242596173],[7.54024528878909,4.51155504642827],[7.54035710509635,4.51112692866485],[7.54043295301841,4.51052989843612],[7.54109361477856,4.51024385826747],[7.54012259698032,4.50537126127472],[7.53648028693573,4.49882129556636],[7.5335932608204,4.49604739966782],[7.53240697680059,4.49315559095783],[7.53408102611849,4.48553815606112],[7.52689989641311,4.47915322404208],[7.51817202811668,4.48219243883005],[7.51234812376697,4.48562568797519],[7.50887190141714,4.48577955298401],[7.5012896264152,4.48324717361822],[7.49597490471814,4.48441874203138],[7.48887195937345,4.48568997331364],[7.483560062447,4.48743199429117],[7.47984917100251,4.48966498125395],[7.48694582918671,4.49125707085716],[7.50285279741871,4.50263217723324],[7.50681730397542,4.50425386442436],[7.51155851901052,4.50435113509684],[7.51215626060298,4.50497280135374],[7.51256834255503,4.5058470880727],[7.51303477773286,4.50631502601766],[7.51383556106236,4.50629392972115],[7.5144997391717,4.506371941412],[7.51481322395119,4.5066850062081],[7.51516293881861,4.50742628769308],[7.51590523473885,4.50695293942664],[7.51723698499893,4.5064058017864],[7.51849532629831,4.50780394539584],[7.52043017001637,4.50810669676667],[7.52510943525226,4.50982132439464],[7.5258745640599,4.5113223567414],[7.52628695178146,4.51147553556757],[7.52646050115123,4.51223875691318]]]},"properties":{"FID":8987,"globalid":"1528a25d-4a70-4abe-afe1-cae13cbc4e9c","uniq_id":495495,"timestamp":1552694400000,"editor":"oluseye.abraham","wardname":"Opward 4","wardcode":"RVSPBT04","lganame":"Opobo/Nkoro","lgacode":"33020","statename":"Rivers","statecode":"RI","amapcode":"NIE RVS PBT","status":"Operational Placeholder","source":"INEC","urban":"No","Shape__Area":0.0010384733625024012,"Shape__Length":0.16971246188916142}},{"type":"Feature","id":8988,"geometry":{"type":"Polygon","coordinates":[[[7.5276941569598,4.53842311723309],[7.53255861239012,4.52590355790295],[7.52467454829184,4.52160829688546],[7.52204121732836,4.51806875057241],[7.52646050115123,4.51223875691318],[7.52628695178146,4.51147553556757],[7.5258745640599,4.5113223567414],[7.52510943525226,4.50982132439464],[7.52043017001637,4.50810669676667],[7.51849532629831,4.50780394539584],[7.51723698499893,4.5064058017864],[7.51590523473885,4.50695293942664],[7.51516293881861,4.50742628769308],[7.51481322395119,4.5066850062081],[7.5144997391717,4.506371941412],[7.51383556106236,4.50629392972115],[7.51303477773286,4.50631502601766],[7.51256834255503,4.5058470880727],[7.51215626060298,4.50497280135374],[7.51155851901052,4.50435113509684],[7.50681730397542,4.50425386442436],[7.50285279741871,4.50263217723324],[7.48694582918671,4.49125707085716],[7.47984917100251,4.48966498125395],[7.47411044683969,4.49581394285923],[7.47484854022798,4.50090325038474],[7.48166953012475,4.51043186333987],[7.48099066428779,4.5151678686023],[7.48883705218827,4.53739089697234],[7.4897049060566,4.53886214826957],[7.49274924877886,4.54203132858299],[7.49590393022225,4.54463633899587],[7.49854183064105,4.54677794404694],[7.50080625430525,4.54131668681572],[7.51565409096355,4.53141812874367],[7.5276941569598,4.53842311723309]]]},"properties":{"FID":8988,"globalid":"53ea124d-3c69-49cd-95c3-87760825d60a","uniq_id":495496,"timestamp":1552694400000,"editor":"oluseye.abraham","wardname":"Opward 3","wardcode":"RVSPBT03","lganame":"Opobo/Nkoro","lgacode":"33020","statename":"Rivers","statecode":"RI","amapcode":"NIE RVS PBT","status":"Operational Placeholder","source":"INEC","urban":"No","Shape__Area":0.00169944550024681,"Shape__Length":0.19416578579779892}},{"type":"Feature","id":8989,"geometry":{"type":"Polygon","coordinates":[[[7.47262852238845,4.55885337138602],[7.4683173901355,4.54933008691404],[7.46906476003068,4.54868948093485],[7.46967328359523,4.54793467184766],[7.47005009143862,4.54753554013314],[7.47009221478396,4.54732726344253],[7.47327598479893,4.54806292956061],[7.4810907048722,4.5443255386927],[7.47906309878306,4.54211635138853],[7.48255096555465,4.54009035598517],[7.48402585910617,4.53803717227771],[7.48292464016004,4.5362920819141],[7.48341581298945,4.53356714240977],[7.47636369822612,4.516488255029],[7.46520686000861,4.51448526788084],[7.454111861873,4.53592203967042],[7.45361085315841,4.53812635624638],[7.45254080921103,4.54164929298054],[7.45226645213512,4.54339622785369],[7.45014699738607,4.54458795367117],[7.45049045207276,4.54959194341353],[7.45276396788285,4.55632167460567],[7.46487971092995,4.56104747705945],[7.47262852238845,4.55885337138602]]]},"properties":{"FID":8989,"globalid":"7d2b614b-6e6c-4f39-aaeb-af0f3974786e","uniq_id":495497,"timestamp":1552694400000,"editor":"oluseye.abraham","wardname":"Opward 7","wardcode":"RVSPBT07","lganame":"Opobo/Nkoro","lgacode":"33020","statename":"Rivers","statecode":"RI","amapcode":"NIE RVS PBT","status":"Operational Placeholder","source":"INEC","urban":"No","Shape__Area":0.00097230434072415051,"Shape__Length":0.13676188430715724}},{"type":"Feature","id":8990,"geometry":{"type":"Polygon","coordinates":[[[7.5766189193277,4.4970211612976],[7.57803272103331,4.49607500435803],[7.57761762815107,4.48705926936981],[7.57662104532506,4.4837650590103],[7.57171822571559,4.47823305661035],[7.56797699114526,4.47428973358438],[7.56392957788773,4.47047459542631],[7.55809964808032,4.47264360192077],[7.52689989641311,4.47915322404208],[7.53408102611849,4.48553815606112],[7.53725832641067,4.48990259562834],[7.54407636293388,4.49427555537261],[7.5478107203885,4.49439812217565],[7.55707780869398,4.50287954655386],[7.5709713702326,4.49823324506826],[7.5766189193277,4.4970211612976]]]},"properties":{"FID":8990,"globalid":"b0fcc1a2-87df-41b2-90d5-0927d2182e9d","uniq_id":495498,"timestamp":1552694400000,"editor":"oluseye.abraham","wardname":"Opward 8","wardcode":"RVSPBT08","lganame":"Opobo/Nkoro","lgacode":"33020","statename":"Rivers","statecode":"RI","amapcode":"NIE RVS PBT","status":"Operational Placeholder","source":"INEC","urban":"No","Shape__Area":0.000965517351932732,"Shape__Length":0.13048212617214422}},{"type":"Feature","id":8991,"geometry":{"type":"Polygon","coordinates":[[[7.49854183064105,4.54677794404694],[7.49590393022225,4.54463633899587],[7.49274924877886,4.54203132858299],[7.4897049060566,4.53886214826957],[7.48883705218827,4.53739089697234],[7.48099066428779,4.5151678686023],[7.47636369822612,4.516488255029],[7.48341581298945,4.53356714240977],[7.48292464016004,4.5362920819141],[7.48402585910617,4.53803717227771],[7.48255096555465,4.54009035598517],[7.47906309878306,4.54211635138853],[7.4810907048722,4.5443255386927],[7.47327598479893,4.54806292956061],[7.47009221478396,4.54732726344253],[7.47005009143862,4.54753554013314],[7.46967328359523,4.54793467184766],[7.46906476003068,4.54868948093485],[7.4683173901355,4.54933008691404],[7.47262852238845,4.55885337138602],[7.48187985637031,4.56160973320266],[7.48843975868795,4.56160199363717],[7.49568967933527,4.56097780478188],[7.5212876861778,4.55467151937518],[7.52142091174574,4.55023768721952],[7.52288788586731,4.5464297877046],[7.5276941569598,4.53842311723309],[7.51565409096355,4.53141812874367],[7.50080625430525,4.54131668681572],[7.49854183064105,4.54677794404694]]]},"properties":{"FID":8991,"globalid":"e5997e40-6b30-4d49-88ef-18c74a991e7a","uniq_id":495499,"timestamp":1552694400000,"editor":"oluseye.abraham","wardname":"Opward 6","wardcode":"RVSPBT06","lganame":"Opobo/Nkoro","lgacode":"33020","statename":"Rivers","statecode":"RI","amapcode":"NIE RVS PBT","status":"Operational Placeholder","source":"INEC","urban":"No","Shape__Area":0.0011358663746499076,"Shape__Length":0.20533487692043781}},{"type":"Feature","id":8993,"geometry":{"type":"Polygon","coordinates":[[[7.54113085120787,4.51643064895535],[7.54266970724126,4.51472945719871],[7.54191194118317,4.51472945719871],[7.54189000671846,4.51422179979625],[7.54173480082045,4.51405171281635],[7.54169420362467,4.51412289415629],[7.5415754490478,4.51404895909224],[7.54112232563489,4.51391467322367],[7.5409593675808,4.51393011278452],[7.54033158863194,4.51374922494682],[7.54042246602404,4.51344347973287],[7.54026040819133,4.51328924510261],[7.53999960299933,4.51299162886062],[7.53945539265231,4.51318020500253],[7.53835231210957,4.51252715870146],[7.53819610976268,4.51201675656813],[7.5383595858263,4.510819421679],[7.53758443497372,4.51003035741513],[7.53715866803816,4.50997236103569],[7.53677171134547,4.51022952936933],[7.53642366202246,4.51031051242023],[7.535673549195,4.50994672496142],[7.53561576325694,4.50920304228663],[7.53525850217818,4.5080891330071],[7.53512175126787,4.50785403673444],[7.53425188111947,4.50770465574533],[7.53276855012854,4.50838401710877],[7.53096352624578,4.50868432771961],[7.53069166928515,4.50911270178983],[7.53047266907845,4.50971577906],[7.53149880902288,4.51060641095717],[7.53180190393476,4.51146142430531],[7.53229268106242,4.51194362999456],[7.53279535622079,4.51151806270849],[7.53327117042824,4.51186528555451],[7.53391137441042,4.51205948875446],[7.53509599468447,4.51264371893251],[7.53568284998357,4.51286136925683],[7.53621006044597,4.51308133533541],[7.53645337472352,4.51325610418593],[7.53670273874047,4.51344000834973],[7.53694806300274,4.51357132825422],[7.53727171102071,4.51370649455913],[7.53755593905538,4.51381779825283],[7.53800998337408,4.51383658778832],[7.5384552413164,4.51394365207796],[7.5394251250695,4.51418529901241],[7.53989679430168,4.51420405887029],[7.53997766044074,4.51415499905403],[7.54015908157641,4.51412282131122],[7.54043237385503,4.51429818191559],[7.54103571012996,4.5146534339089],[7.54077782233867,4.51482653091972],[7.54059453780775,4.51496870923859],[7.54061460438055,4.51501902270979],[7.54050045073524,4.51533928478023],[7.54052083297012,4.51547538368209],[7.540438883148,4.51560769374009],[7.54034636539251,4.51586952415926],[7.54062616606478,4.51600848110655],[7.54113085120787,4.51643064895535]]]},"properties":{"FID":8993,"globalid":"faafb6c9-9de4-45e3-b49c-fc9acdfe5372","uniq_id":495501,"timestamp":1552694400000,"editor":"oluseye.abraham","wardname":"Opward 2","wardcode":"RVSPBT02","lganame":"Opobo/Nkoro","lgacode":"33020","statename":"Rivers","statecode":"RI","amapcode":"NIE RVS PBT","status":"Operational Placeholder","source":"INEC","urban":"Yes","Shape__Area":3.1473367986478706E-05,"Shape__Length":0.035810064326491031}},{"type":"Feature","id":9013,"geometry":{"type":"Polygon","coordinates":[[[7.52593235089734,4.60281983406816],[7.51375030533239,4.61323650596],[7.50921205199467,4.61662723695747],[7.50368882427989,4.62470826967098],[7.50169250740333,4.62606053886282],[7.4995674597705,4.62744628621721],[7.49278983428349,4.62871447779099],[7.48771903840293,4.63085000342494],[7.46788529826796,4.6239482813881],[7.45109753941995,4.63095276805586],[7.45394284508626,4.64216894174331],[7.46693348818997,4.65160642639552],[7.47027161064636,4.65115093866495],[7.47249220225336,4.65254724855674],[7.47491969458827,4.65716497678233],[7.47520416364131,4.66087410285763],[7.4773913616221,4.66281275970113],[7.4804730073235,4.66123757555374],[7.48452755400348,4.66151728089784],[7.48681323494287,4.66119635242978],[7.48941096534384,4.66377048641885],[7.49351256275463,4.66294667414974],[7.49577793520359,4.65940485075333],[7.49403085194228,4.65601348303585],[7.49549173405632,4.65483266869273],[7.49994544032984,4.6547166237732],[7.50279901796034,4.65627730635265],[7.50572227686166,4.65456610334303],[7.51425368376056,4.6572539745913],[7.51634713910926,4.66327133840161],[7.52149881102139,4.66205483985902],[7.52413880955845,4.65492760472523],[7.51954431261998,4.64201132836018],[7.51763261475344,4.63359954298454],[7.519175146316,4.62666126170791],[7.52358886063746,4.61781240401928],[7.52489603512396,4.61309647162489],[7.52593235089734,4.60281983406816]]]},"properties":{"FID":9013,"globalid":"57e638a3-5ec1-4ca1-9fbc-fd110e053520","uniq_id":495523,"timestamp":1552694400000,"editor":"oluseye.abraham","wardname":"Beeri","wardcode":"RVSBRR11","lganame":"Khana","lgacode":"33014","statename":"Rivers","statecode":"RI","amapcode":"NIE RVS BRR","status":"Operational Placeholder","source":"INEC","urban":"No","Shape__Area":0.0021961202145064362,"Shape__Length":0.25492830534417821}},{"type":"Feature","id":9019,"geometry":{"type":"Polygon","coordinates":[[[7.25310695801977,4.69933453556041],[7.25527542671961,4.70399858516663],[7.25904557719167,4.71320212737635],[7.26092698769037,4.71861634017199],[7.26390305028559,4.72522286334453],[7.26541915437053,4.73893299556136],[7.26133539860979,4.74455947713818],[7.26201367179357,4.74612653231367],[7.26507176964651,4.75044211441212],[7.27612284669209,4.75477613441114],[7.28896293069477,4.75155567475463],[7.28810810440552,4.73641237213332],[7.28898288035572,4.73527096158568],[7.28790090330409,4.71472671656477],[7.28789915322341,4.71463900388699],[7.29103312957534,4.70307885030877],[7.29028832904322,4.70262695896702],[7.2837194290085,4.69554221859858],[7.27900119704765,4.69464376709624],[7.27123142778822,4.69481919964642],[7.25540475822305,4.69650668573502],[7.25324777116776,4.69885943631397],[7.25310695801977,4.69933453556041]]]},"properties":{"FID":9019,"globalid":"f94b2807-d22c-403e-b450-112043a24bdc","uniq_id":495530,"timestamp":1552694400000,"editor":"oluseye.abraham","wardname":"Tward 1","wardcode":"RVSSKN01","lganame":"Tai","lgacode":"33023","statename":"Rivers","statecode":"RI","amapcode":"NIE RVS SKN","status":"Operational Placeholder","source":"INEC","urban":"No","Shape__Area":0.0015879981954078914,"Shape__Length":0.17287268857662885}},{"type":"Feature","id":9020,"geometry":{"type":"Polygon","coordinates":[[[7.28898288035572,4.73527096158568],[7.29370319424709,4.7341729586152],[7.301971958639,4.73769270185676],[7.30281112503343,4.73298329404383],[7.3032202302295,4.73260753930651],[7.30394007187687,4.73118341698114],[7.30446016870189,4.73057860042212],[7.3069650908663,4.72796930743766],[7.30823985558493,4.72527216507842],[7.30963026232678,4.72206125892001],[7.31606907992415,4.70484025887089],[7.31631320898748,4.70365903533627],[7.31478453777623,4.7036613286075],[7.2975783243802,4.7033856846017],[7.29141408778997,4.70314132441263],[7.29103312957534,4.70307885030877],[7.28789915322341,4.71463900388699],[7.28790090330409,4.71472671656477],[7.28898288035572,4.73527096158568]]]},"properties":{"FID":9020,"globalid":"fe1c8f16-39f4-4b60-a0e9-2cbc4ef02d10","uniq_id":495531,"timestamp":1552694400000,"editor":"oluseye.abraham","wardname":"Tward 2","wardcode":"RVSSKN02","lganame":"Tai","lgacode":"33023","statename":"Rivers","statecode":"RI","amapcode":"NIE RVS SKN","status":"Operational Placeholder","source":"INEC","urban":"No","Shape__Area":0.00068271260411734147,"Shape__Length":0.10918645206352026}},{"type":"Feature","id":9049,"geometry":{"type":"Polygon","coordinates":[[[7.25382672322473,4.39288193285495],[7.22053883839675,4.38182322416253],[7.21618961535853,4.39406232091943],[7.20534831597206,4.40799542474912],[7.19686196510764,4.41965281302697],[7.19240781456904,4.42118733702603],[7.19071688227837,4.42378496760222],[7.19062709666321,4.42383629101209],[7.17974500402875,4.43658146686124],[7.18019062259918,4.44086148077275],[7.18043210136045,4.44144815710683],[7.18495135921791,4.44243246598558],[7.18727057857438,4.44293716821579],[7.19093329963209,4.43948970618504],[7.19465179844178,4.43634166713429],[7.198953400579,4.43694544587566],[7.20237380200939,4.43857233924211],[7.20388367738985,4.44162658619803],[7.20521146163969,4.44700563640106],[7.2068790007653,4.44855563773257],[7.20875468078395,4.44852553472572],[7.20998827633792,4.44627544265762],[7.21143299583616,4.44326610784464],[7.21280343762857,4.44231998328064],[7.21629848368809,4.44342265732985],[7.21835939706858,4.44680223763322],[7.22981750187625,4.44864974459011],[7.22695587171614,4.4404533378513],[7.23249481058707,4.43460473182296],[7.23349821926746,4.42881919524973],[7.25382672322473,4.39288193285495]]]},"properties":{"FID":9049,"globalid":"7d5991d0-5b6c-4e68-8a9c-ca1a81b1db9a","uniq_id":500568,"timestamp":1552694400000,"editor":"oluseye.abraham","wardname":"Boward 8","wardcode":"RVSBNY08","lganame":"Bonny","lgacode":"33007","statename":"Rivers","statecode":"RI","amapcode":"NIE RVS BNY","status":"Operational Placeholder","source":"INEC","urban":"No","Shape__Area":0.0023739174308747835,"Shape__Length":0.23857761861666482}},{"type":"Feature","id":9085,"geometry":{"type":"Polygon","coordinates":[[[7.22718701996507,4.68265699762242],[7.22729765726115,4.67932354714401],[7.22421940020519,4.67673819321311],[7.21818489441739,4.67506601538435],[7.21516417238871,4.67122003137939],[7.21291703189553,4.67075334079408],[7.2063238870378,4.67642052208947],[7.20127446894162,4.67765837593333],[7.19278435621311,4.67493602197987],[7.19249173210778,4.67725213777601],[7.19349522172718,4.68081781568969],[7.19247898691577,4.68555128036735],[7.19019711820249,4.68730271814599],[7.19022413293743,4.68869905501742],[7.19168222085784,4.6908699141153],[7.1933955066973,4.69153548167719],[7.19598443183611,4.69019929056486],[7.19901064512521,4.68860533396901],[7.20148742930149,4.68932972438733],[7.20267154505581,4.69075457426425],[7.20286231464416,4.69405305100753],[7.20181314216285,4.69625328196344],[7.20322147599035,4.69651370404426],[7.20385667704409,4.69810433134984],[7.20232266925581,4.69973728524758],[7.20243051955288,4.70121751627539],[7.20404822094866,4.70156874560115],[7.2062461271571,4.70074295932017],[7.20762302158522,4.70197060136223],[7.20719502163297,4.70319498516051],[7.20603012529011,4.70373326897521],[7.20734848284627,4.70497897390055],[7.20732625520259,4.70707811836053],[7.20797944899243,4.70831871963327],[7.20943661330909,4.70829201426511],[7.21065816963886,4.70813068937986],[7.21186046878563,4.7073843456111],[7.21273926920196,4.70713591239252],[7.21385441774726,4.7083362006552],[7.21402613609735,4.7095682718583],[7.21441442468603,4.71039937313259],[7.22590798526534,4.70193076319424],[7.22688959527864,4.70050039417788],[7.22870054209636,4.69910449797425],[7.23286891506842,4.69661790399311],[7.23400138725424,4.69541458591448],[7.23102357997431,4.69015570492189],[7.22718701996507,4.68265699762242]]]},"properties":{"FID":9085,"globalid":"9ef57070-c2db-4c7a-99d5-9f07f206fad9","uniq_id":495591,"timestamp":1552694400000,"editor":"oluseye.abraham","wardname":"Wakama","wardcode":"RVSGGU08","lganame":"Ogu Bolo","lgacode":"33017","statename":"Rivers","statecode":"RI","amapcode":"NIE RVS GGU","status":"Operational Placeholder","source":"INEC","urban":"No","Shape__Area":0.00095196864782565171,"Shape__Length":0.1484274689120979}},{"type":"Feature","id":9116,"geometry":{"type":"Polygon","coordinates":[[[7.15592813507544,4.88372898190704],[7.15867785989536,4.88297260799953],[7.1584209307814,4.8808786409366],[7.15825070800383,4.87981977736086],[7.15792610400655,4.87902838475219],[7.15774107299217,4.8786819632021],[7.15735938632668,4.87823278331632],[7.15642929397677,4.8774440158287],[7.15548533318162,4.87666682171647],[7.15470011531812,4.87596626872835],[7.15397575367814,4.87547445827965],[7.1534467050015,4.87527005676776],[7.15282788419955,4.87512045994134],[7.1521740788707,4.87515675388113],[7.15161982489508,4.87518874636362],[7.150996072211,4.87538836797887],[7.15009791388769,4.87573283710083],[7.15000937203496,4.87563020826752],[7.15025205498841,4.87496061803813],[7.15094526681065,4.87327208783665],[7.1485908533852,4.87231353464193],[7.14744608926566,4.87202824540725],[7.14660575285325,4.87171476422503],[7.14537673664711,4.87115421679374],[7.14483385369942,4.87081740000303],[7.14389844905423,4.87007946309677],[7.14363044029261,4.86990677977411],[7.14309355042707,4.86959177424103],[7.14297038107827,4.86953820522405],[7.14201400784026,4.86909337895634],[7.14127094120101,4.86855730477583],[7.14086712491792,4.86794155066207],[7.13999141367287,4.86621524084075],[7.13547250385301,4.86925439087747],[7.13539954095609,4.87169999286044],[7.13534049956445,4.87264939005735],[7.13515866384131,4.87320431402793],[7.1347609575522,4.87414224307008],[7.13444069368313,4.87525166113528],[7.13410227430057,4.87642397418711],[7.13370383686265,4.87768930591676],[7.13294956377138,4.88011974533003],[7.13263492066511,4.88118751129468],[7.13767881242728,4.88294436479066],[7.13915852094902,4.88369859291578],[7.14106573299722,4.88494818830827],[7.14338022911431,4.88704794160924],[7.14506142984118,4.88852701431028],[7.14724111578494,4.89032506934655],[7.14965656439898,4.88849100995219],[7.15592813507544,4.88372898190704]]]},"properties":{"FID":9116,"globalid":"e4bb8ac3-b507-48e3-8b0c-260d35055ddd","uniq_id":495621,"timestamp":1552694400000,"editor":"oluseye.abraham","wardname":"Oyward 8","wardcode":"RVSAFM08","lganame":"Oyigbo","lgacode":"33021","statename":"Rivers","statecode":"RI","amapcode":"NIE RVS AFM","status":"Operational Placeholder","source":"INEC","urban":"Yes","Shape__Area":0.000332393404761433,"Shape__Length":0.078649230308792659}},{"type":"Feature","id":9118,"geometry":{"type":"Polygon","coordinates":[[[7.19107838186187,4.47889784356067],[7.20213838288009,4.47478963073689],[7.21438055262047,4.48022404140642],[7.21878668655637,4.46883969179839],[7.21893016799288,4.46220912525098],[7.22223752823936,4.46037337243325],[7.22494214036755,4.45810896405749],[7.22610461573549,4.45564709603673],[7.22897144127904,4.45140542921723],[7.22981750187625,4.44864974459011],[7.21835939706858,4.44680223763322],[7.21629848368809,4.44342265732985],[7.21280343762857,4.44231998328064],[7.21143299583616,4.44326610784464],[7.20998827633792,4.44627544265762],[7.20875468078395,4.44852553472572],[7.2068790007653,4.44855563773257],[7.20521146163969,4.44700563640106],[7.20388367738985,4.44162658619803],[7.20237380200939,4.43857233924211],[7.198953400579,4.43694544587566],[7.19465179844178,4.43634166713429],[7.19093329963209,4.43948970618504],[7.18727057857438,4.44293716821579],[7.18495135921791,4.44243246598558],[7.18043210136045,4.44144815710683],[7.17730170520957,4.44582963612885],[7.17575431101267,4.44899060922927],[7.17516787209968,4.45126014284136],[7.17591183896025,4.45695738037887],[7.17572723602319,4.45996772063387],[7.18163689702521,4.46774430855305],[7.18355568244885,4.47006123913491],[7.18874826272219,4.47567730476385],[7.19107838186187,4.47889784356067]]]},"properties":{"FID":9118,"globalid":"c4b86659-7b56-4a56-a5fe-57a50c0b4edd","uniq_id":500569,"timestamp":1552694400000,"editor":"oluseye.abraham","wardname":"Boward 10","wardcode":"RVSBNY10","lganame":"Bonny","lgacode":"33007","statename":"Rivers","statecode":"RI","amapcode":"NIE RVS BNY","status":"Operational Placeholder","source":"INEC","urban":"No","Shape__Area":0.001490696186362328,"Shape__Length":0.1714072653894021}},{"type":"Feature","id":9119,"geometry":{"type":"Polygon","coordinates":[[[7.17572723602319,4.45996772063387],[7.17591183896025,4.45695738037887],[7.17516787209968,4.45126014284136],[7.17575431101267,4.44899060922927],[7.17730170520957,4.44582963612885],[7.18043210136045,4.44144815710683],[7.18019062259918,4.44086148077275],[7.17437114471261,4.44249239500806],[7.17334321871459,4.44284255324129],[7.17005028359375,4.44573271799061],[7.17113168957587,4.44606930905144],[7.17155219008157,4.4467595845872],[7.17125905875861,4.44746123384891],[7.17103963856852,4.44807870836576],[7.17121780595704,4.44843180558343],[7.17191893720923,4.44837387215654],[7.17292372544961,4.4481588370607],[7.17348951233117,4.44838445088175],[7.1729651050556,4.44909563835307],[7.17264982792727,4.44922345539817],[7.1726261847507,4.44942833534947],[7.17240623126258,4.44970643900103],[7.17249564815569,4.45031474223163],[7.17220584702227,4.45043854020651],[7.17183828420951,4.45035129337754],[7.17159153092445,4.45073119309012],[7.17142881119071,4.45101885383707],[7.17145294359852,4.45137974008298],[7.17114784139983,4.45151556019499],[7.17060935164034,4.45205713193116],[7.17017481181819,4.45219342868381],[7.17023970689701,4.45316691691971],[7.16878494826682,4.45335793472094],[7.17084752899029,4.45759030434914],[7.17403587205791,4.45932042369867],[7.17572723602319,4.45996772063387]]]},"properties":{"FID":9119,"globalid":"acbeb0c4-9b8c-484f-89d6-39108b6d5762","uniq_id":500563,"timestamp":1552694400000,"editor":"oluseye.abraham","wardname":"Boward 1","wardcode":"RVSBNY01","lganame":"Bonny","lgacode":"33007","statename":"Rivers","statecode":"RI","amapcode":"NIE RVS BNY","status":"Operational Placeholder","source":"INEC","urban":"No","Shape__Area":9.102185400600149E-05,"Shape__Length":0.056627899254995173}},{"type":"Feature","id":9120,"geometry":{"type":"Polygon","coordinates":[[[7.16878494826682,4.45335793472094],[7.17023970689701,4.45316691691971],[7.17017481181819,4.45219342868381],[7.17060935164034,4.45205713193116],[7.17114784139983,4.45151556019499],[7.17145294359852,4.45137974008298],[7.17142881119071,4.45101885383707],[7.17159153092445,4.45073119309012],[7.17183828420951,4.45035129337754],[7.17220584702227,4.45043854020651],[7.17249564815569,4.45031474223163],[7.17240623126258,4.44970643900103],[7.1726261847507,4.44942833534947],[7.17264982792727,4.44922345539817],[7.1729651050556,4.44909563835307],[7.17348951233117,4.44838445088175],[7.17292372544961,4.4481588370607],[7.17191893720923,4.44837387215654],[7.17121780595704,4.44843180558343],[7.17103963856852,4.44807870836576],[7.17125905875861,4.44746123384891],[7.17155219008157,4.4467595845872],[7.17113168957587,4.44606930905144],[7.17005028359375,4.44573271799061],[7.16947618967447,4.44591958631992],[7.16663627994041,4.4476267738566],[7.16878494826682,4.45335793472094]]]},"properties":{"FID":9120,"globalid":"be50616f-45c5-42a4-bc83-5f89238a37a2","uniq_id":500564,"timestamp":1552694400000,"editor":"oluseye.abraham","wardname":"Boward 2","wardcode":"RVSBNY02","lganame":"Bonny","lgacode":"33007","statename":"Rivers","statecode":"RI","amapcode":"NIE RVS BNY","status":"Operational Placeholder","source":"INEC","urban":"Yes","Shape__Area":2.7735319298116679E-05,"Shape__Length":0.024363803832135687}},{"type":"Feature","id":9121,"geometry":{"type":"Polygon","coordinates":[[[7.15892069933085,4.43819274529898],[7.16663627994041,4.4476267738566],[7.16947618967447,4.44591958631992],[7.17005028359375,4.44573271799061],[7.17334321871459,4.44284255324129],[7.17437114471261,4.44249239500806],[7.1695192878849,4.43296333329124],[7.16805723305492,4.43712629234454],[7.16616990321853,4.43796767826581],[7.16151357968801,4.43858338021886],[7.15892069933085,4.43819274529898]]]},"properties":{"FID":9121,"globalid":"c832e4b2-71a4-451a-84df-d3b1c45c6900","uniq_id":500565,"timestamp":1552694400000,"editor":"oluseye.abraham","wardname":"Boward 4","wardcode":"RVSBNY04","lganame":"Bonny","lgacode":"33007","statename":"Rivers","statecode":"RI","amapcode":"NIE RVS BNY","status":"Operational Placeholder","source":"INEC","urban":"No","Shape__Area":9.6999070262171472E-05,"Shape__Length":0.046062695626522633}},{"type":"Feature","id":9135,"geometry":{"type":"MultiPolygon","coordinates":[[[[6.81215384732224,4.5427999638473],[6.81687341837363,4.50212132184157],[6.84203878296353,4.426442999345],[6.82211510882524,4.45655174476724],[6.78229134257145,4.48666135623665],[6.76877164989179,4.47674128907926],[6.75402018008731,4.45167243703338],[6.74757998113125,4.44236236293273],[6.73112690138544,4.41503060887555],[6.7256110822857,4.40625827270117],[6.71927406884328,4.39388433699258],[6.71350725075905,4.38400771428462],[6.71279126990123,4.40121942973292],[6.71262987307023,4.40349171167321],[6.71310535992444,4.4049650017335],[6.71597111887206,4.40876274700321],[6.71594364818088,4.41657946087349],[6.71147707980344,4.43148495666549],[6.70738390724159,4.44490421665631],[6.70792275583057,4.44736691385202],[6.70916652721348,4.4572219852065],[6.70353552204676,4.46542887534235],[6.69971161280074,4.47733308795171],[6.69714139985575,4.49605853327472],[6.69880868267461,4.50187672333215],[6.7007111750807,4.51112297434582],[6.7060847088423,4.52128753029535],[6.71137403278544,4.53580711800413],[6.71688428957833,4.54561184890775],[6.7226324836023,4.55071627673482],[6.7512179852219,4.5311936372766],[6.76280968162155,4.52369168432381],[6.77776632995221,4.5140781816628],[6.81215384732224,4.5427999638473]]],[[[6.7131999838922,4.56182229156553],[6.70718160744525,4.5540111462974],[6.69511773009924,4.53360388241327],[6.68979441897733,4.51851712736357],[6.6893071042395,4.51158030029069],[6.69208453087646,4.49402593684755],[6.691890102846,4.48939115567737],[6.69031721017114,4.48213543800011],[6.69145686524217,4.47163299057013],[6.69530653466887,4.46085529123877],[6.69748745628112,4.44758954642049],[6.70029858681039,4.41959454055564],[6.68871264157519,4.42248564869379],[6.6816562874078,4.40939079844662],[6.68756798627362,4.40463095665336],[6.69124026442671,4.39568605586686],[6.693843754086,4.38916633076161],[6.69555382664782,4.38019663296831],[6.7011784403328,4.36223741092783],[6.70637292896754,4.33872319621855],[6.69416618442193,4.32999992255844],[6.6885280907988,4.32919428378921],[6.68769568191021,4.33156263131042],[6.6823120811377,4.34767983225851],[6.6784919913124,4.35246265083072],[6.6672400380973,4.36701618075222],[6.65439463640342,4.37357501017863],[6.62230102517225,4.39120883142249],[6.56053103378025,4.40467268069972],[6.5121493935797,4.41214285520863],[6.51186418528397,4.41823911744137],[6.51257514972343,4.43170213664433],[6.51643800680864,4.44232082414675],[6.51938676778514,4.45295715275046],[6.52289295194822,4.46299219103685],[6.52519607523874,4.4695830354288],[6.53178214962657,4.47875976615035],[6.53425502804714,4.48847484633711],[6.53725147197792,4.49498271927712],[6.53998517987219,4.50091981859481],[6.54549326480236,4.50610694897654],[6.58997591675518,4.51069758962211],[6.69059068860946,4.56024748783136],[6.7131999838922,4.56182229156553]]]]},"properties":{"FID":9135,"globalid":"feaac0cf-42bb-40d6-8250-f44c0c58582b","uniq_id":500582,"timestamp":1552694400000,"editor":"oluseye.abraham","wardname":"Aktward 12","wardcode":"RVSABM12","lganame":"Akuku Toru","lgacode":"33004","statename":"Rivers","statecode":"RI","amapcode":"NIE RVS ABM","status":"Operational Placeholder","source":"INEC","urban":"No","Shape__Area":0.033649671279539106,"Shape__Length":1.3835912003262794}}]}