{"type": "FeatureCollection", "features": [{"type": "Feature", "properties": {"shapeName": "Port-Harcourt", "shapeISO": "", "shapeID": "59680162B27901935497545", "shapeGroup": "NGA", "shapeType": "ADM2", "lga_name_standard": "Port Harcourt", "state": "Rivers"}, "geometry": {"type": "Polygon", "coordinates": [[[6.988255708034558, 4.761109568551774], [6.988868899979821, 4.760770918043477], [6.997975783955326, 4.754653149423348], [7.002597372970456, 4.743406846648725], [7.006603108946365, 4.73576748088459], [7.010190758196984, 4.735027981855922], [7.012206426685282, 4.738589209924157], [7.01153509896568, 4.747409454782542], [7.012799207617377, 4.749895325708735], [7.025004038405712, 4.75580431761523], [7.02773397274467, 4.756098645935822], [7.03074163302, 4.755393804080825], [7.033262859893114, 4.754758291861719], [7.03561406183951, 4.753761839437402], [7.036127893087837, 4.752533945585185], [7.037720496203974, 4.752058861627233], [7.038538908044245, 4.751362701827304], [7.039050428034898, 4.750736781777107], [7.038944090397479, 4.750113369036796], [7.03867401499383, 4.748931393668954], [7.039926431559593, 4.748735967391042], [7.041530500132524, 4.748899473132212], [7.042775157347705, 4.74889719964608], [7.043010384921388, 4.748771769401685], [7.043108233857936, 4.747262281629048], [7.044748438989302, 4.748000503620403], [7.04352686377382, 4.750441810441259], [7.045899511853065, 4.7514625193798], [7.054881392762127, 4.753160870178078], [7.053969871412505, 4.757021718177782], [7.055598890776253, 4.763287872237584], [7.055811028256414, 4.766081534335399], [7.058264349120464, 4.768725023141371], [7.063346150004861, 4.770346570937534], [7.068218853117628, 4.77200519598307], [7.069121596184743, 4.774729335990116], [7.06953269517777, 4.776636773768132], [7.068110128679564, 4.779938110355545], [7.066153501582903, 4.781401085191987], [7.061384755602035, 4.785954222309556], [7.062478896883647, 4.791144675686269], [7.069483888970353, 4.795053570865662], [7.068897900617685, 4.802396338420351], [7.060908110420996, 4.807260141842107], [7.058652510005402, 4.808766410041812], [7.057875993082689, 4.811084591580709], [7.057078951832182, 4.812318171846186], [7.053430800690933, 4.8137084688708], [7.049820303264426, 4.812859603288132], [7.047772493006221, 4.812860204934566], [7.046599345383527, 4.814680204327999], [7.04578802199967, 4.81388180240333], [7.045500795625287, 4.81359914908154], [7.042094277928641, 4.810465626887208], [7.037418236762278, 4.806880844675277], [7.035847884672194, 4.80981906829544], [7.035076037029512, 4.811285518112243], [7.034584628577818, 4.812301804184983], [7.033586570863577, 4.814098099247929], [7.032615884915231, 4.815952547172344], [7.031743845602023, 4.817710467264305], [7.031545946188487, 4.818022001414306], [7.031377845810994, 4.818447574995616], [7.031292651234935, 4.819044217616579], [7.03128434689512, 4.819906678250675], [7.02981394455793, 4.817714192256233], [7.029559976911457, 4.818077339397746], [7.029584645315197, 4.819448204770879], [7.029575447049297, 4.820003530738404], [7.02954332686312, 4.820166252270781], [7.029389629128104, 4.820435330326291], [7.029070151266524, 4.821032873168633], [7.028583770924342, 4.821887430560537], [7.028134217819968, 4.822692380449041], [7.027923751280127, 4.823052075093244], [7.02787208522858, 4.823226477020341], [7.027851276715069, 4.823740727352742], [7.02784159461396, 4.824270257166688], [7.027831761426683, 4.824614155219138], [7.027772827953697, 4.824830911617312], [7.027568013652967, 4.825395142671766], [7.027442303719397, 4.825494640065642], [7.02641207635628, 4.82550806244717], [7.025458874127764, 4.825481242865123], [7.025325578412776, 4.825420394735488], [7.025092532594329, 4.824277351018964], [7.024672247026615, 4.824379803585089], [7.025008311984038, 4.825716330144587], [7.024913638553642, 4.827474288907354], [7.024956812307096, 4.828485718641048], [7.025044433254038, 4.829150982232079], [7.023845413934737, 4.82890541785082], [7.023346522224244, 4.828884386305447], [7.023068974353748, 4.828935448012544], [7.022571595302907, 4.829143287632689], [7.019452992861375, 4.829522027219809], [7.01702223778608, 4.82977213497611], [7.014163805615169, 4.830169216236413], [7.010275702761533, 4.830522585948643], [7.007572071793732, 4.830747016261853], [7.005127152396199, 4.830843983862792], [7.004304528131513, 4.830876610367341], [7.004206013696603, 4.830369697603487], [7.004110104597714, 4.829840972682803], [7.004224576602951, 4.828617659077736], [7.004630728425411, 4.827354624216582], [7.005978409276224, 4.824410275313994], [7.004887953416358, 4.824073677058607], [7.005235472139361, 4.823198105208462], [7.005646744701551, 4.822240088909041], [7.005780562023347, 4.82181436873816], [7.005698103184955, 4.82164389774772], [7.004178685098282, 4.821155269100416], [7.002728454554585, 4.820672873654246], [7.002336235928567, 4.820633584972029], [7.00189764555995, 4.820766709815871], [7.001455778061768, 4.820944368188066], [7.001068322245317, 4.820955973039759], [7.000968330224282, 4.820807923047255], [7.00119717800743, 4.820346256074913], [7.001061588121843, 4.819746192432888], [6.99931746632808, 4.82024932534614], [6.997855207351961, 4.82049481958029], [6.996940634602652, 4.820605743760098], [6.995607442729352, 4.82057364875493], [6.994408609569746, 4.820227664275308], [6.994667233905773, 4.819511157314082], [6.99495724637984, 4.818412106633446], [6.995116681789455, 4.817293455228821], [6.995157827571745, 4.816031657834799], [6.992943401716673, 4.815538043346066], [6.992827819048671, 4.815512929777924], [6.989822923289353, 4.81487815590225], [6.987461334173304, 4.814351074042861], [6.984469880580548, 4.81370648586568], [6.983974889229785, 4.813579468317869], [6.983922298675168, 4.81377923022734], [6.983764947894088, 4.813838935318643], [6.982935477090621, 4.813581535859214], [6.982368328635516, 4.813090926904806], [6.980778867750587, 4.811488706438695], [6.978707491657474, 4.809497712649375], [6.977448548711607, 4.808325956277884], [6.976310366730104, 4.807121899855815], [6.976143195352222, 4.804860550973672], [6.975990969807469, 4.802266093205674], [6.976016624767453, 4.799975843710286], [6.975977694015398, 4.798674080444528], [6.975999575420133, 4.797896415087507], [6.975997148149929, 4.797496973106888], [6.975563599380678, 4.797139976428809], [6.975206142249704, 4.796396051836382], [6.973397126276382, 4.794907446321645], [6.971233952784758, 4.795113452224086], [6.971789163639016, 4.793680319591147], [6.974462188878988, 4.789789021446211], [6.974249118801822, 4.789338491678109], [6.972979012571443, 4.783838417908726], [6.968207654959372, 4.780202090154376], [6.961801957594332, 4.778352111860499], [6.960430182107245, 4.77719508908217], [6.957880245277124, 4.774509469736302], [6.960353666888238, 4.774254441789083], [6.963751587066156, 4.771316719990693], [6.96502014826126, 4.768741475338857], [6.964681828703476, 4.764442477638283], [6.965892517625662, 4.764526486008549], [6.979794371812829, 4.765121622265099], [6.985037851915365, 4.764824023110236], [6.988112373187505, 4.761431229967343], [6.988255708034558, 4.761109568551774]]]}}, {"type": "Feature", "properties": {"shapeName": "Obio/Akpor", "shapeISO": "", "shapeID": "59680162B6299894636493", "shapeGroup": "NGA", "shapeType": "ADM2", "lga_name_standard": "Obio-Akpor", "state": "Rivers"}, "geometry": {"type": "Polygon", "coordinates": [[[6.957880245277124, 4.774509469736302], [6.960430182107245, 4.77719508908217], [6.961801957594332, 4.778352111860499], [6.968207654959372, 4.780202090154376], [6.972979012571443, 4.783838417908726], [6.974249118801822, 4.789338491678109], [6.974462188878988, 4.789789021446211], [6.971789163639016, 4.793680319591147], [6.971233952784758, 4.795113452224086], [6.973397126276382, 4.794907446321645], [6.975206142249704, 4.796396051836382], [6.975563599380678, 4.797139976428809], [6.975997148149929, 4.797496973106888], [6.975999575420133, 4.797896415087507], [6.975977694015398, 4.798674080444528], [6.976016624767453, 4.799975843710286], [6.975990969807469, 4.802266093205674], [6.976143195352222, 4.804860550973672], [6.976310366730104, 4.807121899855815], [6.977448548711607, 4.808325956277884], [6.978707491657474, 4.809497712649375], [6.980778867750587, 4.811488706438695], [6.982368328635516, 4.813090926904806], [6.982935477090621, 4.813581535859214], [6.983764947894088, 4.813838935318643], [6.983922298675168, 4.81377923022734], [6.983974889229785, 4.813579468317869], [6.984469880580548, 4.81370648586568], [6.987461334173304, 4.814351074042861], [6.989822923289353, 4.81487815590225], [6.992827819048671, 4.815512929777924], [6.992943401716673, 4.815538043346066], [6.995157827571745, 4.816031657834799], [6.995116681789455, 4.817293455228821], [6.99495724637984, 4.818412106633446], [6.994667233905773, 4.819511157314082], [6.994408609569746, 4.820227664275308], [6.995607442729352, 4.82057364875493], [6.996940634602652, 4.820605743760098], [6.997855207351961, 4.82049481958029], [6.99931746632808, 4.82024932534614], [7.001061588121843, 4.819746192432888], [7.00119717800743, 4.820346256074913], [7.000968330224282, 4.820807923047255], [7.001068322245317, 4.820955973039759], [7.001455778061768, 4.820944368188066], [7.00189764555995, 4.820766709815871], [7.002336235928567, 4.820633584972029], [7.002728454554585, 4.820672873654246], [7.004178685098282, 4.821155269100416], [7.005698103184955, 4.82164389774772], [7.005780562023347, 4.82181436873816], [7.005646744701551, 4.822240088909041], [7.005235472139361, 4.823198105208462], [7.004887953416358, 4.824073677058607], [7.005978409276224, 4.824410275313994], [7.004630728425411, 4.827354624216582], [7.004224576602951, 4.828617659077736], [7.004110104597714, 4.829840972682803], [7.004206013696603, 4.830369697603487], [7.004304528131513, 4.830876610367341], [7.005127152396199, 4.830843983862792], [7.007572071793732, 4.830747016261853], [7.010275702761533, 4.830522585948643], [7.014163805615169, 4.830169216236413], [7.01702223778608, 4.82977213497611], [7.019452992861375, 4.829522027219809], [7.022571595302907, 4.829143287632689], [7.023068974353748, 4.828935448012544], [7.023346522224244, 4.828884386305447], [7.023845413934737, 4.82890541785082], [7.025044433254038, 4.829150982232079], [7.024956812307096, 4.828485718641048], [7.024913638553642, 4.827474288907354], [7.025008311984038, 4.825716330144587], [7.024672247026615, 4.824379803585089], [7.025092532594329, 4.824277351018964], [7.025325578412776, 4.825420394735488], [7.025458874127764, 4.825481242865123], [7.02641207635628, 4.82550806244717], [7.027442303719397, 4.825494640065642], [7.027568013652967, 4.825395142671766], [7.027772827953697, 4.824830911617312], [7.027831761426683, 4.824614155219138], [7.02784159461396, 4.824270257166688], [7.027851276715069, 4.823740727352742], [7.02787208522858, 4.823226477020341], [7.027923751280127, 4.823052075093244], [7.028134217819968, 4.822692380449041], [7.028583770924342, 4.821887430560537], [7.029070151266524, 4.821032873168633], [7.029389629128104, 4.820435330326291], [7.02954332686312, 4.820166252270781], [7.029575447049297, 4.820003530738404], [7.029584645315197, 4.819448204770879], [7.029559976911457, 4.818077339397746], [7.02981394455793, 4.817714192256233], [7.03128434689512, 4.819906678250675], [7.031292651234935, 4.819044217616579], [7.031377845810994, 4.818447574995616], [7.031545946188487, 4.818022001414306], [7.031743845602023, 4.817710467264305], [7.032615884915231, 4.815952547172344], [7.033586570863577, 4.814098099247929], [7.034584628577818, 4.812301804184983], [7.035076037029512, 4.811285518112243], [7.035847884672194, 4.80981906829544], [7.037418236762278, 4.806880844675277], [7.042094277928641, 4.810465626887208], [7.045500795625287, 4.81359914908154], [7.04578802199967, 4.81388180240333], [7.046599345383527, 4.814680204327999], [7.047772493006221, 4.812860204934566], [7.049820303264426, 4.812859603288132], [7.053430800690933, 4.8137084688708], [7.057078951832182, 4.812318171846186], [7.057875993082689, 4.811084591580709], [7.058652510005402, 4.808766410041812], [7.060908110420996, 4.807260141842107], [7.062023653768676, 4.808744993586629], [7.06232163603471, 4.809131229023023], [7.0625471958964, 4.809258019941694], [7.063758631255894, 4.809411819300067], [7.066463673259989, 4.809688151287219], [7.06783267523781, 4.80934968693856], [7.068017089317266, 4.809415752035363], [7.068658022649686, 4.810217474257058], [7.069501790874995, 4.811292102948244], [7.073608261711968, 4.816619389073594], [7.07756101862617, 4.821474718183765], [7.077570465104941, 4.821488669366659], [7.078219665904896, 4.822881790262443], [7.078610013041725, 4.823981116135656], [7.07880208035175, 4.824587715150983], [7.078971526115083, 4.825296584170076], [7.079142366726899, 4.826068569409017], [7.076653860787076, 4.826783784044437], [7.07559081536391, 4.827063682742789], [7.075117611888345, 4.827288856795349], [7.074448171845688, 4.827829967179298], [7.073702981007841, 4.828336259410889], [7.072518842770421, 4.829219765080154], [7.071924352227143, 4.829658681902686], [7.071187668076448, 4.830192100385148], [7.070696727272207, 4.830553004617514], [7.070227604920092, 4.831127257716844], [7.070069492413211, 4.831466180719701], [7.07006636097384, 4.831745585690271], [7.070605297696375, 4.831744847346897], [7.070862741222584, 4.831868410598702], [7.071203145408901, 4.832427100930033], [7.071849639249479, 4.83340567213412], [7.072508877382859, 4.834305512189701], [7.073438001162856, 4.835686324964001], [7.073931601262416, 4.836327663890643], [7.074465624089328, 4.836982051980158], [7.075112951601511, 4.837401675646845], [7.075789418946556, 4.83766789835488], [7.07640152541012, 4.837888324886308], [7.077293801267956, 4.8381012007099], [7.07787889119794, 4.83822824523736], [7.07998199897014, 4.83845371516685], [7.080464278403781, 4.838540982680229], [7.080845115209968, 4.838796925237943], [7.081647305978436, 4.839508788999467], [7.082024594959137, 4.839766346739566], [7.083751356240157, 4.840076565181391], [7.084208441166652, 4.840345973288095], [7.08539980096009, 4.840839533817473], [7.086080341334707, 4.841130277440413], [7.08643694860632, 4.841671277207752], [7.087118659898294, 4.842615083319515], [7.088095679771868, 4.843791150141499], [7.08928748383039, 4.845342874574044], [7.09037432711358, 4.846961445614284], [7.091055764112298, 4.847748266069686], [7.091560243310653, 4.84796112570541], [7.091956612307854, 4.848594761938784], [7.092414424785943, 4.849592511185506], [7.092529775428829, 4.850518445969556], [7.092762084702485, 4.851155096730395], [7.093299765971494, 4.851816702778649], [7.092813515131638, 4.856184744130701], [7.095418724294746, 4.856409766197828], [7.0992220426632, 4.856817653711801], [7.099470907556395, 4.857257117322149], [7.106472644097323, 4.85121499877323], [7.108326099170199, 4.854306256428629], [7.108694937221628, 4.855173779346501], [7.109448695001333, 4.856914922585645], [7.110100548801313, 4.858108476724851], [7.110471250248054, 4.858713787011709], [7.110544003602911, 4.86015904430451], [7.110732518590908, 4.861183367618366], [7.110998735902967, 4.862399581075863], [7.111174541671801, 4.863583748990891], [7.111143612188016, 4.864212087318037], [7.111131342737337, 4.865310266555582], [7.111179461862719, 4.866532543242329], [7.111124926973844, 4.867341029265162], [7.111000420333198, 4.868417945831595], [7.111040888925913, 4.869466939347831], [7.11109406134193, 4.870211946723998], [7.110925783797938, 4.870794449304412], [7.110752452963368, 4.870953801976441], [7.112798782937546, 4.872343714091187], [7.111718698059519, 4.873946482244435], [7.110508966016027, 4.875797808621996], [7.106322132660353, 4.881534556974259], [7.105969782779312, 4.882290906600133], [7.104325455155674, 4.884591745612624], [7.103369107098672, 4.886106364017508], [7.103112778731827, 4.886716765366486], [7.102544545694286, 4.888056644598521], [7.101770563960429, 4.889718945173229], [7.098243586572323, 4.888862758209768], [7.097363387710232, 4.888618943909194], [7.097260105969156, 4.891550697806508], [7.097217471808904, 4.893833821973374], [7.097200533977514, 4.894952439203735], [7.097095083071679, 4.895642032154115], [7.096953956959567, 4.896172810227085], [7.096629426706727, 4.896817699677172], [7.096402834423316, 4.897400818293193], [7.095917806661475, 4.898405689271215], [7.095357699897988, 4.899629585636944], [7.094543049921867, 4.901227431800578], [7.094181737397321, 4.901686425088485], [7.093671487249367, 4.902045137672985], [7.09308348621397, 4.902295443280138], [7.091265944667668, 4.902281614405013], [7.088903279962437, 4.901851511837833], [7.087647603354242, 4.90172424967443], [7.082936703566077, 4.902253119385989], [7.079867910076018, 4.903622529656047], [7.080299493826601, 4.904424901188293], [7.08191073809013, 4.907810616666666], [7.082059350158943, 4.908235051706299], [7.082105218281242, 4.908523617171227], [7.082029900059865, 4.909402377118056], [7.081953802126293, 4.909889736821924], [7.081876689757451, 4.910531885138425], [7.081823879768308, 4.911179351146188], [7.081686927409805, 4.912348636180639], [7.081579568142615, 4.913637999594073], [7.081534525597931, 4.914587511004868], [7.081583458609771, 4.91576361739709], [7.081573215331673, 4.917462005966854], [7.081584597151505, 4.918433476124051], [7.081693345871258, 4.920255231893464], [7.081867972628856, 4.921201997674075], [7.082051032329332, 4.921819751880093], [7.081135027859318, 4.922002845754776], [7.077169074293408, 4.922644346559366], [7.072922026830099, 4.923395603324479], [7.063447582739798, 4.924952507852026], [7.061185016175614, 4.924650267296045], [7.054473103251155, 4.923985391312783], [7.048712290839603, 4.923432932383946], [7.042928579890088, 4.922757162912774], [7.038860752022117, 4.922330762854472], [7.035688084137803, 4.920847120698113], [7.033134634555779, 4.919789946049207], [7.03108571183617, 4.918996509281499], [7.031815667259309, 4.92436408503454], [7.032083620262938, 4.926117440167786], [7.032116380766411, 4.926508573312049], [7.032158628218156, 4.928063355439576], [7.031976554174662, 4.929031196832341], [7.031485863381931, 4.931200099904743], [7.031480348739137, 4.931229919625139], [7.031128040226918, 4.932291912841549], [7.030596286389539, 4.933509854796], [7.029052666647317, 4.936531192860286], [7.028004437554785, 4.938660280247802], [7.027882639672157, 4.93860863128333], [7.027658925219271, 4.93866996324823], [7.027308087997937, 4.938913713696991], [7.027292845388558, 4.938919032287572], [7.027019318386863, 4.939145849401484], [7.026829574025669, 4.939174662780488], [7.02658324342201, 4.939008690198932], [7.025966408323143, 4.9384079205891], [7.024039669295348, 4.936093830066227], [7.021527187429797, 4.933170338240586], [7.020431349127534, 4.931922594552134], [7.020086704637777, 4.931902272571847], [7.018883337096383, 4.93201315628221], [7.013258146046667, 4.932544332754787], [7.011416407341358, 4.932720184389041], [7.010541017154253, 4.932805530950532], [7.0099866966288, 4.932831612189204], [7.00970021399371, 4.932928002425399], [7.009309239130118, 4.933103860354947], [7.008627091666995, 4.933500054883666], [7.007339238215309, 4.934168047017806], [7.005567589972372, 4.93513043222373], [7.00516155955836, 4.934493585410678], [6.999354191942473, 4.927262314903942], [6.998198813124759, 4.928149668772221], [6.99765501376794, 4.927454419086246], [6.997232692135071, 4.927169271045045], [6.996425263715025, 4.926540280709446], [6.995717489170829, 4.925779972267947], [6.995194004599682, 4.925227846987582], [6.995094125893218, 4.925086147108061], [6.995069718292939, 4.924719541173943], [6.994999950687202, 4.924560211884341], [6.994417672037969, 4.924816532157308], [6.993292945712938, 4.92543708055689], [6.991790905226139, 4.926233219787321], [6.990552676364985, 4.926917378134533], [6.988967159007245, 4.927778362081767], [6.988004464434539, 4.928331689755737], [6.982788001764902, 4.93143703259301], [6.981592325225677, 4.932155286037641], [6.980699543948845, 4.932753385560318], [6.979626757069241, 4.933442763572714], [6.979124327425836, 4.933678324794926], [6.978499405623097, 4.933780435618644], [6.977430248407302, 4.934006437047458], [6.976389418936606, 4.934192217197108], [6.975606054575792, 4.934363564127239], [6.973632057073814, 4.934741972763902], [6.972942593625817, 4.934920346996478], [6.972605081659253, 4.935116109620822], [6.972024860658848, 4.935580944904757], [6.971606353050788, 4.935999946240599], [6.971198258692709, 4.936337344892593], [6.970929098798933, 4.936512808919019], [6.970552100299244, 4.936612827919703], [6.970244081599162, 4.936621891287302], [6.969700204001242, 4.936580943355921], [6.968683175987849, 4.936379163367747], [6.967557777869217, 4.936114902081101], [6.967332539065467, 4.936049247075118], [6.966837820209264, 4.936044855685566], [6.96606534124254, 4.936148604174775], [6.964548557270177, 4.936260833270865], [6.963225149121399, 4.936440883839794], [6.959278799876756, 4.936844695626235], [6.961697279206135, 4.933448920331443], [6.961749592769536, 4.932786531872978], [6.96170139720175, 4.932184717250948], [6.96169835479526, 4.931175149113869], [6.961553902090941, 4.930114680248323], [6.961133487020845, 4.929347962338625], [6.960142264154229, 4.927487159804627], [6.959759821158855, 4.926316638202366], [6.959743942728835, 4.924830766626599], [6.959946469154261, 4.923190758446765], [6.960791685288086, 4.920448629300836], [6.961308349400838, 4.91875662771622], [6.962386187772381, 4.915714497326235], [6.963468395949747, 4.910110147165597], [6.962290018769409, 4.909981277014367], [6.960010287744637, 4.909869481391524], [6.957077285588298, 4.910149455632904], [6.957107697062611, 4.910337077594079], [6.956596791308925, 4.911887331635114], [6.955828176729028, 4.914203622798993], [6.955262882675925, 4.915896300673808], [6.954747413762163, 4.917492262757776], [6.952952659237894, 4.91761397160758], [6.953032644940663, 4.916879427843355], [6.950852194573145, 4.915879795416288], [6.948531619039045, 4.914850570797228], [6.945897410337238, 4.9137327395743], [6.941105692074075, 4.911650327001041], [6.941655578941891, 4.910290076326021], [6.939698475204523, 4.910427230132598], [6.937275379655091, 4.9106712027139], [6.936193181370299, 4.910812725426979], [6.934838469619706, 4.910981530873016], [6.934628753114509, 4.910883004746893], [6.932722290201582, 4.912478601706141], [6.931221849608733, 4.913487587981876], [6.929829408600369, 4.914582580921433], [6.926984636232021, 4.916327780103018], [6.924063169679584, 4.917486946865154], [6.923830268652011, 4.917386658967189], [6.923262882775873, 4.917523995336182], [6.922090066103692, 4.918914578345152], [6.920886426967058, 4.920524192137805], [6.920805256857193, 4.920718139930273], [6.920768936837021, 4.921162238646446], [6.920844845912939, 4.921487015313573], [6.920950295919454, 4.921751030185931], [6.920404787850714, 4.922591952056962], [6.919693951114994, 4.922012702324423], [6.919311836372174, 4.921739378569498], [6.919113870408864, 4.921457346679233], [6.918973763228621, 4.921060539712187], [6.918987461702045, 4.920504025740229], [6.918927261084264, 4.920088172930889], [6.918758423262659, 4.91954201195432], [6.918381209825043, 4.918666941026572], [6.918113299988875, 4.917999330204964], [6.917826209412056, 4.917533192702706], [6.917286298723752, 4.916904039589781], [6.916953670975204, 4.916594516323926], [6.916445392141156, 4.916213771248579], [6.915534706261724, 4.915660822189238], [6.915170458350019, 4.915395075222591], [6.914517564034384, 4.914665485823548], [6.913489572385913, 4.913512901199454], [6.912719449642907, 4.912646137309423], [6.912009396216718, 4.911816620640593], [6.910984672704558, 4.910697890994925], [6.91041665820228, 4.910026020984105], [6.910014020930362, 4.909420461585057], [6.909212778946653, 4.907770636405814], [6.907625924297008, 4.905237084324028], [6.906099796368551, 4.902761691399007], [6.905932391166971, 4.903399972630666], [6.905542720320341, 4.903791359383774], [6.904998232082789, 4.903985166881967], [6.903663553630167, 4.904103062606282], [6.903129241221563, 4.904218266659711], [6.902150982981539, 4.904816653066121], [6.901794321750572, 4.905304172849355], [6.899781041861615, 4.904437337013519], [6.899056645148107, 4.904247741040479], [6.89902574714057, 4.903888629156938], [6.897466555637095, 4.900511632605799], [6.899932654068778, 4.897240253335099], [6.90010187680025, 4.893650079687461], [6.897965920390959, 4.889055632211694], [6.894733238947879, 4.88819464466718], [6.891383984683216, 4.885180725110445], [6.892908725857069, 4.884419195389626], [6.89851582344653, 4.875107309155055], [6.902724482448946, 4.870607097139896], [6.902724325067595, 4.870525579891648], [6.903795869084149, 4.863212859585872], [6.902795631413312, 4.860441862202208], [6.902635514317581, 4.855007600820159], [6.908563632105995, 4.849706925634166], [6.913121234357504, 4.848112851227143], [6.920706333230726, 4.847757639703332], [6.92409801661023, 4.84299933395215], [6.924786968343938, 4.839796376901347], [6.923626397740122, 4.834857390156458], [6.920236331341641, 4.829773596374423], [6.921545093131613, 4.824877018059965], [6.931541286101549, 4.820144253954197], [6.928841733559182, 4.811254913283676], [6.923979049793388, 4.809591881560152], [6.920328867982903, 4.807421160058539], [6.918856744343316, 4.803976161270896], [6.921303518142906, 4.799536023968358], [6.926443629270125, 4.789355234356606], [6.928739302576787, 4.783805980261832], [6.929063274350654, 4.781698499985851], [6.932197012382289, 4.784923728747117], [6.935278349616169, 4.785509637959478], [6.937019618760473, 4.785047730868143], [6.937091765972298, 4.785069908149808], [6.942020362849519, 4.789950754623703], [6.942993886158945, 4.789076941847441], [6.945052240968209, 4.782955000373022], [6.947376001001714, 4.774856260907768], [6.949610381014338, 4.77313398364646], [6.955143062402442, 4.774246557432718], [6.957880245277124, 4.774509469736302]]]}}, {"type": "Feature", "properties": {"shapeName": "Okrika", "shapeISO": "", "shapeID": "59680162B90615098764032", "shapeGroup": "NGA", "shapeType": "ADM2", "lga_name_standard": "Okrika", "state": "Rivers"}, "geometry": {"type": "Polygon", "coordinates": [[[6.983824241995194, 4.617081009680874], [6.998258339250981, 4.606652048553258], [6.993949163922821, 4.58989488464124], [6.99750037174482, 4.56377479527066], [7.002679544025796, 4.548678856344168], [7.008234614036269, 4.536502506185741], [7.009428323758186, 4.530700562381071], [7.00832451836186, 4.526917630744094], [7.007310089389136, 4.512759116340192], [7.014221539392565, 4.480758107400789], [7.015878792971989, 4.468389999299063], [7.019041946029063, 4.460712202805951], [7.022091935594403, 4.453404758822614], [7.021380826364066, 4.44669768515007], [7.024137982282127, 4.441202241090593], [7.034162092006966, 4.437805123107978], [7.044444084127235, 4.436388014595252], [7.067277678422158, 4.440621665757305], [7.075081576053947, 4.446326462995899], [7.094134457339408, 4.45304666497168], [7.103698333611248, 4.451491124715687], [7.158905853322494, 4.463628911944795], [7.170017503305189, 4.486531211746069], [7.177379403037094, 4.515041003939245], [7.177115221790075, 4.529487835595205], [7.165950110709105, 4.548644314283706], [7.176353390796407, 4.571148766602334], [7.176110268074467, 4.584444046055921], [7.171173625862195, 4.599898041061806], [7.169721602969673, 4.604443550129758], [7.157298075945505, 4.629369385688619], [7.150220917761203, 4.640579460174024], [7.145461727976397, 4.645001048959273], [7.129156405044114, 4.656489597616883], [7.104802321569935, 4.666491962634041], [7.095793138142881, 4.668422442841518], [7.092124762148103, 4.676237978599886], [7.083538115291844, 4.684146329789314], [7.078708219908492, 4.702666244051954], [7.081368702303791, 4.713988555727326], [7.081893260665481, 4.71886433362215], [7.081787627197286, 4.721914411321052], [7.085702707014377, 4.723166614747527], [7.088006853733361, 4.718719086816463], [7.089010058267604, 4.711588528687685], [7.088694934024034, 4.706246693330286], [7.088784475922864, 4.701060312083769], [7.091352909109503, 4.692871989350863], [7.096840160345153, 4.686089101930577], [7.102399169386217, 4.678520317658581], [7.108230539008218, 4.673954392181486], [7.123408985336425, 4.669721722179759], [7.125198336733888, 4.673113339009433], [7.125098502094261, 4.677680830206214], [7.120293228349851, 4.680965355766602], [7.118722800716739, 4.686632455223673], [7.11987226109602, 4.689458235709083], [7.122508209985938, 4.693855360236739], [7.122201590630937, 4.702070316392053], [7.116112462720025, 4.708536868181966], [7.115155402399921, 4.714634729409283], [7.116669662874699, 4.717281883851911], [7.11800950793247, 4.719833982652233], [7.118014309412899, 4.723954256283946], [7.116160393887128, 4.725141883890899], [7.113799610563603, 4.725874112800113], [7.11405390466399, 4.727755125798467], [7.115597190757796, 4.728553918928242], [7.115819340390317, 4.72986609814194], [7.118374451020145, 4.730937554924253], [7.119397142064486, 4.731606172986517], [7.120291907245758, 4.732232834977424], [7.120704105210336, 4.73240433389293], [7.121260075991756, 4.732009867861166], [7.121521365019021, 4.731697027895564], [7.124596827881362, 4.732820640859927], [7.129071955106667, 4.734461728226222], [7.130172370958178, 4.73486035272316], [7.130273860350428, 4.734846615578874], [7.130801119376201, 4.733546532246692], [7.131220476843566, 4.733679763210546], [7.137158486275155, 4.733505732703463], [7.137784082569397, 4.733491306678502], [7.13841121040906, 4.733664174362218], [7.139335153194793, 4.734162449137784], [7.136281237189394, 4.739998485341857], [7.130970531864591, 4.749455307216692], [7.127648617889463, 4.754597613589056], [7.121943181232893, 4.764116895178631], [7.120690315905392, 4.765450595168886], [7.11962577760761, 4.766599150830189], [7.11901708856783, 4.767566672064333], [7.118478037631405, 4.767229232942782], [7.118263483672877, 4.767055861638767], [7.117482186853465, 4.766427346145178], [7.115922140994087, 4.764765529405679], [7.113163949057025, 4.762143785307501], [7.104343991981693, 4.771309788016367], [7.100875893207956, 4.767903191179357], [7.097246757332016, 4.764526854730605], [7.091637802642538, 4.770966074324917], [7.090035788121156, 4.771845236268689], [7.094706995431523, 4.782456687825913], [7.095858800343422, 4.78447513162206], [7.092077654760033, 4.792532253161028], [7.089206499880106, 4.794560934839296], [7.075367010079503, 4.806861300608603], [7.077195494576472, 4.812746212267939], [7.07814310302183, 4.814763253121669], [7.073608261711968, 4.816619389073594], [7.069501790874995, 4.811292102948244], [7.068658022649686, 4.810217474257058], [7.068017089317266, 4.809415752035363], [7.06783267523781, 4.80934968693856], [7.066463673259989, 4.809688151287219], [7.063758631255894, 4.809411819300067], [7.0625471958964, 4.809258019941694], [7.06232163603471, 4.809131229023023], [7.062023653768676, 4.808744993586629], [7.060908110420996, 4.807260141842107], [7.068897900617685, 4.802396338420351], [7.069483888970353, 4.795053570865662], [7.062478896883647, 4.791144675686269], [7.061384755602035, 4.785954222309556], [7.066153501582903, 4.781401085191987], [7.068110128679564, 4.779938110355545], [7.06953269517777, 4.776636773768132], [7.069121596184743, 4.774729335990116], [7.068218853117628, 4.77200519598307], [7.063346150004861, 4.770346570937534], [7.058264349120464, 4.768725023141371], [7.055811028256414, 4.766081534335399], [7.055598890776253, 4.763287872237584], [7.053969871412505, 4.757021718177782], [7.054881392762127, 4.753160870178078], [7.045899511853065, 4.7514625193798], [7.04352686377382, 4.750441810441259], [7.044748438989302, 4.748000503620403], [7.043108233857936, 4.747262281629048], [7.043010384921388, 4.748771769401685], [7.042775157347705, 4.74889719964608], [7.041530500132524, 4.748899473132212], [7.039926431559593, 4.748735967391042], [7.03867401499383, 4.748931393668954], [7.038944090397479, 4.750113369036796], [7.039050428034898, 4.750736781777107], [7.038538908044245, 4.751362701827304], [7.037720496203974, 4.752058861627233], [7.036127893087837, 4.752533945585185], [7.03561406183951, 4.753761839437402], [7.033262859893114, 4.754758291861719], [7.03074163302, 4.755393804080825], [7.02773397274467, 4.756098645935822], [7.025004038405712, 4.75580431761523], [7.012799207617377, 4.749895325708735], [7.01153509896568, 4.747409454782542], [7.012206426685282, 4.738589209924157], [7.010190758196984, 4.735027981855922], [7.006603108946365, 4.73576748088459], [7.002597372970456, 4.743406846648725], [6.997975783955326, 4.754653149423348], [6.988868899979821, 4.760770918043477], [6.988255708034558, 4.761109568551774], [6.983168141596479, 4.748772380940693], [6.983068170259912, 4.745627860937077], [6.984783174703807, 4.736631501842396], [6.985631175138678, 4.728938284674143], [6.986641220815727, 4.717514536666556], [6.986665441357104, 4.717239870223864], [6.985167963131062, 4.703761829644748], [6.972563379196629, 4.70566417456206], [6.964152701785792, 4.685402927303301], [6.973373132364202, 4.667191089297376], [6.984558101375342, 4.636911449303966], [6.983824241995194, 4.617081009680874]]]}}, {"type": "Feature", "properties": {"shapeName": "Ogu Bolo", "shapeISO": "", "shapeID": "59680162B82820769085578", "shapeGroup": "NGA", "shapeType": "ADM2", "lga_name_standard": "Ogu-Bolo", "state": "Rivers"}, "geometry": {"type": "Polygon", "coordinates": [[[7.282056483619897, 4.5600519896077], [7.27976409733526, 4.561880464212095], [7.270287479583544, 4.57374388267408], [7.247973483889211, 4.597701315663244], [7.247210940632442, 4.606890294251741], [7.242705434308391, 4.614893543702124], [7.235528502638317, 4.624965088168324], [7.235242897741614, 4.626663689877432], [7.246468264298983, 4.648111819205155], [7.245287399593849, 4.652406473180235], [7.245740689381364, 4.658602176149543], [7.244387859911853, 4.666766166825198], [7.244278753261881, 4.668483993341681], [7.234389499575798, 4.675768524397938], [7.231324939194621, 4.678232042674665], [7.227187019965072, 4.682656997622416], [7.231023579974305, 4.690155704921892], [7.234001387254239, 4.695414585914477], [7.232868915068423, 4.696617903993115], [7.228700542096362, 4.699104497974247], [7.226889595278635, 4.70050039417788], [7.225907985265337, 4.701930763194241], [7.214414424686026, 4.710399373132589], [7.21545318841396, 4.711191117376188], [7.216055369060086, 4.712086655974417], [7.215849787637637, 4.713132341784217], [7.214949368418672, 4.713754277837722], [7.214813905337508, 4.714486712691667], [7.215211644002238, 4.71495119094476], [7.216938257794425, 4.715250113901675], [7.21750833264349, 4.715499673970839], [7.218652460942394, 4.715722741811135], [7.219046603218203, 4.716332894047866], [7.219762755846546, 4.715036060865543], [7.220537107201778, 4.715543543799527], [7.221904599217908, 4.716625902163685], [7.22254284627536, 4.718165976778437], [7.22252818822534, 4.719178391269793], [7.223274158775439, 4.720154929106741], [7.214861010926938, 4.727841077603671], [7.211511420315844, 4.730975068344776], [7.210602908097769, 4.730402237972953], [7.208856106324276, 4.732605469966529], [7.207444921645845, 4.733309082448272], [7.205755716053488, 4.734043781795151], [7.203108153318681, 4.734296095588377], [7.199031337626195, 4.733140275203596], [7.196826969788901, 4.733461475266893], [7.194937209984289, 4.735744395287668], [7.19272518711773, 4.738011151793273], [7.189702509962899, 4.741211336234244], [7.175909909015161, 4.730700958582418], [7.177074905182792, 4.723415181965152], [7.167380219821325, 4.723183120904366], [7.166275735436898, 4.718930753951156], [7.164773144565004, 4.71833235585359], [7.159962063898206, 4.720287780556703], [7.15898730761819, 4.72037645460972], [7.158258432280888, 4.720188425255685], [7.156802598960837, 4.719643265224533], [7.154376389059166, 4.71793878824451], [7.152360236735603, 4.715395262681284], [7.151497583646631, 4.711713967925334], [7.152942820255021, 4.707999365878095], [7.150863475269205, 4.70253592059629], [7.1456854972879, 4.698341698410729], [7.139529450823545, 4.693547809184111], [7.137846881328585, 4.69623825699], [7.136429729648341, 4.696237735383249], [7.13528638106169, 4.695395879116575], [7.133886269735626, 4.696346103689791], [7.133203461270796, 4.69652261902371], [7.134966304251577, 4.699206417242408], [7.135401607598169, 4.700918302837465], [7.134445041905224, 4.703099574286], [7.13154815112631, 4.703997576127279], [7.129075207055223, 4.703523859138841], [7.122201590630937, 4.702070316392053], [7.122508209985938, 4.693855360236739], [7.11987226109602, 4.689458235709083], [7.118722800716739, 4.686632455223673], [7.120293228349851, 4.680965355766602], [7.125098502094261, 4.677680830206214], [7.125198336733888, 4.673113339009433], [7.123408985336425, 4.669721722179759], [7.144192373579244, 4.664946521764591], [7.152780442263634, 4.659988713108646], [7.168410442687843, 4.631669274117769], [7.190276745975098, 4.609984379375646], [7.206548123996754, 4.564556137056115], [7.216747768794562, 4.54484232331464], [7.237195332198894, 4.538425797212824], [7.247189068220962, 4.530430808035419], [7.251139137960877, 4.521684225746469], [7.255184057398367, 4.51272761758554], [7.262322439628917, 4.5018772764152], [7.28158416327858, 4.55672850811419], [7.282056483619897, 4.5600519896077]]]}}, {"type": "Feature", "properties": {"shapeName": "Eleme", "shapeISO": "", "shapeID": "59680162B65190975434062", "shapeGroup": "NGA", "shapeType": "ADM2", "lga_name_standard": "Eleme", "state": "Rivers"}, "geometry": {"type": "Polygon", "coordinates": [[[7.122201590630937, 4.702070316392053], [7.129075207055223, 4.703523859138841], [7.13154815112631, 4.703997576127279], [7.134445041905224, 4.703099574286], [7.135401607598169, 4.700918302837465], [7.134966304251577, 4.699206417242408], [7.133203461270796, 4.69652261902371], [7.133886269735626, 4.696346103689791], [7.13528638106169, 4.695395879116575], [7.136429729648341, 4.696237735383249], [7.137846881328585, 4.69623825699], [7.139529450823545, 4.693547809184111], [7.1456854972879, 4.698341698410729], [7.150863475269205, 4.70253592059629], [7.152942820255021, 4.707999365878095], [7.151497583646631, 4.711713967925334], [7.152360236735603, 4.715395262681284], [7.154376389059166, 4.71793878824451], [7.156802598960837, 4.719643265224533], [7.158258432280888, 4.720188425255685], [7.15898730761819, 4.72037645460972], [7.159962063898206, 4.720287780556703], [7.164773144565004, 4.71833235585359], [7.166275735436898, 4.718930753951156], [7.167380219821325, 4.723183120904366], [7.177074905182792, 4.723415181965152], [7.175909909015161, 4.730700958582418], [7.189702509962899, 4.741211336234244], [7.187735690849479, 4.744438800710157], [7.189561653647445, 4.748286890927318], [7.190109213069775, 4.750384067670609], [7.189665478579002, 4.753155443668845], [7.189068775703504, 4.756882202751513], [7.187552378439534, 4.767618428048081], [7.187213265679702, 4.772580438336604], [7.187987738443439, 4.785197877180337], [7.187727554682965, 4.795596316217086], [7.184739290985533, 4.807544002953421], [7.148449021305339, 4.793943142861792], [7.168266149163514, 4.820421898951508], [7.169317822659423, 4.826168995802561], [7.170530421741603, 4.835256607306633], [7.171311116015261, 4.849021064870271], [7.171618000670264, 4.850782145179892], [7.17102442923408, 4.850921359333313], [7.169459039603055, 4.851875969000844], [7.168498401779857, 4.852386818097216], [7.167178846326749, 4.853186102256871], [7.166524070629407, 4.853560381206648], [7.165360497189226, 4.854233727904273], [7.164625879680671, 4.854657356252062], [7.165346384128384, 4.855793066896581], [7.165676222179968, 4.856702338142441], [7.165820093022944, 4.857197736886121], [7.164138704337802, 4.856868977121621], [7.162996897189089, 4.856791057161615], [7.162461688156441, 4.856790604802597], [7.161982629195052, 4.856903343814338], [7.161806842311989, 4.856952099659736], [7.161297277447431, 4.857251706101408], [7.160418510306044, 4.858161923434068], [7.158967334574868, 4.859683963943837], [7.158519470397266, 4.859280877010917], [7.157973833725521, 4.858765247118527], [7.157337724356523, 4.858197541983031], [7.156796008728861, 4.857830159933997], [7.155990914948802, 4.857586031769983], [7.15545309788223, 4.857443854350436], [7.154298936746557, 4.85728798115548], [7.15011158628073, 4.856543444124668], [7.145618767592111, 4.855647373127795], [7.135348776924559, 4.853844260304413], [7.134611501020004, 4.851438313927076], [7.133645818899481, 4.849852622100855], [7.129236084977379, 4.842767844860191], [7.127149208169442, 4.833465359238971], [7.118624907713354, 4.840721521181308], [7.106472644097323, 4.85121499877323], [7.099470907556395, 4.857257117322149], [7.0992220426632, 4.856817653711801], [7.095418724294746, 4.856409766197828], [7.092813515131638, 4.856184744130701], [7.093299765971494, 4.851816702778649], [7.092762084702485, 4.851155096730395], [7.092529775428829, 4.850518445969556], [7.092414424785943, 4.849592511185506], [7.091956612307854, 4.848594761938784], [7.091560243310653, 4.84796112570541], [7.091055764112298, 4.847748266069686], [7.09037432711358, 4.846961445614284], [7.08928748383039, 4.845342874574044], [7.088095679771868, 4.843791150141499], [7.087118659898294, 4.842615083319515], [7.08643694860632, 4.841671277207752], [7.086080341334707, 4.841130277440413], [7.08539980096009, 4.840839533817473], [7.084208441166652, 4.840345973288095], [7.083751356240157, 4.840076565181391], [7.082024594959137, 4.839766346739566], [7.081647305978436, 4.839508788999467], [7.080845115209968, 4.838796925237943], [7.080464278403781, 4.838540982680229], [7.07998199897014, 4.83845371516685], [7.07787889119794, 4.83822824523736], [7.077293801267956, 4.8381012007099], [7.07640152541012, 4.837888324886308], [7.075789418946556, 4.83766789835488], [7.075112951601511, 4.837401675646845], [7.074465624089328, 4.836982051980158], [7.073931601262416, 4.836327663890643], [7.073438001162856, 4.835686324964001], [7.072508877382859, 4.834305512189701], [7.071849639249479, 4.83340567213412], [7.071203145408901, 4.832427100930033], [7.070862741222584, 4.831868410598702], [7.070605297696375, 4.831744847346897], [7.07006636097384, 4.831745585690271], [7.070069492413211, 4.831466180719701], [7.070227604920092, 4.831127257716844], [7.070696727272207, 4.830553004617514], [7.071187668076448, 4.830192100385148], [7.071924352227143, 4.829658681902686], [7.072518842770421, 4.829219765080154], [7.073702981007841, 4.828336259410889], [7.074448171845688, 4.827829967179298], [7.075117611888345, 4.827288856795349], [7.07559081536391, 4.827063682742789], [7.076653860787076, 4.826783784044437], [7.079142366726899, 4.826068569409017], [7.078971526115083, 4.825296584170076], [7.07880208035175, 4.824587715150983], [7.078610013041725, 4.823981116135656], [7.078219665904896, 4.822881790262443], [7.077570465104941, 4.821488669366659], [7.07756101862617, 4.821474718183765], [7.073608261711968, 4.816619389073594], [7.07814310302183, 4.814763253121669], [7.077195494576472, 4.812746212267939], [7.075367010079503, 4.806861300608603], [7.089206499880106, 4.794560934839296], [7.092077654760033, 4.792532253161028], [7.095858800343422, 4.78447513162206], [7.094706995431523, 4.782456687825913], [7.090035788121156, 4.771845236268689], [7.091637802642538, 4.770966074324917], [7.097246757332016, 4.764526854730605], [7.100875893207956, 4.767903191179357], [7.104343991981693, 4.771309788016367], [7.113163949057025, 4.762143785307501], [7.115922140994087, 4.764765529405679], [7.117482186853465, 4.766427346145178], [7.118263483672877, 4.767055861638767], [7.118478037631405, 4.767229232942782], [7.11901708856783, 4.767566672064333], [7.11962577760761, 4.766599150830189], [7.120690315905392, 4.765450595168886], [7.121943181232893, 4.764116895178631], [7.127648617889463, 4.754597613589056], [7.130970531864591, 4.749455307216692], [7.136281237189394, 4.739998485341857], [7.139335153194793, 4.734162449137784], [7.13841121040906, 4.733664174362218], [7.137784082569397, 4.733491306678502], [7.137158486275155, 4.733505732703463], [7.131220476843566, 4.733679763210546], [7.130801119376201, 4.733546532246692], [7.130273860350428, 4.734846615578874], [7.130172370958178, 4.73486035272316], [7.129071955106667, 4.734461728226222], [7.124596827881362, 4.732820640859927], [7.121521365019021, 4.731697027895564], [7.121260075991756, 4.732009867861166], [7.120704105210336, 4.73240433389293], [7.120291907245758, 4.732232834977424], [7.119397142064486, 4.731606172986517], [7.118374451020145, 4.730937554924253], [7.115819340390317, 4.72986609814194], [7.115597190757796, 4.728553918928242], [7.11405390466399, 4.727755125798467], [7.113799610563603, 4.725874112800113], [7.116160393887128, 4.725141883890899], [7.118014309412899, 4.723954256283946], [7.11800950793247, 4.719833982652233], [7.116669662874699, 4.717281883851911], [7.115155402399921, 4.714634729409283], [7.116112462720025, 4.708536868181966], [7.122201590630937, 4.702070316392053]]]}}, {"type": "Feature", "properties": {"shapeName": "Tai", "shapeISO": "", "shapeID": "59680162B30773772502776", "shapeGroup": "NGA", "shapeType": "ADM2", "lga_name_standard": "Tai", "state": "Rivers"}, "geometry": {"type": "Polygon", "coordinates": [[[7.234001387254239, 4.695414585914477], [7.237763863811324, 4.695241027551447], [7.253247771167764, 4.698859436313967], [7.255404758223051, 4.696506685735017], [7.271231427788223, 4.694819199646417], [7.279001197047648, 4.694643767096238], [7.283719429008499, 4.695542218598575], [7.290288329043221, 4.702626958967016], [7.291033129575339, 4.703078850308771], [7.291414087789974, 4.703141324412627], [7.297578324380197, 4.703385684601699], [7.314784537776234, 4.703661328607495], [7.316313208987481, 4.703659035336273], [7.319039034324021, 4.702694725581182], [7.322768566016578, 4.704632639584702], [7.330394927583882, 4.709138809608419], [7.331904843433847, 4.710089666405054], [7.34285918220553, 4.722360139608782], [7.343050423038619, 4.722600068838176], [7.344150042990123, 4.724281257873827], [7.341205667107886, 4.733226682065776], [7.328035816100055, 4.759511749367789], [7.327223611380589, 4.762598008591283], [7.323828126566809, 4.762734681260554], [7.307855085144126, 4.763085841338579], [7.307450974782682, 4.763197398641069], [7.298975360024883, 4.774609282792198], [7.292483907806172, 4.780098846184842], [7.289782577304152, 4.789750222894497], [7.260130655105684, 4.790745522388022], [7.256342226812365, 4.793172517397807], [7.256062981921104, 4.793338641065475], [7.254379663290877, 4.794935817234204], [7.254162974341853, 4.796985391962323], [7.253245160435881, 4.809028494069821], [7.250559024879124, 4.822666148124313], [7.247093380355295, 4.824041894118182], [7.238920340701213, 4.826293792024956], [7.232198592790894, 4.829792794202149], [7.232160671078134, 4.829758577696225], [7.23208744018325, 4.829692503606225], [7.224649882286315, 4.818241030399292], [7.216969982278897, 4.823958478401096], [7.204926065385678, 4.822046251733184], [7.184739290985533, 4.807544002953421], [7.187727554682965, 4.795596316217086], [7.187987738443439, 4.785197877180337], [7.187213265679702, 4.772580438336604], [7.187552378439534, 4.767618428048081], [7.189068775703504, 4.756882202751513], [7.189665478579002, 4.753155443668845], [7.190109213069775, 4.750384067670609], [7.189561653647445, 4.748286890927318], [7.187735690849479, 4.744438800710157], [7.189702509962899, 4.741211336234244], [7.19272518711773, 4.738011151793273], [7.194937209984289, 4.735744395287668], [7.196826969788901, 4.733461475266893], [7.199031337626195, 4.733140275203596], [7.203108153318681, 4.734296095588377], [7.205755716053488, 4.734043781795151], [7.207444921645845, 4.733309082448272], [7.208856106324276, 4.732605469966529], [7.210602908097769, 4.730402237972953], [7.211511420315844, 4.730975068344776], [7.214861010926938, 4.727841077603671], [7.223274158775439, 4.720154929106741], [7.22252818822534, 4.719178391269793], [7.22254284627536, 4.718165976778437], [7.221904599217908, 4.716625902163685], [7.220537107201778, 4.715543543799527], [7.219762755846546, 4.715036060865543], [7.219046603218203, 4.716332894047866], [7.218652460942394, 4.715722741811135], [7.21750833264349, 4.715499673970839], [7.216938257794425, 4.715250113901675], [7.215211644002238, 4.71495119094476], [7.214813905337508, 4.714486712691667], [7.214949368418672, 4.713754277837722], [7.215849787637637, 4.713132341784217], [7.216055369060086, 4.712086655974417], [7.21545318841396, 4.711191117376188], [7.214414424686026, 4.710399373132589], [7.225907985265337, 4.701930763194241], [7.226889595278635, 4.70050039417788], [7.228700542096362, 4.699104497974247], [7.232868915068423, 4.696617903993115], [7.234001387254239, 4.695414585914477]]]}}, {"type": "Feature", "properties": {"shapeName": "Gokana", "shapeISO": "", "shapeID": "59680162B60219664923389", "shapeGroup": "NGA", "shapeType": "ADM2", "lga_name_standard": "Gokana", "state": "Rivers"}, "geometry": {"type": "Polygon", "coordinates": [[[7.305000039820015, 4.593529190719607], [7.30394993923835, 4.597974982059839], [7.311882000154242, 4.612252000129729], [7.312295000314066, 4.612653000635532], [7.315601999932426, 4.617434000778587], [7.318721999920399, 4.624985000057734], [7.320692999981986, 4.632783999981655], [7.320528999613714, 4.636935000749759], [7.323168999949417, 4.643110999573025], [7.325101000011216, 4.64860800035899], [7.328159999884122, 4.652244000760049], [7.330523000036465, 4.65566000000905], [7.334020000322823, 4.657905000115704], [7.336505510620839, 4.657809076627643], [7.338587539183607, 4.657809076627643], [7.340372134966117, 4.657660360237458], [7.342305447138699, 4.657660360237458], [7.344536192091653, 4.657809076627643], [7.346320787874106, 4.657809076627643], [7.348254100046745, 4.657511643847329], [7.357339760921263, 4.657823042199709], [7.35518935240674, 4.66719265771502], [7.355646903182105, 4.66941901397638], [7.356390871841313, 4.675415366026357], [7.355574254148564, 4.679693138827361], [7.356834637808333, 4.681980031153557], [7.358050739749899, 4.683090702873699], [7.36095738367635, 4.688117580362075], [7.358640392839902, 4.690760677063622], [7.355303181396778, 4.69361617834403], [7.35206628573053, 4.693647328161717], [7.351909354033523, 4.693834427616764], [7.331904843433847, 4.710089666405054], [7.330394927583882, 4.709138809608419], [7.322768566016578, 4.704632639584702], [7.319039034324021, 4.702694725581182], [7.316313208987481, 4.703659035336273], [7.314784537776234, 4.703661328607495], [7.297578324380197, 4.703385684601699], [7.291414087789974, 4.703141324412627], [7.291033129575339, 4.703078850308771], [7.290288329043221, 4.702626958967016], [7.283719429008499, 4.695542218598575], [7.279001197047648, 4.694643767096238], [7.271231427788223, 4.694819199646417], [7.255404758223051, 4.696506685735017], [7.253247771167764, 4.698859436313967], [7.237763863811324, 4.695241027551447], [7.234001387254239, 4.695414585914477], [7.231023579974305, 4.690155704921892], [7.227187019965072, 4.682656997622416], [7.231324939194621, 4.678232042674665], [7.234389499575798, 4.675768524397938], [7.244278753261881, 4.668483993341681], [7.244387859911853, 4.666766166825198], [7.245740689381364, 4.658602176149543], [7.245287399593849, 4.652406473180235], [7.246468264298983, 4.648111819205155], [7.235242897741614, 4.626663689877432], [7.235528502638317, 4.624965088168324], [7.242705434308391, 4.614893543702124], [7.247210940632442, 4.606890294251741], [7.247973483889211, 4.597701315663244], [7.270287479583544, 4.57374388267408], [7.27976409733526, 4.561880464212095], [7.282056483619897, 4.5600519896077], [7.295941557357025, 4.577633572831189], [7.302078163176759, 4.586576746919377], [7.305000039820015, 4.593529190719607]]]}}, {"type": "Feature", "properties": {"shapeName": "Khana", "shapeISO": "", "shapeID": "59680162B16294292751838", "shapeGroup": "NGA", "shapeType": "ADM2", "lga_name_standard": "Khana", "state": "Rivers"}, "geometry": {"type": "Polygon", "coordinates": [[[7.476527752553807, 4.584389532750777], [7.487783284171257, 4.584625517553661], [7.490031394133553, 4.582571805944156], [7.497329954613747, 4.579529975028379], [7.508628533180286, 4.58685429478993], [7.518132930090701, 4.594125594120896], [7.529443741235696, 4.596110343917303], [7.527729764716923, 4.599277274126962], [7.525932350897335, 4.602819834068157], [7.524896035123959, 4.613096471624885], [7.52358886063746, 4.617812404019276], [7.519175146316002, 4.626661261707909], [7.517632614753438, 4.633599542984541], [7.519544312619985, 4.642011328360184], [7.524138809558451, 4.654927604725231], [7.521498811021388, 4.662054839859024], [7.516347139109257, 4.663271338401614], [7.517499923382786, 4.679721832596556], [7.521944045581279, 4.689166069358635], [7.527777671602337, 4.696944235588035], [7.535064208146764, 4.700366528292705], [7.53547795474384, 4.714003163415327], [7.537327754971955, 4.716149402672841], [7.54225845896076, 4.730119211432509], [7.541235433368627, 4.73246887014227], [7.533941827253557, 4.753361331760118], [7.533988361773538, 4.756327947876514], [7.531638735439344, 4.768375274999016], [7.52519559929749, 4.773279588382366], [7.509579380084347, 4.785166166185661], [7.49726365029727, 4.780787973286408], [7.491337091033984, 4.782209903963917], [7.486078892626836, 4.785424089949856], [7.468190526371757, 4.797115521164415], [7.46297803061168, 4.798834865736524], [7.456356209971148, 4.815472614969281], [7.444998813944153, 4.822186712346934], [7.440315186096996, 4.823712701779812], [7.430783198885592, 4.827385878355642], [7.407545132701784, 4.825308728614971], [7.406797632404846, 4.825440626783575], [7.404925377903908, 4.824475345760675], [7.380372134166691, 4.827343254987284], [7.378779573318695, 4.82613648261264], [7.370345046786554, 4.825260709314307], [7.366830899126739, 4.823374180773897], [7.366181754984041, 4.807844651709331], [7.357276179751921, 4.782141237128428], [7.347927334079259, 4.777877251833729], [7.341933271703169, 4.775095819616411], [7.334391863693611, 4.768830217740401], [7.32789816406904, 4.763326134793317], [7.327223611380589, 4.762598008591283], [7.328035816100055, 4.759511749367789], [7.341205667107886, 4.733226682065776], [7.344150042990123, 4.724281257873827], [7.343050423038619, 4.722600068838176], [7.34285918220553, 4.722360139608782], [7.331904843433847, 4.710089666405054], [7.351909354033523, 4.693834427616764], [7.35206628573053, 4.693647328161717], [7.355303181396778, 4.69361617834403], [7.358640392839902, 4.690760677063622], [7.36095738367635, 4.688117580362075], [7.358050739749899, 4.683090702873699], [7.356834637808333, 4.681980031153557], [7.355574254148564, 4.679693138827361], [7.356390871841313, 4.675415366026357], [7.355646903182105, 4.66941901397638], [7.35518935240674, 4.66719265771502], [7.357339760921263, 4.657823042199709], [7.348254100046745, 4.657511643847329], [7.346320787874106, 4.657809076627643], [7.344536192091653, 4.657809076627643], [7.342305447138699, 4.657660360237458], [7.340372134966117, 4.657660360237458], [7.338587539183607, 4.657809076627643], [7.336505510620839, 4.657809076627643], [7.334020000322823, 4.657905000115704], [7.330523000036465, 4.65566000000905], [7.328159999884122, 4.652244000760049], [7.325101000011216, 4.64860800035899], [7.323168999949417, 4.643110999573025], [7.320528999613714, 4.636935000749759], [7.320692999981986, 4.632783999981655], [7.318721999920399, 4.624985000057734], [7.315601999932426, 4.617434000778587], [7.312295000314066, 4.612653000635532], [7.311882000154242, 4.612252000129729], [7.30394993923835, 4.597974982059839], [7.305000039820015, 4.593529190719607], [7.336966324136597, 4.597422132825216], [7.344394396883956, 4.593759457632927], [7.349327363566999, 4.590651588599997], [7.349756411229464, 4.590345402718185], [7.350288931289185, 4.583012839770788], [7.358159912949645, 4.576648405099888], [7.363020682958222, 4.571464345003562], [7.369194222135718, 4.57126689075443], [7.373921261157307, 4.574422290756161], [7.377649729851214, 4.576650182160222], [7.383180053216904, 4.581224073832004], [7.387609104576541, 4.582662096978254], [7.392179996109974, 4.582496351925158], [7.402956403115581, 4.575583698628861], [7.415701889230832, 4.56919029409687], [7.420700991157844, 4.57387901930133], [7.426189854877975, 4.579267066322075], [7.428720671222038, 4.581555122371071], [7.430330583589637, 4.582989362069441], [7.431070854236566, 4.583764787215216], [7.453025241621674, 4.590239180194033], [7.476527752553807, 4.584389532750777]]]}}, {"type": "Feature", "properties": {"shapeName": "Oyigbo", "shapeISO": "", "shapeID": "59680162B52775693188226", "shapeGroup": "NGA", "shapeType": "ADM2", "lga_name_standard": "Oyigbo", "state": "Rivers"}, "geometry": {"type": "Polygon", "coordinates": [[[7.327223611380589, 4.762598008591283], [7.32789816406904, 4.763326134793317], [7.334391863693611, 4.768830217740401], [7.341933271703169, 4.775095819616411], [7.347927334079259, 4.777877251833729], [7.357276179751921, 4.782141237128428], [7.366181754984041, 4.807844651709331], [7.366830899126739, 4.823374180773897], [7.370345046786554, 4.825260709314307], [7.378779573318695, 4.82613648261264], [7.380372134166691, 4.827343254987284], [7.404925377903908, 4.824475345760675], [7.406797632404846, 4.825440626783575], [7.407545132701784, 4.825308728614971], [7.430783198885592, 4.827385878355642], [7.440315186096996, 4.823712701779812], [7.444998813944153, 4.822186712346934], [7.456356209971148, 4.815472614969281], [7.46297803061168, 4.798834865736524], [7.468190526371757, 4.797115521164415], [7.486078892626836, 4.785424089949856], [7.491337091033984, 4.782209903963917], [7.49726365029727, 4.780787973286408], [7.509579380084347, 4.785166166185661], [7.511819568818112, 4.793050653864611], [7.511467224332989, 4.807282652772244], [7.500726118415685, 4.819924766314955], [7.4982966493709, 4.823796422367025], [7.495132284027761, 4.828270242877466], [7.494447230855087, 4.827918053075734], [7.49331808076488, 4.826177120277919], [7.491614818768937, 4.824431895915325], [7.488712310824553, 4.821804522960406], [7.487277984791206, 4.824673652567071], [7.486754894123123, 4.827636719059399], [7.478563308649825, 4.833039761375915], [7.474561179854618, 4.836541450727395], [7.474380015925021, 4.836699963432636], [7.471591472768296, 4.842277049746087], [7.4661884313511, 4.845414639574017], [7.460362910919628, 4.845418931138795], [7.455207825181049, 4.84506607134216], [7.446667670576574, 4.845414639574017], [7.436501026401288, 4.854000092130605], [7.429212093163642, 4.862449168794171], [7.416359900688917, 4.866746902047964], [7.412136487409043, 4.866373305683567], [7.406683922125353, 4.865890980384506], [7.404989324198027, 4.865391031970603], [7.402117235821834, 4.864543694336078], [7.384166485395042, 4.862748311185669], [7.373507022631031, 4.862891197270983], [7.370382078170394, 4.863550043299881], [7.362020016310737, 4.865313052655324], [7.360141276798515, 4.866603851386685], [7.352412224344732, 4.871914865178951], [7.34330972906082, 4.872725484393641], [7.340910911609342, 4.872939110251764], [7.334217072360047, 4.873313426973141], [7.330787182182746, 4.873486041947331], [7.326064586711368, 4.876126766237348], [7.319794177959011, 4.879632950400378], [7.30778598843267, 4.875533103969644], [7.305335686592684, 4.875463879554445], [7.294890881209255, 4.875168800299946], [7.293948571569388, 4.875077642319411], [7.283027861146934, 4.874021188926804], [7.28152799612019, 4.873876095005812], [7.271389961177817, 4.873023987367162], [7.263761979931473, 4.869221982908243], [7.261951989992383, 4.868702706264912], [7.257359000317649, 4.867384999817943], [7.247022313229195, 4.867324488934059], [7.224565148163094, 4.857883737944178], [7.218010078802138, 4.857304672572639], [7.198855971625846, 4.86169199988592], [7.188429721954151, 4.870896158131245], [7.183763074206581, 4.875218496836226], [7.177165510979592, 4.877333981977756], [7.173842907224412, 4.879391192849312], [7.164652824268501, 4.881329060088092], [7.161574268637651, 4.882175886008383], [7.158677859895363, 4.882972607999534], [7.155928135075442, 4.883728981907041], [7.149656564398981, 4.88849100995219], [7.147241115784936, 4.890325069346545], [7.146338310664532, 4.895850075020974], [7.145879776030881, 4.894176062575298], [7.144824183289472, 4.893792626728384], [7.143663699020522, 4.894009369636763], [7.142828363738033, 4.893962148934065], [7.1415011100882, 4.8937984075705], [7.140490020298273, 4.893688431276132], [7.139367278776945, 4.89359285402702], [7.138134312748377, 4.893427483091898], [7.136576560160165, 4.893305430701105], [7.136046193976711, 4.89319037233787], [7.131677575259914, 4.892417234168079], [7.129206194210553, 4.891970371835214], [7.125607122670601, 4.891334446827329], [7.125311717861564, 4.891114648022665], [7.124527152006522, 4.890321439682737], [7.123795163216244, 4.891035767586629], [7.122831332799819, 4.892045359106078], [7.122167382218947, 4.892753103972609], [7.121834944227317, 4.893246264303684], [7.121730717298817, 4.893558890230622], [7.121225682319448, 4.893737959639168], [7.12029895343403, 4.89408232803703], [7.11936114220299, 4.894373280302716], [7.11820383613815, 4.894827501787802], [7.11730577224364, 4.895202358102381], [7.116477824891774, 4.895436660273674], [7.115390226178022, 4.895595333957544], [7.114592231646213, 4.895978605228493], [7.114032335324055, 4.896273901219615], [7.111630250635585, 4.897539858877451], [7.110560821824492, 4.898131629870875], [7.109972391812505, 4.898440052366595], [7.109130070596336, 4.898927124287411], [7.108090510069019, 4.89947860835116], [7.107285568274392, 4.899903618956898], [7.106509129592723, 4.900329692561286], [7.105754460799801, 4.900718111551669], [7.10501303182599, 4.901118318855367], [7.104557462257105, 4.901370911438448], [7.104301800287885, 4.901402785210394], [7.103759619710729, 4.901289510202787], [7.100844335098031, 4.900832900118303], [7.09818535277185, 4.900427370626687], [7.096822910449021, 4.900198337583276], [7.096685308780025, 4.900211544127501], [7.096597436022876, 4.900314273684842], [7.09651829478355, 4.900484073781001], [7.09643520102378, 4.90071623916316], [7.096253409367421, 4.900836711445152], [7.095907453666086, 4.900965815420079], [7.095576268430079, 4.901099985276176], [7.09538827594821, 4.901150126077482], [7.09527913872131, 4.901257024891834], [7.095101285196222, 4.901681199128063], [7.094804704973228, 4.902554260071099], [7.094473662729399, 4.903407905550466], [7.094212272078721, 4.904183264146354], [7.094094881773401, 4.904121894409968], [7.093269058620194, 4.903187259584399], [7.09308348621397, 4.902295443280138], [7.093671487249367, 4.902045137672985], [7.094181737397321, 4.901686425088485], [7.094543049921867, 4.901227431800578], [7.095357699897988, 4.899629585636944], [7.095917806661475, 4.898405689271215], [7.096402834423316, 4.897400818293193], [7.096629426706727, 4.896817699677172], [7.096953956959567, 4.896172810227085], [7.097095083071679, 4.895642032154115], [7.097200533977514, 4.894952439203735], [7.097217471808904, 4.893833821973374], [7.097260105969156, 4.891550697806508], [7.097363387710232, 4.888618943909194], [7.098243586572323, 4.888862758209768], [7.101770563960429, 4.889718945173229], [7.102544545694286, 4.888056644598521], [7.103112778731827, 4.886716765366486], [7.103369107098672, 4.886106364017508], [7.104325455155674, 4.884591745612624], [7.105969782779312, 4.882290906600133], [7.106322132660353, 4.881534556974259], [7.110508966016027, 4.875797808621996], [7.111718698059519, 4.873946482244435], [7.112798782937546, 4.872343714091187], [7.110752452963368, 4.870953801976441], [7.110925783797938, 4.870794449304412], [7.11109406134193, 4.870211946723998], [7.111040888925913, 4.869466939347831], [7.111000420333198, 4.868417945831595], [7.111124926973844, 4.867341029265162], [7.111179461862719, 4.866532543242329], [7.111131342737337, 4.865310266555582], [7.111143612188016, 4.864212087318037], [7.111174541671801, 4.863583748990891], [7.110998735902967, 4.862399581075863], [7.110732518590908, 4.861183367618366], [7.110544003602911, 4.86015904430451], [7.110471250248054, 4.858713787011709], [7.110100548801313, 4.858108476724851], [7.109448695001333, 4.856914922585645], [7.108694937221628, 4.855173779346501], [7.108326099170199, 4.854306256428629], [7.106472644097323, 4.85121499877323], [7.118624907713354, 4.840721521181308], [7.127149208169442, 4.833465359238971], [7.129236084977379, 4.842767844860191], [7.133645818899481, 4.849852622100855], [7.134611501020004, 4.851438313927076], [7.135348776924559, 4.853844260304413], [7.145618767592111, 4.855647373127795], [7.15011158628073, 4.856543444124668], [7.154298936746557, 4.85728798115548], [7.15545309788223, 4.857443854350436], [7.155990914948802, 4.857586031769983], [7.156796008728861, 4.857830159933997], [7.157337724356523, 4.858197541983031], [7.157973833725521, 4.858765247118527], [7.158519470397266, 4.859280877010917], [7.158967334574868, 4.859683963943837], [7.160418510306044, 4.858161923434068], [7.161297277447431, 4.857251706101408], [7.161806842311989, 4.856952099659736], [7.161982629195052, 4.856903343814338], [7.162461688156441, 4.856790604802597], [7.162996897189089, 4.856791057161615], [7.164138704337802, 4.856868977121621], [7.165820093022944, 4.857197736886121], [7.165676222179968, 4.856702338142441], [7.165346384128384, 4.855793066896581], [7.164625879680671, 4.854657356252062], [7.165360497189226, 4.854233727904273], [7.166524070629407, 4.853560381206648], [7.167178846326749, 4.853186102256871], [7.168498401779857, 4.852386818097216], [7.169459039603055, 4.851875969000844], [7.17102442923408, 4.850921359333313], [7.171618000670264, 4.850782145179892], [7.171311116015261, 4.849021064870271], [7.170530421741603, 4.835256607306633], [7.169317822659423, 4.826168995802561], [7.168266149163514, 4.820421898951508], [7.148449021305339, 4.793943142861792], [7.184739290985533, 4.807544002953421], [7.204926065385678, 4.822046251733184], [7.216969982278897, 4.823958478401096], [7.224649882286315, 4.818241030399292], [7.23208744018325, 4.829692503606225], [7.232160671078134, 4.829758577696225], [7.232198592790894, 4.829792794202149], [7.238920340701213, 4.826293792024956], [7.247093380355295, 4.824041894118182], [7.250559024879124, 4.822666148124313], [7.253245160435881, 4.809028494069821], [7.254162974341853, 4.796985391962323], [7.254379663290877, 4.794935817234204], [7.256062981921104, 4.793338641065475], [7.256342226812365, 4.793172517397807], [7.260130655105684, 4.790745522388022], [7.289782577304152, 4.789750222894497], [7.292483907806172, 4.780098846184842], [7.298975360024883, 4.774609282792198], [7.307450974782682, 4.763197398641069], [7.307855085144126, 4.763085841338579], [7.323828126566809, 4.762734681260554], [7.327223611380589, 4.762598008591283]]]}}, {"type": "Feature", "properties": {"shapeName": "Opobo/Nkoro", "shapeISO": "", "shapeID": "59680162B46802984315739", "shapeGroup": "NGA", "shapeType": "ADM2", "lga_name_standard": "Opobo-Nkoro", "state": "Rivers"}, "geometry": {"type": "Polygon", "coordinates": [[[7.57803272103331, 4.496075004358033], [7.5766189193277, 4.497021161297596], [7.570971370232598, 4.498233245068263], [7.557077808693975, 4.502879546553856], [7.550027588802209, 4.509595039679368], [7.542669707241259, 4.514729457198712], [7.541130851207868, 4.51643064895535], [7.538965222567015, 4.518823815966357], [7.532558612390119, 4.52590355790295], [7.527694156959797, 4.538423117233094], [7.522887885867306, 4.546429787704596], [7.521420911745736, 4.550237687219521], [7.5212876861778, 4.554671519375177], [7.526958677001403, 4.565597925204145], [7.54290148681423, 4.575457245855262], [7.543707575244468, 4.579796084421787], [7.537597539894591, 4.585372335265106], [7.532307384078536, 4.591298665201293], [7.529443741235696, 4.596110343917303], [7.518132930090701, 4.594125594120896], [7.508628533180286, 4.58685429478993], [7.497329954613747, 4.579529975028379], [7.490031394133553, 4.582571805944156], [7.487783284171257, 4.584625517553661], [7.476527752553807, 4.584389532750777], [7.473617639042857, 4.571522781151486], [7.46672397403222, 4.566847025070217], [7.464879710929949, 4.561047477059446], [7.452763967882845, 4.55632167460567], [7.450490452072756, 4.549591943413532], [7.450146997386071, 4.544587953671169], [7.45226645213512, 4.543396227853691], [7.45254080921103, 4.541649292980537], [7.453610853158409, 4.53812635624638], [7.454111861873002, 4.535922039670425], [7.465206860008607, 4.514485267880843], [7.476363698226123, 4.516488255029003], [7.480990664287788, 4.515167868602305], [7.481669530124748, 4.510431863339875], [7.474848540227981, 4.500903250384738], [7.474110446839688, 4.495813942859229], [7.479849171002513, 4.489664981253952], [7.483560062446998, 4.487431994291171], [7.488871959373455, 4.48568997331364], [7.495974904718139, 4.48441874203138], [7.5012896264152, 4.483247173618224], [7.508871901417137, 4.485779552984013], [7.512348123766969, 4.485625687975187], [7.51817202811668, 4.482192438830054], [7.526899896413113, 4.479153224042079], [7.558099648080315, 4.472643601920765], [7.563929577887734, 4.47047459542631], [7.567976991145258, 4.474289733584385], [7.571718225715586, 4.47823305661035], [7.576621045325055, 4.483765059010295], [7.577617628151074, 4.487059269369809], [7.57803272103331, 4.496075004358033]]]}}, {"type": "Feature", "properties": {"shapeName": "Andoni", "shapeISO": "", "shapeID": "59680162B90577513466378", "shapeGroup": "NGA", "shapeType": "ADM2", "lga_name_standard": "Andoni", "state": "Rivers"}, "geometry": {"type": "Polygon", "coordinates": [[[7.324597042419612, 4.439467656607121], [7.33342266612317, 4.443715811135803], [7.339921480192231, 4.442585911011008], [7.349631111386714, 4.44289308794572], [7.367330978841665, 4.442022033390174], [7.390653073180829, 4.436477634735127], [7.40667202139673, 4.43362494473547], [7.418445176703585, 4.43152835614876], [7.428171686374299, 4.434343924832319], [7.430027637065848, 4.434881174426721], [7.445567242134587, 4.439379479879165], [7.447379422822166, 4.439904058925208], [7.465520134346775, 4.443877738566812], [7.487354367809871, 4.448660476200075], [7.518572896422086, 4.451325472292751], [7.580250995087397, 4.450080850151153], [7.587081569958514, 4.453168460156348], [7.590608261362206, 4.458922782160698], [7.589747856578356, 4.462754353630544], [7.585296844673678, 4.461396979886786], [7.583302377702637, 4.461294702688406], [7.582057384141024, 4.466141766129624], [7.582152095342963, 4.469980445840974], [7.581654521139285, 4.475741752879628], [7.585985387215885, 4.482307829942442], [7.589435099350396, 4.489530197160946], [7.583170026275752, 4.493258420339885], [7.57803272103331, 4.496075004358033], [7.577617628151074, 4.487059269369809], [7.576621045325055, 4.483765059010295], [7.571718225715586, 4.47823305661035], [7.567976991145258, 4.474289733584385], [7.563929577887734, 4.47047459542631], [7.558099648080315, 4.472643601920765], [7.526899896413113, 4.479153224042079], [7.51817202811668, 4.482192438830054], [7.512348123766969, 4.485625687975187], [7.508871901417137, 4.485779552984013], [7.5012896264152, 4.483247173618224], [7.495974904718139, 4.48441874203138], [7.488871959373455, 4.48568997331364], [7.483560062446998, 4.487431994291171], [7.479849171002513, 4.489664981253952], [7.474110446839688, 4.495813942859229], [7.474848540227981, 4.500903250384738], [7.481669530124748, 4.510431863339875], [7.480990664287788, 4.515167868602305], [7.476363698226123, 4.516488255029003], [7.465206860008607, 4.514485267880843], [7.454111861873002, 4.535922039670425], [7.453610853158409, 4.53812635624638], [7.45254080921103, 4.541649292980537], [7.45226645213512, 4.543396227853691], [7.450146997386071, 4.544587953671169], [7.450490452072756, 4.549591943413532], [7.452763967882845, 4.55632167460567], [7.464879710929949, 4.561047477059446], [7.46672397403222, 4.566847025070217], [7.473617639042857, 4.571522781151486], [7.476527752553807, 4.584389532750777], [7.453025241621674, 4.590239180194033], [7.431070854236566, 4.583764787215216], [7.430330583589637, 4.582989362069441], [7.428720671222038, 4.581555122371071], [7.426189854877975, 4.579267066322075], [7.420700991157844, 4.57387901930133], [7.415701889230832, 4.56919029409687], [7.402956403115581, 4.575583698628861], [7.392179996109974, 4.582496351925158], [7.387609104576541, 4.582662096978254], [7.383180053216904, 4.581224073832004], [7.377649729851214, 4.576650182160222], [7.373921261157307, 4.574422290756161], [7.369194222135718, 4.57126689075443], [7.363020682958222, 4.571464345003562], [7.358159912949645, 4.576648405099888], [7.350288931289185, 4.583012839770788], [7.349756411229464, 4.590345402718185], [7.349327363566999, 4.590651588599997], [7.344394396883956, 4.593759457632927], [7.336966324136597, 4.597422132825216], [7.305000039820015, 4.593529190719607], [7.302078163176759, 4.586576746919377], [7.295941557357025, 4.577633572831189], [7.282056483619897, 4.5600519896077], [7.28158416327858, 4.55672850811419], [7.262322439628917, 4.5018772764152], [7.276321811802234, 4.495612272588346], [7.301155243819494, 4.503019417212386], [7.327138958196429, 4.504732629307455], [7.330585914808182, 4.501642253886928], [7.34139108033412, 4.492931561742239], [7.336003036910654, 4.48510669192035], [7.331166122318734, 4.473591560202408], [7.329358156753585, 4.454561538784048], [7.324597042419612, 4.439467656607121]]]}}, {"type": "Feature", "properties": {"shapeName": "Bonny", "shapeISO": "", "shapeID": "59680162B83694422254145", "shapeGroup": "NGA", "shapeType": "ADM2", "lga_name_standard": "Bonny", "state": "Rivers"}, "geometry": {"type": "Polygon", "coordinates": [[[7.262322439628917, 4.5018772764152], [7.255184057398367, 4.51272761758554], [7.251139137960877, 4.521684225746469], [7.247189068220962, 4.530430808035419], [7.237195332198894, 4.538425797212824], [7.216747768794562, 4.54484232331464], [7.217447516889422, 4.520663660699427], [7.199329007827487, 4.492965430210461], [7.193383998073102, 4.482098596373191], [7.191078381861871, 4.478897843560674], [7.188748262722186, 4.475677304763849], [7.183555682448855, 4.470061239134907], [7.181636897025214, 4.467744308553051], [7.175727236023192, 4.45996772063387], [7.174035872057914, 4.459320423698671], [7.170847528990294, 4.457590304349139], [7.168784948266818, 4.453357934720941], [7.166636279940406, 4.447626773856598], [7.158920699330849, 4.438192745298977], [7.14845873937935, 4.42545480539502], [7.134745544970997, 4.410417690224278], [7.133496948725224, 4.403874260788541], [7.133888244646812, 4.394443512058501], [7.132183773062707, 4.385803287192005], [7.133022886397157, 4.382432292716203], [7.13490963437215, 4.378427936300284], [7.13713564889116, 4.376492114119799], [7.137022229991942, 4.374928015915259], [7.137316659935948, 4.374508025325156], [7.138432918244632, 4.374885967213686], [7.139904966341192, 4.375989406585916], [7.140466583965747, 4.378110502597679], [7.139263699360299, 4.380121453242509], [7.140577088162161, 4.383178603210013], [7.143827124722065, 4.384137217558589], [7.150202343163642, 4.384226086764556], [7.166633227641398, 4.38105570495685], [7.18185139342711, 4.379548439409007], [7.20379013260856, 4.379027593448711], [7.215821959915559, 4.380440946392582], [7.220538838396749, 4.381823224162531], [7.253826723224734, 4.392881932854948], [7.278503410603946, 4.399213439748507], [7.296671748402503, 4.406061156597161], [7.308054924395321, 4.408888816665581], [7.320928936221492, 4.414033399222035], [7.328556614396291, 4.416780480035186], [7.327239595930678, 4.420953796580477], [7.323135695356086, 4.433503750297859], [7.324597042419612, 4.439467656607121], [7.329358156753585, 4.454561538784048], [7.331166122318734, 4.473591560202408], [7.336003036910654, 4.48510669192035], [7.34139108033412, 4.492931561742239], [7.330585914808182, 4.501642253886928], [7.327138958196429, 4.504732629307455], [7.301155243819494, 4.503019417212386], [7.276321811802234, 4.495612272588346], [7.262322439628917, 4.5018772764152]]]}}, {"type": "Feature", "properties": {"shapeName": "Degema", "shapeISO": "", "shapeID": "59680162B23543460253472", "shapeGroup": "NGA", "shapeType": "ADM2", "lga_name_standard": "Degema", "state": "Rivers"}, "geometry": {"type": "Polygon", "coordinates": [[[6.858177814054898, 4.398239956908526], [6.954852500442598, 4.373529178928493], [6.957471959363488, 4.37300528066919], [6.975106673634116, 4.375336970924536], [6.990520918605569, 4.370264862933141], [6.996397017808192, 4.369870111816283], [6.998610496677145, 4.369721413412549], [7.005555153247769, 4.369443893421021], [7.011110305995885, 4.370554923970587], [7.019443512208397, 4.37555503943355], [7.022499084765002, 4.37944412344757], [7.024722099145606, 4.384165763838951], [7.024999618237814, 4.389444350776216], [7.023055076230833, 4.394443512058501], [7.01735251021023, 4.409040926197861], [7.000866215803285, 4.418643324929576], [6.994643918981751, 4.435629983237163], [6.991781405687391, 4.451658465166076], [6.992411389773849, 4.462019931274881], [6.991288704010515, 4.469586490624067], [6.984706329433607, 4.477269835934237], [6.979253521332964, 4.48790137834601], [6.975576589188279, 4.503307866664784], [6.977458542877514, 4.508370297950933], [6.982980716586837, 4.511560456749748], [6.985003847649523, 4.513937319951424], [6.981567718875169, 4.532665136786704], [6.976598649807897, 4.583009786572461], [6.975380111602931, 4.597201727877462], [6.983824241995194, 4.617081009680874], [6.984558101375342, 4.636911449303966], [6.973373132364202, 4.667191089297376], [6.964152701785792, 4.685402927303301], [6.972563379196629, 4.70566417456206], [6.985167963131062, 4.703761829644748], [6.986665441357104, 4.717239870223864], [6.986641220815727, 4.717514536666556], [6.985631175138678, 4.728938284674143], [6.984783174703807, 4.736631501842396], [6.983068170259912, 4.745627860937077], [6.983168141596479, 4.748772380940693], [6.988255708034558, 4.761109568551774], [6.988112373187505, 4.761431229967343], [6.985037851915365, 4.764824023110236], [6.979794371812829, 4.765121622265099], [6.965892517625662, 4.764526486008549], [6.964681828703476, 4.764442477638283], [6.96502014826126, 4.768741475338857], [6.963751587066156, 4.771316719990693], [6.960353666888238, 4.774254441789083], [6.957880245277124, 4.774509469736302], [6.955143062402442, 4.774246557432718], [6.949610381014338, 4.77313398364646], [6.947376001001714, 4.774856260907768], [6.945052240968209, 4.782955000373022], [6.942993886158945, 4.789076941847441], [6.942020362849519, 4.789950754623703], [6.937091765972298, 4.785069908149808], [6.937019618760473, 4.785047730868143], [6.935278349616169, 4.785509637959478], [6.932197012382289, 4.784923728747117], [6.929063274350654, 4.781698499985851], [6.904657714581901, 4.751772441944695], [6.907372709383083, 4.745027693872998], [6.910214844939219, 4.738346398367639], [6.915142780814733, 4.727454870945564], [6.916170242762519, 4.712046093852223], [6.917814822196362, 4.688740790754935], [6.917179158891145, 4.684140736905533], [6.912780150283766, 4.682261319304473], [6.906701610990581, 4.681288643156392], [6.912715110414069, 4.656555713975081], [6.90534638932445, 4.654250589692992], [6.898486039699037, 4.65214168938752], [6.88948520917512, 4.657214745264355], [6.877141414244932, 4.652135604574539], [6.848270248373296, 4.66077976937089], [6.834200499753308, 4.659705280074661], [6.831836167705035, 4.664101225591139], [6.824135498754288, 4.671529455719849], [6.824892879003187, 4.677989884025976], [6.8240293059078, 4.680665312254405], [6.821112043685901, 4.683057170751852], [6.82016525272428, 4.687982279158916], [6.81193592360404, 4.694131592399117], [6.805593030394107, 4.697708436295329], [6.799280892199477, 4.6991875818415], [6.796750415799124, 4.704427610345988], [6.798099560746152, 4.70659736777435], [6.800201932872938, 4.709753789405909], [6.79801608927113, 4.71260601715403], [6.79769759976449, 4.717299380162331], [6.798989008236163, 4.723733272172808], [6.795405497665627, 4.725581466211736], [6.792914784789559, 4.727834291319539], [6.788151814254888, 4.720107041107099], [6.786886390794336, 4.721708925226778], [6.783006988881482, 4.723544582716386], [6.781244192665383, 4.724434660631118], [6.77700544774325, 4.725482880730397], [6.776875576646603, 4.72454692570011], [6.777161293958613, 4.723418305310588], [6.777045374944123, 4.722776388119883], [6.773728550232477, 4.721597492930016], [6.775251520641234, 4.712842701629427], [6.776666559813918, 4.707223045906915], [6.786601224766741, 4.666944587822513], [6.786926490665053, 4.665625852551102], [6.814152595066275, 4.645307144908884], [6.820825391078984, 4.637919406755259], [6.83813756169917, 4.618752359234065], [6.840421844192804, 4.602476846129605], [6.814152595066275, 4.57820634294842], [6.813291333228506, 4.562949715856746], [6.812153847322236, 4.542799963847301], [6.816873418373632, 4.502121321841571], [6.842038782963527, 4.426442999344999], [6.858177814054898, 4.398239956908526]]]}}, {"type": "Feature", "properties": {"shapeName": "Asari-Toru", "shapeISO": "", "shapeID": "59680162B173222965225", "shapeGroup": "NGA", "shapeType": "ADM2", "lga_name_standard": "Asari-Toru", "state": "Rivers"}, "geometry": {"type": "Polygon", "coordinates": [[[6.904657714581901, 4.751772441944695], [6.902680387789701, 4.753307015406506], [6.886361864608432, 4.766345230847776], [6.881100915175125, 4.771070112395819], [6.8767165277456, 4.775784797430504], [6.875905885148541, 4.777633610202997], [6.877776703432176, 4.801735924873071], [6.869835509900895, 4.81373460586741], [6.86246709368146, 4.824882083041757], [6.849907972275162, 4.824626831163357], [6.813210842106741, 4.842755677932246], [6.799400592863094, 4.82228923056357], [6.795687828130838, 4.82149401044029], [6.78901834881782, 4.820970113080307], [6.784905443331581, 4.820704821170636], [6.78135775185882, 4.797524245947216], [6.784074299789154, 4.785233243019775], [6.784547786551173, 4.782767339740985], [6.785688215039158, 4.781298194656017], [6.786088407953685, 4.780502193021846], [6.78613231915125, 4.780427346944577], [6.789220165678159, 4.775217523969616], [6.784247979560632, 4.772522318750077], [6.782899899410893, 4.769779586159018], [6.782315620669408, 4.768090415640245], [6.78052152175087, 4.763321158844462], [6.779321042831896, 4.759768253102436], [6.778962745734191, 4.758551512642271], [6.775418540932947, 4.750361142153054], [6.77543825856884, 4.75025280172548], [6.775769090371284, 4.746989588298902], [6.77726063127318, 4.745899690918066], [6.782459886314768, 4.742100498639161], [6.786042334785975, 4.741805160379897], [6.789426534906681, 4.73924720699307], [6.790912473931598, 4.733305778339059], [6.793656524029416, 4.731229687100438], [6.792914784789559, 4.727834291319539], [6.795405497665627, 4.725581466211736], [6.798989008236163, 4.723733272172808], [6.79769759976449, 4.717299380162331], [6.79801608927113, 4.71260601715403], [6.800201932872938, 4.709753789405909], [6.798099560746152, 4.70659736777435], [6.796750415799124, 4.704427610345988], [6.799280892199477, 4.6991875818415], [6.805593030394107, 4.697708436295329], [6.81193592360404, 4.694131592399117], [6.82016525272428, 4.687982279158916], [6.821112043685901, 4.683057170751852], [6.8240293059078, 4.680665312254405], [6.824892879003187, 4.677989884025976], [6.824135498754288, 4.671529455719849], [6.831836167705035, 4.664101225591139], [6.834200499753308, 4.659705280074661], [6.848270248373296, 4.66077976937089], [6.877141414244932, 4.652135604574539], [6.88948520917512, 4.657214745264355], [6.898486039699037, 4.65214168938752], [6.90534638932445, 4.654250589692992], [6.912715110414069, 4.656555713975081], [6.906701610990581, 4.681288643156392], [6.912780150283766, 4.682261319304473], [6.917179158891145, 4.684140736905533], [6.917814822196362, 4.688740790754935], [6.916170242762519, 4.712046093852223], [6.915142780814733, 4.727454870945564], [6.910214844939219, 4.738346398367639], [6.907372709383083, 4.745027693872998], [6.904657714581901, 4.751772441944695]]]}}, {"type": "Feature", "properties": {"shapeName": "Akuku Toru", "shapeISO": "", "shapeID": "59680162B59329233871626", "shapeGroup": "NGA", "shapeType": "ADM2", "lga_name_standard": "Akuku-Toru", "state": "Rivers"}, "geometry": {"type": "Polygon", "coordinates": [[[6.792914784789559, 4.727834291319539], [6.793656524029416, 4.731229687100438], [6.790912473931598, 4.733305778339059], [6.789426534906681, 4.73924720699307], [6.786042334785975, 4.741805160379897], [6.782459886314768, 4.742100498639161], [6.77726063127318, 4.745899690918066], [6.775769090371284, 4.746989588298902], [6.77543825856884, 4.75025280172548], [6.775418540932947, 4.750361142153054], [6.778962745734191, 4.758551512642271], [6.779321042831896, 4.759768253102436], [6.78052152175087, 4.763321158844462], [6.782315620669408, 4.768090415640245], [6.782899899410893, 4.769779586159018], [6.784247979560632, 4.772522318750077], [6.789220165678159, 4.775217523969616], [6.78613231915125, 4.780427346944577], [6.786088407953685, 4.780502193021846], [6.785688215039158, 4.781298194656017], [6.784547786551173, 4.782767339740985], [6.784074299789154, 4.785233243019775], [6.78135775185882, 4.797524245947216], [6.784905443331581, 4.820704821170636], [6.784185441604905, 4.820783107154739], [6.775697998963551, 4.821996369936585], [6.750670272015498, 4.827192902730303], [6.740948281438079, 4.825232972423805], [6.738270702930663, 4.820485928882533], [6.740300361272716, 4.806523041305354], [6.740958658715158, 4.801899856892931], [6.740674552988253, 4.797921304724468], [6.73927353784353, 4.785049248923769], [6.738560248656597, 4.775324420985271], [6.73442620730367, 4.767352549780412], [6.698324937346058, 4.751109679368255], [6.688427617640514, 4.758213043796957], [6.665603614615179, 4.754511395584473], [6.639128930655659, 4.743403709813379], [6.624310902925856, 4.734818456906282], [6.622037422189351, 4.706306705989732], [6.590235757873984, 4.708254335369304], [6.579359775233513, 4.704516538907171], [6.573524845195493, 4.704851202720874], [6.573121071180537, 4.701622008848688], [6.567574978202742, 4.70164108256995], [6.56052255587133, 4.697745322888409], [6.562364101222329, 4.692440034180265], [6.553585051608877, 4.688412189271162], [6.546593188724728, 4.682030200733209], [6.537717819022191, 4.672893047376306], [6.528808116801201, 4.661898135690478], [6.511964797837209, 4.643144130597193], [6.515436171941815, 4.632859230069471], [6.51661777499038, 4.622614861087015], [6.526094913449526, 4.615013122957293], [6.535140990664217, 4.608811854983173], [6.538109778643445, 4.596213818113256], [6.544047832141814, 4.590173721240319], [6.548893452171114, 4.586297035279983], [6.545501231896367, 4.580966948665775], [6.540171146181478, 4.576605797019965], [6.543078423230668, 4.568368435155207], [6.551316260836813, 4.558192730310282], [6.560038090185742, 4.55431652099071], [6.566337109070389, 4.553831576865832], [6.560038090185742, 4.541233063355264], [6.553039074094045, 4.537399768784326], [6.545016766210836, 4.533480168075357], [6.542593955746497, 4.521851062576502], [6.549862385340873, 4.510221481336316], [6.54549326480236, 4.506106948976537], [6.53998517987219, 4.500919818594809], [6.537251471977925, 4.494982719277118], [6.534255028047141, 4.488474846337112], [6.531782149626565, 4.478759766150347], [6.525196075238739, 4.469583035428798], [6.522892951948222, 4.462992191036847], [6.519386767785136, 4.452957152750457], [6.516438006808642, 4.442320824146748], [6.512575149723432, 4.431702136644333], [6.511864185283969, 4.418239117441374], [6.512149393579705, 4.412142855208629], [6.512516975278231, 4.404285908368024], [6.511969640686402, 4.394878795619945], [6.511841774178606, 4.392681122336], [6.512063979569064, 4.380130768420258], [6.512791755035494, 4.376215765045572], [6.514143944187708, 4.368941783936236], [6.517242977381557, 4.364978040903907], [6.520407198833198, 4.360930919926034], [6.535923958424007, 4.357870101623917], [6.544572830271932, 4.354928017214263], [6.548027039016688, 4.343715190803437], [6.548255735713667, 4.340248743184986], [6.549243264165341, 4.325280383882671], [6.577956501891094, 4.324689994247876], [6.619999160932593, 4.325803398108405], [6.640951640605806, 4.311949642362151], [6.646742978705561, 4.315209038166643], [6.646996377081166, 4.326434140323386], [6.665402039672415, 4.327418492369588], [6.667665067588871, 4.327539521331914], [6.68249988566123, 4.328332901442309], [6.688528090798798, 4.329194283789207], [6.694166184421931, 4.329999922558443], [6.706372928967539, 4.338723196218552], [6.701178440332797, 4.362237410927833], [6.695553826647824, 4.380196632968307], [6.693843754086004, 4.389166330761611], [6.69124026442671, 4.395686055866861], [6.687567986273621, 4.404630956653364], [6.681656287407804, 4.409390798446623], [6.688712641575194, 4.422485648693794], [6.700298586810391, 4.419594540555636], [6.697487456281124, 4.447589546420488], [6.695306534668873, 4.460855291238772], [6.691456865242174, 4.471632990570129], [6.690317210171145, 4.482135438000114], [6.691890102846003, 4.489391155677367], [6.692084530876457, 4.494025936847549], [6.689307104239504, 4.511580300290689], [6.689794418977328, 4.518517127363566], [6.695117730099241, 4.533603882413274], [6.70718160744525, 4.554011146297398], [6.713199983892196, 4.561822291565534], [6.719340955920416, 4.578303356414835], [6.720858762421983, 4.599189611811198], [6.718655173397565, 4.610930067768436], [6.724456046109708, 4.612705196387765], [6.726591050136904, 4.608653252345789], [6.726611183259536, 4.603855229835062], [6.728590802423639, 4.593690859145909], [6.731711427440473, 4.584676250108885], [6.732069947570096, 4.572289694214078], [6.726655652036754, 4.556665015078408], [6.722632483602297, 4.550716276734818], [6.716884289578331, 4.545611848907754], [6.711374032785443, 4.535807118004129], [6.706084708842297, 4.521287530295353], [6.700711175080698, 4.511122974345824], [6.69880868267461, 4.501876723332146], [6.697141399855752, 4.49605853327472], [6.699711612800741, 4.477333087951706], [6.703535522046764, 4.465428875342354], [6.709166527213483, 4.457221985206502], [6.707922755830566, 4.447366913852022], [6.707383907241592, 4.444904216656312], [6.711477079803444, 4.431484956665486], [6.715943648180883, 4.416579460873493], [6.715971118872062, 4.408762747003209], [6.713105359924441, 4.404965001733501], [6.712629873070227, 4.403491711673212], [6.712791269901231, 4.401219429732919], [6.713507250759051, 4.384007714284621], [6.712499618862353, 4.358888626109263], [6.716943741060845, 4.34999942843092], [6.737990222370911, 4.346388816790522], [6.762662388858189, 4.346421917237763], [6.792128965279574, 4.348606242783944], [6.836022645828507, 4.352542551997203], [6.857139546752705, 4.355811391582506], [6.875197479280303, 4.357069429810394], [6.874828323768156, 4.36379287743938], [6.856943177985329, 4.379057093010488], [6.850176854278459, 4.390094281825668], [6.858177814054898, 4.398239956908526], [6.842038782963527, 4.426442999344999], [6.816873418373632, 4.502121321841571], [6.812153847322236, 4.542799963847301], [6.813291333228506, 4.562949715856746], [6.814152595066275, 4.57820634294842], [6.840421844192804, 4.602476846129605], [6.83813756169917, 4.618752359234065], [6.820825391078984, 4.637919406755259], [6.814152595066275, 4.645307144908884], [6.786926490665053, 4.665625852551102], [6.786601224766741, 4.666944587822513], [6.776666559813918, 4.707223045906915], [6.775251520641234, 4.712842701629427], [6.773728550232477, 4.721597492930016], [6.777045374944123, 4.722776388119883], [6.777161293958613, 4.723418305310588], [6.776875576646603, 4.72454692570011], [6.77700544774325, 4.725482880730397], [6.781244192665383, 4.724434660631118], [6.783006988881482, 4.723544582716386], [6.786886390794336, 4.721708925226778], [6.788151814254888, 4.720107041107099], [6.792914784789559, 4.727834291319539]]]}}, {"type": "Feature", "properties": {"shapeName": "Abua/Odual", "shapeISO": "", "shapeID": "59680162B70529740290920", "shapeGroup": "NGA", "shapeType": "ADM2", "lga_name_standard": "Abua-Odual", "state": "Rivers"}, "geometry": {"type": "Polygon", "coordinates": [[[6.573524845195493, 4.704851202720874], [6.579359775233513, 4.704516538907171], [6.590235757873984, 4.708254335369304], [6.622037422189351, 4.706306705989732], [6.624310902925856, 4.734818456906282], [6.639128930655659, 4.743403709813379], [6.665603614615179, 4.754511395584473], [6.688427617640514, 4.758213043796957], [6.698324937346058, 4.751109679368255], [6.73442620730367, 4.767352549780412], [6.738560248656597, 4.775324420985271], [6.73927353784353, 4.785049248923769], [6.740674552988253, 4.797921304724468], [6.740958658715158, 4.801899856892931], [6.740300361272716, 4.806523041305354], [6.738270702930663, 4.820485928882533], [6.740948281438079, 4.825232972423805], [6.72572332667022, 4.867625872436122], [6.71703907009703, 4.867557518564695], [6.689666791689149, 4.865913481422069], [6.669359767139611, 4.884839210261418], [6.667957097242265, 4.888483990743623], [6.646013893826193, 4.902689341839675], [6.643238690313353, 4.90678024990865], [6.631564215815956, 4.911715151033434], [6.619073587675985, 4.916405132590853], [6.61384178706885, 4.925988332595523], [6.614036242078953, 4.930239957608023], [6.61403823407727, 4.933616364203885], [6.613608332058902, 4.935786215161727], [6.613092119405849, 4.944431390796069], [6.612096167004552, 4.951332430247533], [6.611526658728394, 4.967570230281979], [6.60878468156784, 4.977347513876737], [6.552977564962703, 4.972492548092646], [6.558135792932546, 4.963339579258218], [6.556184236213596, 4.950956223151252], [6.557405214279243, 4.942691112704722], [6.555058776041733, 4.940944522271934], [6.548350422633973, 4.937476341659874], [6.546547275636328, 4.934183411934953], [6.549765677643961, 4.929747062576951], [6.561189279062035, 4.927521087628122], [6.56759221011248, 4.92232740568528], [6.568081473681104, 4.914241694698489], [6.562840822845772, 4.913952300058668], [6.558984609052516, 4.915059834044143], [6.561391470939668, 4.90892096912745], [6.565754903266225, 4.907205997958499], [6.571040081334729, 4.906079022428969], [6.57458194789865, 4.903736682402041], [6.577118222228194, 4.899041403837771], [6.571131823874623, 4.893616058334487], [6.569490062016826, 4.889470151326464], [6.573117549435381, 4.884893492440767], [6.575124938764986, 4.880535254598385], [6.573061952447176, 4.875645097443339], [6.576441777366199, 4.870421289111277], [6.579495053054302, 4.86563714044172], [6.574154840973165, 4.855339653901979], [6.563077290584545, 4.851977202086232], [6.560096298805206, 4.851087211405741], [6.538817996553348, 4.864970426244213], [6.536639479728251, 4.86812572462253], [6.535145999888016, 4.870979000080865], [6.530714999697523, 4.868060000368757], [6.525407000432779, 4.867921000254], [6.517567000416761, 4.868050000806932], [6.515090000403234, 4.871781000193039], [6.512863000227355, 4.876656000174307], [6.503480000101945, 4.881424000617187], [6.499840000415759, 4.884481000397898], [6.498307999914289, 4.889577000678059], [6.49472099997422, 4.896088000560837], [6.49069799971295, 4.90399000073802], [6.487100000164901, 4.909813000369695], [6.476621999905433, 4.918055000038294], [6.465924000292432, 4.926993000326775], [6.453795000339028, 4.932958000211613], [6.444126999661364, 4.934273000598523], [6.433986186713184, 4.93030118884883], [6.425559997795688, 4.920691012780082], [6.420719146871193, 4.906836987237227], [6.414566040290595, 4.896256923818044], [6.406606196618725, 4.887104034123922], [6.404306893648254, 4.882290065733969], [6.400884151282582, 4.875123978089164], [6.398394108401419, 4.864480018737936], [6.398606777380905, 4.85146522524002], [6.399042657192922, 4.843022166839603], [6.399279117737137, 4.83844184861249], [6.402275085027213, 4.82723712869057], [6.402850498251951, 4.825928515288808], [6.408864975238487, 4.812250137234116], [6.412812232798331, 4.802886962663251], [6.41353375437933, 4.801039693127393], [6.419630185684582, 4.785431321398391], [6.422863959803976, 4.777152061018853], [6.429837954058371, 4.766102430982471], [6.429982184630148, 4.765873908753917], [6.434442557577995, 4.768819490627038], [6.444660187018087, 4.775567055375348], [6.444090843317838, 4.760978221667642], [6.441421986435557, 4.745329857087256], [6.445941925079808, 4.730044841995891], [6.459428787108891, 4.723997116174019], [6.459769747975542, 4.721757100110153], [6.461060046683883, 4.713280201120426], [6.478478909274315, 4.713901996879713], [6.48964405093227, 4.722999096231376], [6.497705492814305, 4.731277393436983], [6.498985766779754, 4.732592106040897], [6.510600090122125, 4.741216182680716], [6.517581939954596, 4.747134209176465], [6.527311802297902, 4.753003120097958], [6.529523789191558, 4.753572936841636], [6.537438869108598, 4.755611896871585], [6.55261182777366, 4.758596897828625], [6.563601971254002, 4.758402824131053], [6.579172134386567, 4.758128165782296], [6.588737010704506, 4.755170821676131], [6.598309994410783, 4.752677917152198], [6.607241153556458, 4.746353148878768], [6.60024976731296, 4.734055996387156], [6.593472480870332, 4.722457886022653], [6.586215019407689, 4.718504906076589], [6.578935622580957, 4.715189457327654], [6.574090480990947, 4.709374905027914], [6.573524845195493, 4.704851202720874]]]}}, {"type": "Feature", "properties": {"shapeName": "Ahoada West", "shapeISO": "", "shapeID": "59680162B31457176745984", "shapeGroup": "NGA", "shapeType": "ADM2", "lga_name_standard": "Ahoada West", "state": "Rivers"}, "geometry": {"type": "Polygon", "coordinates": [[[6.578727744290006, 5.177153394813388], [6.566127111077378, 5.183421137975188], [6.553380965759004, 5.189809800382022], [6.544492244721368, 5.186294078908645], [6.534568309579868, 5.18684530306831], [6.526298522658749, 5.174164772286474], [6.511361121618506, 5.171964169011233], [6.493334769683941, 5.163454056259752], [6.485816002106844, 5.153363227630905], [6.479144096422942, 5.139541148705121], [6.472980975891346, 5.128497124142996], [6.464336872248907, 5.107274054653942], [6.463312221581816, 5.104811027407038], [6.460981102396033, 5.099207533401], [6.46049881037186, 5.098048210156833], [6.451053142788339, 5.0828800196972], [6.443903922827815, 5.068137168995179], [6.443332164447895, 5.066345769841462], [6.439036845873773, 5.052887917243652], [6.429607867908828, 5.038650035870489], [6.425769806031781, 5.0294241922727], [6.417273997896757, 5.016098022006133], [6.411561012330878, 5.004581928013636], [6.410391808235431, 4.991127015299583], [6.421666144676863, 4.981634139603898], [6.430675982810385, 4.97357511509955], [6.437415122709808, 4.966485977046261], [6.440402031128883, 4.954815865160072], [6.440569705227745, 4.946659393716118], [6.44064092613786, 4.943194866150179], [6.433986186713184, 4.93030118884883], [6.444126999661364, 4.934273000598523], [6.453795000339028, 4.932958000211613], [6.465924000292432, 4.926993000326775], [6.476621999905433, 4.918055000038294], [6.487100000164901, 4.909813000369695], [6.49069799971295, 4.90399000073802], [6.49472099997422, 4.896088000560837], [6.498307999914289, 4.889577000678059], [6.499840000415759, 4.884481000397898], [6.503480000101945, 4.881424000617187], [6.512863000227355, 4.876656000174307], [6.515090000403234, 4.871781000193039], [6.517567000416761, 4.868050000806932], [6.525407000432779, 4.867921000254], [6.530714999697523, 4.868060000368757], [6.535145999888016, 4.870979000080865], [6.536639479728251, 4.86812572462253], [6.538817996553348, 4.864970426244213], [6.560096298805206, 4.851087211405741], [6.563077290584545, 4.851977202086232], [6.574154840973165, 4.855339653901979], [6.579495053054302, 4.86563714044172], [6.576441777366199, 4.870421289111277], [6.573061952447176, 4.875645097443339], [6.575124938764986, 4.880535254598385], [6.573117549435381, 4.884893492440767], [6.569490062016826, 4.889470151326464], [6.571131823874623, 4.893616058334487], [6.577118222228194, 4.899041403837771], [6.57458194789865, 4.903736682402041], [6.571040081334729, 4.906079022428969], [6.565754903266225, 4.907205997958499], [6.561391470939668, 4.90892096912745], [6.558984609052516, 4.915059834044143], [6.562840822845772, 4.913952300058668], [6.568081473681104, 4.914241694698489], [6.56759221011248, 4.92232740568528], [6.561189279062035, 4.927521087628122], [6.549765677643961, 4.929747062576951], [6.546547275636328, 4.934183411934953], [6.548350422633973, 4.937476341659874], [6.555058776041733, 4.940944522271934], [6.557405214279243, 4.942691112704722], [6.556184236213596, 4.950956223151252], [6.558135792932546, 4.963339579258218], [6.552977564962703, 4.972492548092646], [6.545553290951659, 4.977014880732213], [6.544145325846159, 4.983478071755655], [6.560072599870637, 4.995688381213881], [6.566617332424016, 5.014731603780547], [6.576263377952557, 5.026637020582086], [6.577866498640049, 5.051482381206995], [6.576603865775837, 5.063400687991418], [6.576382498553528, 5.093625261596571], [6.573676650756852, 5.105672836931944], [6.572996977328671, 5.118073582329998], [6.574340977254337, 5.133911825270559], [6.577552069572391, 5.143766651110127], [6.578591929573918, 5.152118768266575], [6.58587137226607, 5.172304976093812], [6.578727744290006, 5.177153394813388]]]}}, {"type": "Feature", "properties": {"shapeName": "Ahoada East", "shapeISO": "", "shapeID": "59680162B72068294191364", "shapeGroup": "NGA", "shapeType": "ADM2", "lga_name_standard": "Ahoada East", "state": "Rivers"}, "geometry": {"type": "Polygon", "coordinates": [[[6.667957097242265, 4.888483990743623], [6.675977619971206, 4.896290714944598], [6.677669771742615, 4.897730391944094], [6.683500901245623, 4.902967529128205], [6.687310467204327, 4.906437126172477], [6.693388518165648, 4.913062409202894], [6.702524324338128, 4.921154062010373], [6.699296597260229, 4.928131529446603], [6.678949749831133, 4.926036387869033], [6.672811639445626, 4.928361049023238], [6.663774033844618, 4.931678418724118], [6.670404034718501, 4.944186005379891], [6.669716887924096, 4.951278667876295], [6.671346898340744, 4.959948061353998], [6.671249104262813, 4.960838031350136], [6.675783590340473, 4.963521811582382], [6.682042056096066, 4.972675697725322], [6.679805549186767, 4.979520350583755], [6.671642071124722, 4.98823286925159], [6.672373301786479, 4.993282331414491], [6.673102755387902, 4.997290158314229], [6.683427654162983, 5.007171354074785], [6.686624505716395, 5.01335971407957], [6.711952149372223, 5.017959689687984], [6.707678195992003, 5.033092071841679], [6.704001530046639, 5.042879172435903], [6.701120766809993, 5.051443161772568], [6.699321147852743, 5.056063372126971], [6.702325941089384, 5.061756633761661], [6.705864397424023, 5.069359290998534], [6.709816211848761, 5.076880550596968], [6.710397012911869, 5.07854186821271], [6.724776274005876, 5.09592044477273], [6.721909692178599, 5.105464126768084], [6.698402940043707, 5.115629700750162], [6.696559085233673, 5.118947725157454], [6.694074583974896, 5.122876995377055], [6.694649921656605, 5.141340380953864], [6.69758356772752, 5.140499817912314], [6.70433216579687, 5.144838726626006], [6.711498189589804, 5.146205465010269], [6.712787004416782, 5.146673971326777], [6.722013098026082, 5.146722753252504], [6.725274513707916, 5.158267986178657], [6.713457868086209, 5.16248788310935], [6.711305154609249, 5.15681744177158], [6.704694821009241, 5.157613250950817], [6.696631112835632, 5.164784206625882], [6.693974018186452, 5.169140655716717], [6.676002875632264, 5.178994875413196], [6.678981450033916, 5.194567479305761], [6.68443531214001, 5.214717232214525], [6.671051169775694, 5.226655137024977], [6.660784751215317, 5.232626705558062], [6.660784751215317, 5.226826769939521], [6.660338602944194, 5.222811430103491], [6.660254480360038, 5.218086155551703], [6.660492426584256, 5.217074885897318], [6.660492426584256, 5.208568312877389], [6.660313966916078, 5.207557041424366], [6.660254480360038, 5.198515089399905], [6.660313966916078, 5.195778709619788], [6.660569608200888, 5.194624565571303], [6.652241494849136, 5.19486251179552], [6.6506948452909, 5.194386620246348], [6.648553330172092, 5.194267647134268], [6.640344189932478, 5.194148674022131], [6.635823214369907, 5.194505591559846], [6.634034999715539, 5.194195000798686], [6.626058999723114, 5.200321000014185], [6.622591016062586, 5.201385231643201], [6.589596581816863, 5.191509567612513], [6.582751313822143, 5.185128606100363], [6.578727744290006, 5.177153394813388], [6.58587137226607, 5.172304976093812], [6.578591929573918, 5.152118768266575], [6.577552069572391, 5.143766651110127], [6.574340977254337, 5.133911825270559], [6.572996977328671, 5.118073582329998], [6.573676650756852, 5.105672836931944], [6.576382498553528, 5.093625261596571], [6.576603865775837, 5.063400687991418], [6.577866498640049, 5.051482381206995], [6.576263377952557, 5.026637020582086], [6.566617332424016, 5.014731603780547], [6.560072599870637, 4.995688381213881], [6.544145325846159, 4.983478071755655], [6.545553290951659, 4.977014880732213], [6.552977564962703, 4.972492548092646], [6.60878468156784, 4.977347513876737], [6.611526658728394, 4.967570230281979], [6.612096167004552, 4.951332430247533], [6.613092119405849, 4.944431390796069], [6.613608332058902, 4.935786215161727], [6.61403823407727, 4.933616364203885], [6.614036242078953, 4.930239957608023], [6.61384178706885, 4.925988332595523], [6.619073587675985, 4.916405132590853], [6.631564215815956, 4.911715151033434], [6.643238690313353, 4.90678024990865], [6.646013893826193, 4.902689341839675], [6.667957097242265, 4.888483990743623]]]}}, {"type": "Feature", "properties": {"shapeName": "Ogba/Egbema/Ndoni", "shapeISO": "", "shapeID": "59680162B28887917480980", "shapeGroup": "NGA", "shapeType": "ADM2", "lga_name_standard": "Ogba-Egbema-Ndoni", "state": "Rivers"}, "geometry": {"type": "Polygon", "coordinates": [[[6.68443531214001, 5.214717232214525], [6.703399888993715, 5.217224352322035], [6.712752481242092, 5.231446952414956], [6.719991868130251, 5.242450743107383], [6.720000632922904, 5.242467286136389], [6.716862438750582, 5.267956879706276], [6.716785425307194, 5.269943123276562], [6.717178123271822, 5.279223222973428], [6.718251186243322, 5.283120171558721], [6.720073207312737, 5.287125307686836], [6.724358077563295, 5.293407378847519], [6.732718431610351, 5.301231599358857], [6.750921002102586, 5.312693288864239], [6.761453726108641, 5.31589989986054], [6.755795002037758, 5.323452949594014], [6.757574081378777, 5.342773914284749], [6.760469912756321, 5.353443146384166], [6.759709835440617, 5.366953850339996], [6.758449077662874, 5.377213000579559], [6.758446616218407, 5.377312596898889], [6.758138180232891, 5.389788150602726], [6.760583878443299, 5.40139293663475], [6.762536049399216, 5.410212994434175], [6.758967875866801, 5.420503138908771], [6.754459857736322, 5.429409027104953], [6.753319262873731, 5.433492183917224], [6.749034881854357, 5.438793181959852], [6.745812904142269, 5.445499251089586], [6.744081973604239, 5.449101925313641], [6.743738173577924, 5.458882808894543], [6.751194000302917, 5.464835167009426], [6.749948977963015, 5.476490020997744], [6.744967937120634, 5.484471798234949], [6.741359711381619, 5.494053840812171], [6.738784789586418, 5.493746280766288], [6.736568769233372, 5.493826160349045], [6.733294963591732, 5.493944167589291], [6.729844093130453, 5.493106842107125], [6.726963043010073, 5.491978645298275], [6.722477912625607, 5.491322041279204], [6.71990442255111, 5.490441321709682], [6.715590477218825, 5.489103794204766], [6.712041854947699, 5.489194870347035], [6.652729511058112, 5.490715980957816], [6.645450115130757, 5.49253559094484], [6.639080048005837, 5.493445873028691], [6.644210212631265, 5.528273192154131], [6.651403020932719, 5.577103236125481], [6.652051351188959, 5.581504573976929], [6.65843629759712, 5.624850273321499], [6.665866412704816, 5.6712004376501], [6.668868064609569, 5.689925194092496], [6.653137033447365, 5.681609277346297], [6.626002526795219, 5.683523453744442], [6.601873333187825, 5.687458521893291], [6.599704940031017, 5.678851447836109], [6.606450081106402, 5.670234203345842], [6.606889213766237, 5.669464413352046], [6.608761310885825, 5.66617345763899], [6.612325191054765, 5.659912108656954], [6.617293834742725, 5.651000023232541], [6.621345997319963, 5.642564773645461], [6.617601394788608, 5.631519318261951], [6.613107203734501, 5.626679419719494], [6.608144759972731, 5.621254921377556], [6.603773594375923, 5.614925860640028], [6.602045058732529, 5.607666015973905], [6.601007938065948, 5.5969495766617], [6.597568485397346, 5.590316347221687], [6.596168041322073, 5.587615489763095], [6.593402385911418, 5.580010414249273], [6.591673851167343, 5.574479103427905], [6.587871551730757, 5.567911147681343], [6.584760188831694, 5.561688422782538], [6.579228878010383, 5.559268475759609], [6.568858147085848, 5.553391458349154], [6.566329032259091, 5.553196993446534], [6.555376053262307, 5.55235481342396], [6.542584895976233, 5.549243449625521], [6.530831336896711, 5.531958579724744], [6.531044111996209, 5.530013243616338], [6.533251285718336, 5.509833813080036], [6.536935806342456, 5.491936207190236], [6.537696837838837, 5.478425025694435], [6.538163662423131, 5.475804329306413], [6.536655903147448, 5.469583987610974], [6.534836768901812, 5.4589743607782], [6.531979681217365, 5.453462885403894], [6.524530411449405, 5.438663960173699], [6.517558098027848, 5.434420108900952], [6.512404442211277, 5.428660392762936], [6.508820534140398, 5.425673961883888], [6.505941390582734, 5.425829410598851], [6.499718665683929, 5.426520823777025], [6.494187354862561, 5.425137997420677], [6.489347934759451, 5.422718525239816], [6.483125209860589, 5.420644283007277], [6.476556778372696, 5.404050827183994], [6.485476971185335, 5.379205227339412], [6.500597954432124, 5.379403114162415], [6.518475055779277, 5.380016804332115], [6.528549193890228, 5.379838942713093], [6.540015220825808, 5.380566120130368], [6.552827835036624, 5.379875182693581], [6.561977863087975, 5.379249096268836], [6.569632053276678, 5.372142791956321], [6.569458008380423, 5.362853049728528], [6.569312402745254, 5.3598079533744], [6.568703175011592, 5.347066879333056], [6.567076206102058, 5.333620071309269], [6.56315994277719, 5.320212840650129], [6.555650234071095, 5.310586930042859], [6.548624038668493, 5.302347183176039], [6.54117488940966, 5.295972823586965], [6.530881882393032, 5.284537791785738], [6.532513141967968, 5.273820876732145], [6.537384987127496, 5.264905930564282], [6.547463879954137, 5.257973660356186], [6.547786235646299, 5.257751942398272], [6.566636085986602, 5.236972809747442], [6.552762031642487, 5.226540565194966], [6.549230098989938, 5.212652206234395], [6.558826447082936, 5.198422908890166], [6.553380965759004, 5.189809800382022], [6.566127111077378, 5.183421137975188], [6.578727744290006, 5.177153394813388], [6.582751313822143, 5.185128606100363], [6.589596581816863, 5.191509567612513], [6.622591016062586, 5.201385231643201], [6.626058999723114, 5.200321000014185], [6.634034999715539, 5.194195000798686], [6.635823214369907, 5.194505591559846], [6.640344189932478, 5.194148674022131], [6.648553330172092, 5.194267647134268], [6.6506948452909, 5.194386620246348], [6.652241494849136, 5.19486251179552], [6.660569608200888, 5.194624565571303], [6.660313966916078, 5.195778709619788], [6.660254480360038, 5.198515089399905], [6.660313966916078, 5.207557041424366], [6.660492426584256, 5.208568312877389], [6.660492426584256, 5.217074885897318], [6.660254480360038, 5.218086155551703], [6.660338602944194, 5.222811430103491], [6.660784751215317, 5.226826769939521], [6.660784751215317, 5.232626705558062], [6.671051169775694, 5.226655137024977], [6.68443531214001, 5.214717232214525]]]}}, {"type": "Feature", "properties": {"shapeName": "Emuoha", "shapeISO": "", "shapeID": "59680162B36304665045822", "shapeGroup": "NGA", "shapeType": "ADM2", "lga_name_standard": "Emohua", "state": "Rivers"}, "geometry": {"type": "MultiPolygon", "coordinates": [[[[6.929063274350654, 4.781698499985851], [6.928739302576787, 4.783805980261832], [6.926443629270125, 4.789355234356606], [6.921303518142906, 4.799536023968358], [6.918856744343316, 4.803976161270896], [6.920328867982903, 4.807421160058539], [6.923979049793388, 4.809591881560152], [6.928841733559182, 4.811254913283676], [6.931541286101549, 4.820144253954197], [6.921545093131613, 4.824877018059965], [6.920236331341641, 4.829773596374423], [6.923626397740122, 4.834857390156458], [6.924786968343938, 4.839796376901347], [6.92409801661023, 4.84299933395215], [6.920706333230726, 4.847757639703332], [6.913121234357504, 4.848112851227143], [6.908563632105995, 4.849706925634166], [6.902635514317581, 4.855007600820159], [6.902795631413312, 4.860441862202208], [6.903795869084149, 4.863212859585872], [6.902724325067595, 4.870525579891648], [6.902724482448946, 4.870607097139896], [6.89851582344653, 4.875107309155055], [6.892908725857069, 4.884419195389626], [6.891383984683216, 4.885180725110445], [6.894733238947879, 4.88819464466718], [6.897965920390959, 4.889055632211694], [6.90010187680025, 4.893650079687461], [6.899932654068778, 4.897240253335099], [6.897466555637095, 4.900511632605799], [6.89902574714057, 4.903888629156938], [6.899056645148107, 4.904247741040479], [6.899334704732894, 4.907608923912733], [6.897967124583204, 4.91024635668407], [6.894835278725168, 4.911439746247368], [6.891665340283282, 4.91131430071448], [6.887440786663035, 4.907324028581115], [6.884985429733831, 4.907191342606438], [6.88481137134778, 4.907130359578503], [6.882651270839517, 4.908594523318641], [6.881587434912262, 4.910479475347586], [6.877015517252346, 4.911815220396136], [6.874462622552016, 4.912574437060698], [6.86763234265851, 4.91321367786901], [6.866281777681934, 4.91589961017894], [6.864707090859611, 4.919915171248192], [6.858475567893208, 4.926293121830156], [6.854549629661733, 4.934767691575757], [6.849291233403733, 4.946201751209912], [6.846132371911494, 4.952696890649008], [6.846259429928807, 4.953108717193572], [6.8461389882238, 4.957600561916422], [6.846022510730336, 4.961364098774197], [6.8453130148838, 4.971991773201808], [6.846743699562126, 4.98086748734471], [6.846621365683518, 4.982357406768983], [6.847013799247463, 4.983963457447658], [6.846838905391223, 4.999069206178945], [6.846018579793679, 5.006905294144076], [6.846027928246315, 5.016937271138204], [6.845986687135962, 5.021771728782312], [6.846419154020793, 5.026272281640559], [6.828634018245396, 5.037726751388504], [6.805956959046455, 5.054779598899415], [6.797945048225472, 5.053643835194862], [6.782515221600249, 5.051772836147506], [6.777009143057569, 5.061415439970631], [6.763559442814085, 5.078923592649744], [6.743502124923168, 5.089870608242052], [6.724776274005876, 5.09592044477273], [6.710397012911869, 5.07854186821271], [6.709816211848761, 5.076880550596968], [6.705864397424023, 5.069359290998534], [6.702325941089384, 5.061756633761661], [6.699321147852743, 5.056063372126971], [6.701120766809993, 5.051443161772568], [6.704001530046639, 5.042879172435903], [6.707678195992003, 5.033092071841679], [6.711952149372223, 5.017959689687984], [6.686624505716395, 5.01335971407957], [6.683427654162983, 5.007171354074785], [6.673102755387902, 4.997290158314229], [6.672373301786479, 4.993282331414491], [6.671642071124722, 4.98823286925159], [6.679805549186767, 4.979520350583755], [6.682042056096066, 4.972675697725322], [6.675783590340473, 4.963521811582382], [6.671249104262813, 4.960838031350136], [6.671346898340744, 4.959948061353998], [6.669716887924096, 4.951278667876295], [6.670404034718501, 4.944186005379891], [6.663774033844618, 4.931678418724118], [6.672811639445626, 4.928361049023238], [6.678949749831133, 4.926036387869033], [6.699296597260229, 4.928131529446603], [6.702524324338128, 4.921154062010373], [6.693388518165648, 4.913062409202894], [6.687310467204327, 4.906437126172477], [6.683500901245623, 4.902967529128205], [6.677669771742615, 4.897730391944094], [6.675977619971206, 4.896290714944598], [6.667957097242265, 4.888483990743623], [6.669359767139611, 4.884839210261418], [6.689666791689149, 4.865913481422069], [6.71703907009703, 4.867557518564695], [6.72572332667022, 4.867625872436122], [6.740948281438079, 4.825232972423805], [6.750670272015498, 4.827192902730303], [6.775697998963551, 4.821996369936585], [6.784185441604905, 4.820783107154739], [6.784905443331581, 4.820704821170636], [6.78901834881782, 4.820970113080307], [6.795687828130838, 4.82149401044029], [6.799400592863094, 4.82228923056357], [6.813210842106741, 4.842755677932246], [6.849907972275162, 4.824626831163357], [6.86246709368146, 4.824882083041757], [6.869835509900895, 4.81373460586741], [6.877776703432176, 4.801735924873071], [6.875905885148541, 4.777633610202997], [6.8767165277456, 4.775784797430504], [6.881100915175125, 4.771070112395819], [6.886361864608432, 4.766345230847776], [6.902680387789701, 4.753307015406506], [6.904657714581901, 4.751772441944695], [6.929063274350654, 4.781698499985851]]], [[[6.721909692178599, 5.105464126768084], [6.727602807223832, 5.122194786760076], [6.739781242910055, 5.14681670093006], [6.744102639125572, 5.151544187814068], [6.753571581163612, 5.158029986894405], [6.758264935178659, 5.153329216170448], [6.763312967419552, 5.15012842019047], [6.768862983240126, 5.146595269855879], [6.784432521343831, 5.128045026856569], [6.7985988211787, 5.131348005606014], [6.822344304645981, 5.156566711684434], [6.821376948887121, 5.156831399249711], [6.82501016678583, 5.163073765342062], [6.831312622879295, 5.171982293947735], [6.823970254623589, 5.203485119842469], [6.822199956263034, 5.205607302235251], [6.818689345636813, 5.213896155683074], [6.814860889418583, 5.219997309328392], [6.81116587010888, 5.225640420269201], [6.810072195575401, 5.227528710581566], [6.816560725896807, 5.259442008641827], [6.81136322003664, 5.264081954618575], [6.803584098727242, 5.269271851314954], [6.794449806113732, 5.277269839731389], [6.793134154617576, 5.278474415961568], [6.786231994610887, 5.284793853953261], [6.777565955604416, 5.293721199074128], [6.773920588764213, 5.297476076359885], [6.770724773229745, 5.300767899019377], [6.765624046112862, 5.308510302808259], [6.763694762903015, 5.312908648615291], [6.761453726108641, 5.31589989986054], [6.750921002102586, 5.312693288864239], [6.732718431610351, 5.301231599358857], [6.724358077563295, 5.293407378847519], [6.720073207312737, 5.287125307686836], [6.718251186243322, 5.283120171558721], [6.717178123271822, 5.279223222973428], [6.716785425307194, 5.269943123276562], [6.716862438750582, 5.267956879706276], [6.720000632922904, 5.242467286136389], [6.719991868130251, 5.242450743107383], [6.712752481242092, 5.231446952414956], [6.703399888993715, 5.217224352322035], [6.68443531214001, 5.214717232214525], [6.678981450033916, 5.194567479305761], [6.676002875632264, 5.178994875413196], [6.693974018186452, 5.169140655716717], [6.696631112835632, 5.164784206625882], [6.704694821009241, 5.157613250950817], [6.711305154609249, 5.15681744177158], [6.713457868086209, 5.16248788310935], [6.725274513707916, 5.158267986178657], [6.722013098026082, 5.146722753252504], [6.712787004416782, 5.146673971326777], [6.711498189589804, 5.146205465010269], [6.70433216579687, 5.144838726626006], [6.69758356772752, 5.140499817912314], [6.694649921656605, 5.141340380953864], [6.694074583974896, 5.122876995377055], [6.696559085233673, 5.118947725157454], [6.698402940043707, 5.115629700750162], [6.721909692178599, 5.105464126768084]]]]}}, {"type": "Feature", "properties": {"shapeName": "Ikwerre", "shapeISO": "", "shapeID": "59680162B85189896765318", "shapeGroup": "NGA", "shapeType": "ADM2", "lga_name_standard": "Ikwerre", "state": "Rivers"}, "geometry": {"type": "Polygon", "coordinates": [[[6.724776274005876, 5.09592044477273], [6.743502124923168, 5.089870608242052], [6.763559442814085, 5.078923592649744], [6.777009143057569, 5.061415439970631], [6.782515221600249, 5.051772836147506], [6.797945048225472, 5.053643835194862], [6.805956959046455, 5.054779598899415], [6.828634018245396, 5.037726751388504], [6.846419154020793, 5.026272281640559], [6.845986687135962, 5.021771728782312], [6.846027928246315, 5.016937271138204], [6.846018579793679, 5.006905294144076], [6.846838905391223, 4.999069206178945], [6.847013799247463, 4.983963457447658], [6.846621365683518, 4.982357406768983], [6.846743699562126, 4.98086748734471], [6.8453130148838, 4.971991773201808], [6.846022510730336, 4.961364098774197], [6.8461389882238, 4.957600561916422], [6.846259429928807, 4.953108717193572], [6.846132371911494, 4.952696890649008], [6.849291233403733, 4.946201751209912], [6.854549629661733, 4.934767691575757], [6.858475567893208, 4.926293121830156], [6.864707090859611, 4.919915171248192], [6.866281777681934, 4.91589961017894], [6.86763234265851, 4.91321367786901], [6.874462622552016, 4.912574437060698], [6.877015517252346, 4.911815220396136], [6.881587434912262, 4.910479475347586], [6.882651270839517, 4.908594523318641], [6.88481137134778, 4.907130359578503], [6.884985429733831, 4.907191342606438], [6.887440786663035, 4.907324028581115], [6.891665340283282, 4.91131430071448], [6.894835278725168, 4.911439746247368], [6.897967124583204, 4.91024635668407], [6.899334704732894, 4.907608923912733], [6.899056645148107, 4.904247741040479], [6.899781041861615, 4.904437337013519], [6.901794321750572, 4.905304172849355], [6.902150982981539, 4.904816653066121], [6.903129241221563, 4.904218266659711], [6.903663553630167, 4.904103062606282], [6.904998232082789, 4.903985166881967], [6.905542720320341, 4.903791359383774], [6.905932391166971, 4.903399972630666], [6.906099796368551, 4.902761691399007], [6.907625924297008, 4.905237084324028], [6.909212778946653, 4.907770636405814], [6.910014020930362, 4.909420461585057], [6.91041665820228, 4.910026020984105], [6.910984672704558, 4.910697890994925], [6.912009396216718, 4.911816620640593], [6.912719449642907, 4.912646137309423], [6.913489572385913, 4.913512901199454], [6.914517564034384, 4.914665485823548], [6.915170458350019, 4.915395075222591], [6.915534706261724, 4.915660822189238], [6.916445392141156, 4.916213771248579], [6.916953670975204, 4.916594516323926], [6.917286298723752, 4.916904039589781], [6.917826209412056, 4.917533192702706], [6.918113299988875, 4.917999330204964], [6.918381209825043, 4.918666941026572], [6.918758423262659, 4.91954201195432], [6.918927261084264, 4.920088172930889], [6.918987461702045, 4.920504025740229], [6.918973763228621, 4.921060539712187], [6.919113870408864, 4.921457346679233], [6.919311836372174, 4.921739378569498], [6.919693951114994, 4.922012702324423], [6.920404787850714, 4.922591952056962], [6.920950295919454, 4.921751030185931], [6.920844845912939, 4.921487015313573], [6.920768936837021, 4.921162238646446], [6.920805256857193, 4.920718139930273], [6.920886426967058, 4.920524192137805], [6.922090066103692, 4.918914578345152], [6.923262882775873, 4.917523995336182], [6.923830268652011, 4.917386658967189], [6.924063169679584, 4.917486946865154], [6.926984636232021, 4.916327780103018], [6.929829408600369, 4.914582580921433], [6.931221849608733, 4.913487587981876], [6.932722290201582, 4.912478601706141], [6.934628753114509, 4.910883004746893], [6.934838469619706, 4.910981530873016], [6.936193181370299, 4.910812725426979], [6.937275379655091, 4.9106712027139], [6.939698475204523, 4.910427230132598], [6.941655578941891, 4.910290076326021], [6.941105692074075, 4.911650327001041], [6.945897410337238, 4.9137327395743], [6.948531619039045, 4.914850570797228], [6.950852194573145, 4.915879795416288], [6.953032644940663, 4.916879427843355], [6.952952659237894, 4.91761397160758], [6.954747413762163, 4.917492262757776], [6.955262882675925, 4.915896300673808], [6.955828176729028, 4.914203622798993], [6.956596791308925, 4.911887331635114], [6.957107697062611, 4.910337077594079], [6.957077285588298, 4.910149455632904], [6.960010287744637, 4.909869481391524], [6.962290018769409, 4.909981277014367], [6.963468395949747, 4.910110147165597], [6.962386187772381, 4.915714497326235], [6.961308349400838, 4.91875662771622], [6.960791685288086, 4.920448629300836], [6.959946469154261, 4.923190758446765], [6.959743942728835, 4.924830766626599], [6.959759821158855, 4.926316638202366], [6.960142264154229, 4.927487159804627], [6.961133487020845, 4.929347962338625], [6.961553902090941, 4.930114680248323], [6.96169835479526, 4.931175149113869], [6.96170139720175, 4.932184717250948], [6.961749592769536, 4.932786531872978], [6.961697279206135, 4.933448920331443], [6.959278799876756, 4.936844695626235], [6.963225149121399, 4.936440883839794], [6.964548557270177, 4.936260833270865], [6.96606534124254, 4.936148604174775], [6.966837820209264, 4.936044855685566], [6.967332539065467, 4.936049247075118], [6.967557777869217, 4.936114902081101], [6.968683175987849, 4.936379163367747], [6.969700204001242, 4.936580943355921], [6.970244081599162, 4.936621891287302], [6.970552100299244, 4.936612827919703], [6.970929098798933, 4.936512808919019], [6.971198258692709, 4.936337344892593], [6.971606353050788, 4.935999946240599], [6.972024860658848, 4.935580944904757], [6.972605081659253, 4.935116109620822], [6.972942593625817, 4.934920346996478], [6.973632057073814, 4.934741972763902], [6.975606054575792, 4.934363564127239], [6.976389418936606, 4.934192217197108], [6.977430248407302, 4.934006437047458], [6.978499405623097, 4.933780435618644], [6.979124327425836, 4.933678324794926], [6.979626757069241, 4.933442763572714], [6.980699543948845, 4.932753385560318], [6.981592325225677, 4.932155286037641], [6.982788001764902, 4.93143703259301], [6.988004464434539, 4.928331689755737], [6.988967159007245, 4.927778362081767], [6.990552676364985, 4.926917378134533], [6.991790905226139, 4.926233219787321], [6.993292945712938, 4.92543708055689], [6.994417672037969, 4.924816532157308], [6.994999950687202, 4.924560211884341], [6.995069718292939, 4.924719541173943], [6.995094125893218, 4.925086147108061], [6.995194004599682, 4.925227846987582], [6.995717489170829, 4.925779972267947], [6.996425263715025, 4.926540280709446], [6.997232692135071, 4.927169271045045], [6.99765501376794, 4.927454419086246], [6.998198813124759, 4.928149668772221], [6.999354191942473, 4.927262314903942], [7.00516155955836, 4.934493585410678], [7.005567589972372, 4.93513043222373], [7.007339238215309, 4.934168047017806], [7.008627091666995, 4.933500054883666], [7.009309239130118, 4.933103860354947], [7.00970021399371, 4.932928002425399], [7.0099866966288, 4.932831612189204], [7.010541017154253, 4.932805530950532], [7.011416407341358, 4.932720184389041], [7.013258146046667, 4.932544332754787], [7.018883337096383, 4.93201315628221], [7.020086704637777, 4.931902272571847], [7.020431349127534, 4.931922594552134], [7.021527187429797, 4.933170338240586], [7.024039669295348, 4.936093830066227], [7.025966408323143, 4.9384079205891], [7.02658324342201, 4.939008690198932], [7.026829574025669, 4.939174662780488], [7.027019318386863, 4.939145849401484], [7.027292845388558, 4.938919032287572], [7.027308087997937, 4.938913713696991], [7.027658925219271, 4.93866996324823], [7.027882639672157, 4.93860863128333], [7.028004437554785, 4.938660280247802], [7.027340433913935, 4.939909416086721], [7.026531077347386, 4.941599147782483], [7.025498526136118, 4.943637909961637], [7.024315497662144, 4.946021904787131], [7.023132220975242, 4.948361647572028], [7.021948688880912, 4.950794489973759], [7.020829782068859, 4.95306883316016], [7.019404553577317, 4.95567651635821], [7.019307212757724, 4.955845079886558], [7.019339416580863, 4.956062233785133], [7.01981198423573, 4.956908664902983], [7.020909729100765, 4.958488846583066], [7.02242637008095, 4.960680694958171], [7.023456606437264, 4.962497624965465], [7.024001856400616, 4.963114829685708], [7.024839306888566, 4.963764118619224], [7.026180804900264, 4.964797134779985], [7.026915731775659, 4.965356345818748], [7.027596025736045, 4.96587830783767], [7.02934413062718, 4.966596379619261], [7.029751936302887, 4.966702592250897], [7.031021749354295, 4.967087323121518], [7.032248070292269, 4.967570832827732], [7.034122172900027, 4.968274451604714], [7.03506920487996, 4.968596549191432], [7.036456600691622, 4.969067426120887], [7.037120083624984, 4.969388888786227], [7.037698710127415, 4.969816484942896], [7.037846069440604, 4.970203423649139], [7.038267254330378, 4.971239746617073], [7.03863872919402, 4.97242847499416], [7.038993203273776, 4.973592946857082], [7.039337732650267, 4.97435240364058], [7.039760166698386, 4.97487719043005], [7.040456179009482, 4.975574412329308], [7.040844553033764, 4.976002492321186], [7.041347360392422, 4.976629735274116], [7.042588798034672, 4.978661741746009], [7.045459024814193, 4.983412298039184], [7.04567890455786, 4.983766718159586], [7.046500428052354, 4.985067649552434], [7.047368676723124, 4.986107943027207], [7.048956336265974, 4.987594513376166], [7.049533745086308, 4.988126710579252], [7.051131864643878, 4.989684002714625], [7.052136731125302, 4.990387351694949], [7.052872107661699, 4.991146956866601], [7.053415127306323, 4.991717690918733], [7.052496945577616, 4.992985601004705], [7.050060510384299, 4.995218141004443], [7.049561029617848, 4.995876969946266], [7.048746430903122, 4.997056211375082], [7.048130730748653, 4.998009148303595], [7.047239499903071, 4.999361014599174], [7.046300888275425, 5.000809074179472], [7.045876782387666, 5.001491469855523], [7.04463898879834, 5.003635884388586], [7.043388882590932, 5.00564168371676], [7.042472157763939, 5.007117017036762], [7.042038697128191, 5.007613164915654], [7.041748506588362, 5.00787920056473], [7.041267121080807, 5.008417167818095], [7.040852967990133, 5.008825988828391], [7.039590611217761, 5.010140085396699], [7.038760008167912, 5.010818746188249], [7.037028048805439, 5.00970085291209], [7.03629867434438, 5.009312897971938], [7.036117039170051, 5.009230130666026], [7.035186069981194, 5.008909816434937], [7.034712638077849, 5.008661831078712], [7.034517522965359, 5.008447771747342], [7.033993249688763, 5.007930925971493], [7.033196534892227, 5.006834641605451], [7.032389096579607, 5.005458418071612], [7.032273002197314, 5.005091542340836], [7.032214196428072, 5.003909989654346], [7.03205541302691, 5.003866341958144], [7.031906210103557, 5.004107416024453], [7.0299333844182, 5.006677358273521], [7.026975031272741, 5.010213793831554], [7.024750973678522, 5.012946087092303], [7.020405597940055, 5.009418983799094], [7.017787928670032, 5.00729563408629], [7.016222899667127, 5.004638294821518], [7.014696519928521, 5.005411610157751], [7.0128939943624, 5.006379463241672], [7.007612590748522, 5.026059798820711], [6.994997481148857, 5.023414630980483], [6.993956467317162, 5.024009497440375], [6.992618019805832, 5.02549666044257], [6.980608155741834, 5.04766765313974], [6.979774860121722, 5.047598211987918], [6.975889143169468, 5.047998189964517], [6.978602870825853, 5.050561154373838], [6.979658209958473, 5.051918018202002], [6.980110497901194, 5.054631745858444], [6.980110497901194, 5.05779776055823], [6.976793719054967, 5.069104960925245], [6.975587617574547, 5.07408012829535], [6.974532279341247, 5.082221311264561], [6.973929229050725, 5.085387326863668], [6.972723127570305, 5.089156392753353], [6.971366263742141, 5.091417831567696], [6.970913975799419, 5.092774696295237], [6.969659365787152, 5.094718233759522], [6.967755796892561, 5.099286798746789], [6.967184725594677, 5.101380724440901], [6.963567946403657, 5.107472144723772], [6.961474019810225, 5.110327499414609], [6.959951165413997, 5.113563565006586], [6.95709581162248, 5.117941773194332], [6.953669387432342, 5.122319981382077], [6.952146533036114, 5.123652479878103], [6.950242964141523, 5.125746405572215], [6.947006896750906, 5.128601757565093], [6.944744029813194, 5.129527368593244], [6.944744029813194, 5.131050223888792], [6.944770949219958, 5.13264837582193], [6.944148551814237, 5.133304840446101], [6.941042991341021, 5.136580385376533], [6.941027110213042, 5.154290405278005], [6.940357507393117, 5.163025687585446], [6.93973174472427, 5.172615653189894], [6.938755993794132, 5.190281678256895], [6.944377738641776, 5.198263052597838], [6.943527592424516, 5.20462404736196], [6.943842935203349, 5.217088464760877], [6.943569249920984, 5.228638946130502], [6.938544750240055, 5.227691649749886], [6.934500216611752, 5.226929188331439], [6.931180953838009, 5.226303101007375], [6.929527026850849, 5.226431311955537], [6.92890500985834, 5.226479530006372], [6.926602838949918, 5.225842521315371], [6.923666953567079, 5.225111960648519], [6.921226501102183, 5.224175453434498], [6.917620991315744, 5.222851653181294], [6.903954983435767, 5.219525813665427], [6.897809982444755, 5.221659660265175], [6.894636631075684, 5.222761631044477], [6.891583442621823, 5.223822116997155], [6.887593746054563, 5.225611210289173], [6.881956100293849, 5.23042202026005], [6.879556715370143, 5.233247675739676], [6.875578879961381, 5.237932204707533], [6.866418838858351, 5.243133067736949], [6.848985195010812, 5.249797821112622], [6.836094855992883, 5.249899863587871], [6.833809375602243, 5.250541209709127], [6.830335617394894, 5.251515865264992], [6.827092647707559, 5.252425670708192], [6.824282169186802, 5.254179478200399], [6.818212986440244, 5.257966994581182], [6.816560725896807, 5.259442008641827], [6.810072195575401, 5.227528710581566], [6.81116587010888, 5.225640420269201], [6.814860889418583, 5.219997309328392], [6.818689345636813, 5.213896155683074], [6.822199956263034, 5.205607302235251], [6.823970254623589, 5.203485119842469], [6.831312622879295, 5.171982293947735], [6.82501016678583, 5.163073765342062], [6.821376948887121, 5.156831399249711], [6.822344304645981, 5.156566711684434], [6.7985988211787, 5.131348005606014], [6.784432521343831, 5.128045026856569], [6.768862983240126, 5.146595269855879], [6.763312967419552, 5.15012842019047], [6.758264935178659, 5.153329216170448], [6.753571581163612, 5.158029986894405], [6.744102639125572, 5.151544187814068], [6.739781242910055, 5.14681670093006], [6.727602807223832, 5.122194786760076], [6.721909692178599, 5.105464126768084], [6.724776274005876, 5.09592044477273]]]}}, {"type": "Feature", "properties": {"shapeName": "Etche", "shapeISO": "", "shapeID": "59680162B93423525469915", "shapeGroup": "NGA", "shapeType": "ADM2", "lga_name_standard": "Etche", "state": "Rivers"}, "geometry": {"type": "Polygon", "coordinates": [[[7.227855728858856, 5.194829440126625], [7.217730999386163, 5.195592880007439], [7.210087776429759, 5.196576595333681], [7.200284004203468, 5.199445248299639], [7.198362198856444, 5.199763102884958], [7.19390964461445, 5.201518536351443], [7.190780639714774, 5.202972411847384], [7.188223839258796, 5.204425334961286], [7.185384749706486, 5.206168175221137], [7.182541847028688, 5.207621574076427], [7.179408549664856, 5.208786010865765], [7.178589029859893, 5.209018930779052], [7.174276351672347, 5.21024465636583], [7.17141437527323, 5.210251331134089], [7.168567656771984, 5.211415291282719], [7.165431022923428, 5.212290764207467], [7.158279896400131, 5.212596415891937], [7.154713907321025, 5.212924456198721], [7.151132583901699, 5.213191508981026], [7.148297310172779, 5.213676928847235], [7.144279002573967, 5.214365004641309], [7.141417027074169, 5.214371681208149], [7.137703896317817, 5.214959145348303], [7.136174784438822, 5.214962659898902], [7.135630130725986, 5.214963912654468], [7.129712581770264, 5.215579510286204], [7.12711524976902, 5.215978145574979], [7.124798297603377, 5.216333867014384], [7.122664927644337, 5.21629238128844], [7.117270946896724, 5.218141078947667], [7.115069866081512, 5.218716620775467], [7.112276077179274, 5.219484806378773], [7.110287188702841, 5.22010421803526], [7.108289718895435, 5.220434665827213], [7.104862095909027, 5.22131426664015], [7.104058743216456, 5.221520423628704], [7.101769447002425, 5.222882270600337], [7.099493979663464, 5.223507881283751], [7.096863270223764, 5.22384357482116], [7.094953059835916, 5.225047588075768], [7.092122555211802, 5.226262568562731], [7.089570045421283, 5.227182387956873], [7.087322234933254, 5.228674411794714], [7.083796023767547, 5.228972435429625], [7.081119537037068, 5.230340481428129], [7.076833725196309, 5.232649802846197], [7.074863433800488, 5.233847141332546], [7.071746349414525, 5.235067844205673], [7.071163021256496, 5.235480518810959], [7.070062636881232, 5.236258983665209], [7.066473960604867, 5.237781525097375], [7.064420699555683, 5.239266395727611], [7.062163352656626, 5.240469455700861], [7.059900284270725, 5.240023135659214], [7.057805060854946, 5.242176532620931], [7.05596637714666, 5.24406671510684], [7.053144932292867, 5.245570660357714], [7.051229056176055, 5.246246851610977], [7.049116135001668, 5.246992588337321], [7.047133923092133, 5.247860908953839], [7.045132159921309, 5.248737812699972], [7.042693614918448, 5.249077796902839], [7.039992332080487, 5.249618052930828], [7.035687923159173, 5.248759748063947], [7.032238006878572, 5.24761056917248], [7.028792381263429, 5.246750355044924], [7.02333545696581, 5.245316029011576], [7.021244526014129, 5.244569302131652], [7.019309997958089, 5.243878841335516], [7.014990330239584, 5.241863251088205], [7.012022972182478, 5.242380141830154], [7.008833407835539, 5.241290569104535], [7.006873607930686, 5.240621090391073], [7.003732680718713, 5.239980697551175], [7.003581383274252, 5.239958220795302], [7.001007556853324, 5.23957586323553], [6.998440265805698, 5.239194393306661], [6.993147373352656, 5.237004758163096], [6.990743636609579, 5.236010551345942], [6.986503123620309, 5.23425579057232], [6.982931136962463, 5.23473691887375], [6.980701446914281, 5.235037326611405], [6.978500842739777, 5.235333920324194], [6.975482940984989, 5.235740184561905], [6.971787929769164, 5.236238003381175], [6.96778297440477, 5.234714985308358], [6.965338707015746, 5.233785628603925], [6.963143348586698, 5.232950687224502], [6.959775925318752, 5.231669903343402], [6.956932067560899, 5.231139660367091], [6.954387665158663, 5.230665206833862], [6.951506615038284, 5.230127810650004], [6.947784901152318, 5.229434013369087], [6.944733620160491, 5.228858470641967], [6.943569249920984, 5.228638946130502], [6.943842935203349, 5.217088464760877], [6.943527592424516, 5.20462404736196], [6.944377738641776, 5.198263052597838], [6.938755993794132, 5.190281678256895], [6.93973174472427, 5.172615653189894], [6.940357507393117, 5.163025687585446], [6.941027110213042, 5.154290405278005], [6.941042991341021, 5.136580385376533], [6.944148551814237, 5.133304840446101], [6.944770949219958, 5.13264837582193], [6.944744029813194, 5.131050223888792], [6.944744029813194, 5.129527368593244], [6.947006896750906, 5.128601757565093], [6.950242964141523, 5.125746405572215], [6.952146533036114, 5.123652479878103], [6.953669387432342, 5.122319981382077], [6.95709581162248, 5.117941773194332], [6.959951165413997, 5.113563565006586], [6.961474019810225, 5.110327499414609], [6.963567946403657, 5.107472144723772], [6.967184725594677, 5.101380724440901], [6.967755796892561, 5.099286798746789], [6.969659365787152, 5.094718233759522], [6.970913975799419, 5.092774696295237], [6.971366263742141, 5.091417831567696], [6.972723127570305, 5.089156392753353], [6.973929229050725, 5.085387326863668], [6.974532279341247, 5.082221311264561], [6.975587617574547, 5.07408012829535], [6.976793719054967, 5.069104960925245], [6.980110497901194, 5.05779776055823], [6.980110497901194, 5.054631745858444], [6.979658209958473, 5.051918018202002], [6.978602870825853, 5.050561154373838], [6.975889143169468, 5.047998189964517], [6.979774860121722, 5.047598211987918], [6.980608155741834, 5.04766765313974], [6.992618019805832, 5.02549666044257], [6.993956467317162, 5.024009497440375], [6.994997481148857, 5.023414630980483], [7.007612590748522, 5.026059798820711], [7.0128939943624, 5.006379463241672], [7.014696519928521, 5.005411610157751], [7.016222899667127, 5.004638294821518], [7.017787928670032, 5.00729563408629], [7.020405597940055, 5.009418983799094], [7.024750973678522, 5.012946087092303], [7.026975031272741, 5.010213793831554], [7.0299333844182, 5.006677358273521], [7.031906210103557, 5.004107416024453], [7.03205541302691, 5.003866341958144], [7.032214196428072, 5.003909989654346], [7.032273002197314, 5.005091542340836], [7.032389096579607, 5.005458418071612], [7.033196534892227, 5.006834641605451], [7.033993249688763, 5.007930925971493], [7.034517522965359, 5.008447771747342], [7.034712638077849, 5.008661831078712], [7.035186069981194, 5.008909816434937], [7.036117039170051, 5.009230130666026], [7.03629867434438, 5.009312897971938], [7.037028048805439, 5.00970085291209], [7.038760008167912, 5.010818746188249], [7.039590611217761, 5.010140085396699], [7.040852967990133, 5.008825988828391], [7.041267121080807, 5.008417167818095], [7.041748506588362, 5.00787920056473], [7.042038697128191, 5.007613164915654], [7.042472157763939, 5.007117017036762], [7.043388882590932, 5.00564168371676], [7.04463898879834, 5.003635884388586], [7.045876782387666, 5.001491469855523], [7.046300888275425, 5.000809074179472], [7.047239499903071, 4.999361014599174], [7.048130730748653, 4.998009148303595], [7.048746430903122, 4.997056211375082], [7.049561029617848, 4.995876969946266], [7.050060510384299, 4.995218141004443], [7.052496945577616, 4.992985601004705], [7.053415127306323, 4.991717690918733], [7.052872107661699, 4.991146956866601], [7.052136731125302, 4.990387351694949], [7.051131864643878, 4.989684002714625], [7.049533745086308, 4.988126710579252], [7.048956336265974, 4.987594513376166], [7.047368676723124, 4.986107943027207], [7.046500428052354, 4.985067649552434], [7.04567890455786, 4.983766718159586], [7.045459024814193, 4.983412298039184], [7.042588798034672, 4.978661741746009], [7.041347360392422, 4.976629735274116], [7.040844553033764, 4.976002492321186], [7.040456179009482, 4.975574412329308], [7.039760166698386, 4.97487719043005], [7.039337732650267, 4.97435240364058], [7.038993203273776, 4.973592946857082], [7.03863872919402, 4.97242847499416], [7.038267254330378, 4.971239746617073], [7.037846069440604, 4.970203423649139], [7.037698710127415, 4.969816484942896], [7.037120083624984, 4.969388888786227], [7.036456600691622, 4.969067426120887], [7.03506920487996, 4.968596549191432], [7.034122172900027, 4.968274451604714], [7.032248070292269, 4.967570832827732], [7.031021749354295, 4.967087323121518], [7.029751936302887, 4.966702592250897], [7.02934413062718, 4.966596379619261], [7.027596025736045, 4.96587830783767], [7.026915731775659, 4.965356345818748], [7.026180804900264, 4.964797134779985], [7.024839306888566, 4.963764118619224], [7.024001856400616, 4.963114829685708], [7.023456606437264, 4.962497624965465], [7.02242637008095, 4.960680694958171], [7.020909729100765, 4.958488846583066], [7.01981198423573, 4.956908664902983], [7.019339416580863, 4.956062233785133], [7.019307212757724, 4.955845079886558], [7.019404553577317, 4.95567651635821], [7.020829782068859, 4.95306883316016], [7.021948688880912, 4.950794489973759], [7.023132220975242, 4.948361647572028], [7.024315497662144, 4.946021904787131], [7.025498526136118, 4.943637909961637], [7.026531077347386, 4.941599147782483], [7.027340433913935, 4.939909416086721], [7.028004437554785, 4.938660280247802], [7.029052666647317, 4.936531192860286], [7.030596286389539, 4.933509854796], [7.031128040226918, 4.932291912841549], [7.031480348739137, 4.931229919625139], [7.031485863381931, 4.931200099904743], [7.031976554174662, 4.929031196832341], [7.032158628218156, 4.928063355439576], [7.032116380766411, 4.926508573312049], [7.032083620262938, 4.926117440167786], [7.031815667259309, 4.92436408503454], [7.03108571183617, 4.918996509281499], [7.033134634555779, 4.919789946049207], [7.035688084137803, 4.920847120698113], [7.038860752022117, 4.922330762854472], [7.042928579890088, 4.922757162912774], [7.048712290839603, 4.923432932383946], [7.054473103251155, 4.923985391312783], [7.061185016175614, 4.924650267296045], [7.063447582739798, 4.924952507852026], [7.072922026830099, 4.923395603324479], [7.077169074293408, 4.922644346559366], [7.081135027859318, 4.922002845754776], [7.082051032329332, 4.921819751880093], [7.081867972628856, 4.921201997674075], [7.081693345871258, 4.920255231893464], [7.081584597151505, 4.918433476124051], [7.081573215331673, 4.917462005966854], [7.081583458609771, 4.91576361739709], [7.081534525597931, 4.914587511004868], [7.081579568142615, 4.913637999594073], [7.081686927409805, 4.912348636180639], [7.081823879768308, 4.911179351146188], [7.081876689757451, 4.910531885138425], [7.081953802126293, 4.909889736821924], [7.082029900059865, 4.909402377118056], [7.082105218281242, 4.908523617171227], [7.082059350158943, 4.908235051706299], [7.08191073809013, 4.907810616666666], [7.080299493826601, 4.904424901188293], [7.079867910076018, 4.903622529656047], [7.082936703566077, 4.902253119385989], [7.087647603354242, 4.90172424967443], [7.088903279962437, 4.901851511837833], [7.091265944667668, 4.902281614405013], [7.09308348621397, 4.902295443280138], [7.093269058620194, 4.903187259584399], [7.094094881773401, 4.904121894409968], [7.094212272078721, 4.904183264146354], [7.094473662729399, 4.903407905550466], [7.094804704973228, 4.902554260071099], [7.095101285196222, 4.901681199128063], [7.09527913872131, 4.901257024891834], [7.09538827594821, 4.901150126077482], [7.095576268430079, 4.901099985276176], [7.095907453666086, 4.900965815420079], [7.096253409367421, 4.900836711445152], [7.09643520102378, 4.90071623916316], [7.09651829478355, 4.900484073781001], [7.096597436022876, 4.900314273684842], [7.096685308780025, 4.900211544127501], [7.096822910449021, 4.900198337583276], [7.09818535277185, 4.900427370626687], [7.100844335098031, 4.900832900118303], [7.103759619710729, 4.901289510202787], [7.104301800287885, 4.901402785210394], [7.104557462257105, 4.901370911438448], [7.10501303182599, 4.901118318855367], [7.105754460799801, 4.900718111551669], [7.106509129592723, 4.900329692561286], [7.107285568274392, 4.899903618956898], [7.108090510069019, 4.89947860835116], [7.109130070596336, 4.898927124287411], [7.109972391812505, 4.898440052366595], [7.110560821824492, 4.898131629870875], [7.111630250635585, 4.897539858877451], [7.114032335324055, 4.896273901219615], [7.114592231646213, 4.895978605228493], [7.115390226178022, 4.895595333957544], [7.116477824891774, 4.895436660273674], [7.11730577224364, 4.895202358102381], [7.11820383613815, 4.894827501787802], [7.11936114220299, 4.894373280302716], [7.12029895343403, 4.89408232803703], [7.121225682319448, 4.893737959639168], [7.121730717298817, 4.893558890230622], [7.121834944227317, 4.893246264303684], [7.122167382218947, 4.892753103972609], [7.122831332799819, 4.892045359106078], [7.123795163216244, 4.891035767586629], [7.124527152006522, 4.890321439682737], [7.125311717861564, 4.891114648022665], [7.125607122670601, 4.891334446827329], [7.129206194210553, 4.891970371835214], [7.131677575259914, 4.892417234168079], [7.136046193976711, 4.89319037233787], [7.136576560160165, 4.893305430701105], [7.138134312748377, 4.893427483091898], [7.139367278776945, 4.89359285402702], [7.140490020298273, 4.893688431276132], [7.1415011100882, 4.8937984075705], [7.142828363738033, 4.893962148934065], [7.143663699020522, 4.894009369636763], [7.144824183289472, 4.893792626728384], [7.145879776030881, 4.894176062575298], [7.146338310664532, 4.895850075020974], [7.146099436339966, 4.897577162755908], [7.144369752262321, 4.898680713644069], [7.144011346346588, 4.899053812683348], [7.141855510423511, 4.901298027681889], [7.14163638341239, 4.904555524118166], [7.143767834218238, 4.91319608802911], [7.150316237804191, 4.924333096195483], [7.15962600703466, 4.935448169897199], [7.168517113074358, 4.944752215842129], [7.181011391562492, 4.949128430232918], [7.181393146576511, 4.949262142334078], [7.183692103307976, 4.949898768813171], [7.180783509651292, 4.965391670289421], [7.180541758395464, 4.980518300379288], [7.184429219133222, 5.002044841596216], [7.186910629422073, 5.015284042924293], [7.177594638681683, 5.03688892858122], [7.181446000632491, 5.040439218195388], [7.187140292890263, 5.049426628136416], [7.189186089566419, 5.05351052868798], [7.188352150031733, 5.06602066312314], [7.197668186637543, 5.077932016349507], [7.195717648850462, 5.089346513930536], [7.20073062371938, 5.095845685929703], [7.201903084259982, 5.099483621671823], [7.203652416725674, 5.102829586216501], [7.207714490731234, 5.108918100789765], [7.211087008658581, 5.120032444241929], [7.209437937111147, 5.125947886086124], [7.214493146841278, 5.143614246600237], [7.215010031287989, 5.148115705975101], [7.214303132683483, 5.153016804282117], [7.214597398051524, 5.157867038732888], [7.207993828252597, 5.162790137155127], [7.22102172936934, 5.183672799759961], [7.227855728858856, 5.194829440126625]]]}}, {"type": "Feature", "properties": {"shapeName": "Omumma", "shapeISO": "", "shapeID": "59680162B88302028338466", "shapeGroup": "NGA", "shapeType": "ADM2", "lga_name_standard": "Omuma", "state": "Rivers"}, "geometry": {"type": "Polygon", "coordinates": [[[7.183692103307976, 4.949898768813171], [7.199394225762944, 4.95424699810053], [7.209084034100954, 4.95650100671611], [7.217877864971513, 4.961559772365661], [7.222861062388176, 4.966031987586234], [7.225030990687742, 4.967979411021076], [7.228350162629965, 4.97095823273628], [7.230826272314687, 4.974647791362543], [7.235092163272782, 4.981004238255025], [7.238717897013373, 4.988727792253883], [7.241197109359177, 4.994009017802], [7.241910910260344, 4.996264628110168], [7.245464801659296, 5.007494925650349], [7.248316765006734, 5.017261982154821], [7.249167670251836, 5.021258444321802], [7.251686095736773, 5.033086776633468], [7.251503346302457, 5.042708989228515], [7.251376151588147, 5.04940605164802], [7.252893924814828, 5.06431198091326], [7.253443673187007, 5.068496136087845], [7.255775928216565, 5.077342987388988], [7.256077815338983, 5.07795710473664], [7.256930827695612, 5.079692363711672], [7.265121593886477, 5.095494285732741], [7.271354197838036, 5.103509902659937], [7.277640529087193, 5.114875334129408], [7.278150972589344, 5.11579819682936], [7.27869892141814, 5.116788863914962], [7.278979301253798, 5.119540691349869], [7.279316663932946, 5.122850561604196], [7.28021812366751, 5.131694794079522], [7.280538108746782, 5.132348037332122], [7.281304298754435, 5.133912197589893], [7.281312548235576, 5.133929038294525], [7.287724971630212, 5.147019863176183], [7.28919457267142, 5.152745293560486], [7.289828101885462, 5.155213462231529], [7.29068517288249, 5.158552531674047], [7.2910690314107, 5.160048008009198], [7.291755555874261, 5.165819459400552], [7.29216942837644, 5.169298780814131], [7.292564869273349, 5.172623158032366], [7.290813923423855, 5.182426929359337], [7.286756991741811, 5.191782950722654], [7.2816214608618, 5.201074035638271], [7.281322001908904, 5.201615810621206], [7.27495002732195, 5.209591866371568], [7.271048931063376, 5.211805561977144], [7.264343654236313, 5.215610503621917], [7.260108948169488, 5.21332740823334], [7.256109237651231, 5.213470936434589], [7.252560616279482, 5.20472002031272], [7.251398086952179, 5.201854228989532], [7.242135048293903, 5.195867061715546], [7.231534003691365, 5.19455194531605], [7.227855728858856, 5.194829440126625], [7.22102172936934, 5.183672799759961], [7.207993828252597, 5.162790137155127], [7.214597398051524, 5.157867038732888], [7.214303132683483, 5.153016804282117], [7.215010031287989, 5.148115705975101], [7.214493146841278, 5.143614246600237], [7.209437937111147, 5.125947886086124], [7.211087008658581, 5.120032444241929], [7.207714490731234, 5.108918100789765], [7.203652416725674, 5.102829586216501], [7.201903084259982, 5.099483621671823], [7.20073062371938, 5.095845685929703], [7.195717648850462, 5.089346513930536], [7.197668186637543, 5.077932016349507], [7.188352150031733, 5.06602066312314], [7.189186089566419, 5.05351052868798], [7.187140292890263, 5.049426628136416], [7.181446000632491, 5.040439218195388], [7.177594638681683, 5.03688892858122], [7.186910629422073, 5.015284042924293], [7.184429219133222, 5.002044841596216], [7.180541758395464, 4.980518300379288], [7.180783509651292, 4.965391670289421], [7.183692103307976, 4.949898768813171]]]}}]}